Customer_ID,Customer_Name,Total_Sales,Total_Profit,Total_Orders,Total_Quantity
CUST14336,Arjun Sahu,499560.0,54067.93,1,5.0
CUST17881,Raj Sharma,499225.0,46955.03229999999,1,5.0
CUST10688,Raj Gupta,497935.0,43014.128233333344,1,5.0
CUST14929,Nisha Jain,497385.0,43610.31,1,5.0
CUST15372,Vikas Nayak,494920.0,52045.18,1,5.0
CUST25094,Abhishek Jain,494505.0,47118.74846666664,1,5.0
CUST12323,Nisha Gupta,493675.0,43218.13416666667,1,5.0
CUST21711,Vikas Panda,491150.0,43115.00406666671,1,5.0
CUST17211,Rahul Panda,491055.0,48287.91360000002,1,5.0
CUST27496,Suresh Pradhan,489690.0,46056.546633333324,1,5.0
CUST10746,Pooja Sharma,488715.0,47692.73589999999,1,5.0
CUST14894,Pooja Nayak,487715.0,50089.79,1,5.0
CUST18169,Rahul Sharma,487010.0,47472.421233333305,1,5.0
CUST15107,Rohit Panda,485800.0,53533.52,1,5.0
CUST28686,Priya Gupta,484215.0,41455.39,1,5.0
CUST17388,Anjali Sharma,482945.0,47961.91863333337,1,5.0
CUST25288,Nisha Rao,479990.0,46952.31890000007,1,5.0
CUST22983,Abhishek Mehta,479775.0,46296.365366666665,1,5.0
CUST28427,Rahul Mishra,477155.0,44822.15389999999,1,5.0
CUST18879,Arjun Dutta,476960.0,51586.39,1,5.0
CUST19499,Sanjay Yadav,475450.35,44826.722466666695,1,5.0
CUST16422,Abhishek Behera,474425.25,50753.3,1,5.0
CUST28078,Swati Mishra,473532.25,37340.14,1,5.0
CUST12001,Suresh Sharma,472777.0,27880.45,1,5.0
CUST18949,Nisha Nayak,472220.0,35917.09,1,5.0
CUST10210,Shreya Singh,472036.0,42015.02440000006,1,5.0
CUST21664,Anjali Rao,471556.25,43839.489233333356,1,5.0
CUST24773,Arjun Gupta,471265.0,40584.39299999994,1,5.0
CUST11899,Shreya Das,470682.25,43388.04640000008,1,5.0
CUST16001,Vivek Jain,470620.0,36007.13123333329,1,5.0
CUST26937,Manish Verma,470460.0,42280.51299999998,1,5.0
CUST26199,Deepak Mehta,469870.0,38618.52636666663,1,5.0
CUST28407,Sneha Patel,469409.25,45437.854866666756,1,5.0
CUST12693,Neha Yadav,469005.5,42870.65083333341,1,5.0
CUST21696,Rahul Sahu,468335.75,44070.025433333314,1,5.0
CUST23175,Unknown,468193.25,44397.07,1,5.0
CUST25601,Vikas Mehta,467990.0,35252.253000000004,1,5.0
CUST11911,Abhishek Kumar,467895.0,24237.27,1,5.0
CUST12978,Neha Panda,466955.0,37141.319466666595,1,5.0
CUST17000,Abhishek Dutta,466554.5,44142.89,1,5.0
CUST27883,Raj Sahu,466260.0,30057.72,1,5.0
CUST26739,Vivek Kumar,466200.0,36881.650666666595,1,5.0
CUST23420,Swati Dutta,465846.75,43432.22816666679,1,5.0
CUST18116,Amit Rao,465695.0,44324.94446666672,1,5.0
CUST10957,Ankit Kumar,465510.0,40780.945533333346,1,5.0
CUST16222,Vivek Verma,465248.25,45105.55,1,5.0
CUST17534,Shreya Jain,465245.0,30394.26,1,5.0
CUST10034,Vikas Sharma,464925.25,47505.47,1,5.0
CUST11753,Vivek Pradhan,464873.0,47186.46946666669,1,5.0
CUST28520,Vivek Panda,464535.75,46020.2641666667,1,5.0
CUST12400,Akash Pradhan,463695.0,45276.48,1,5.0
CUST11943,Raj Panda,463172.5,47066.05066666662,1,5.0
CUST17775,Kavita Nayak,462665.0,56774.58,1,5.0
CUST26024,Riya Kumar,462602.5,54618.84,1,5.0
CUST24294,Suresh Sahu,462316.55,45024.11579999998,1,5.0
CUST27320,Sanjay Mehta,461525.0,48719.525499999945,1,5.0
CUST25020,Anjali Reddy,460755.0,54252.35,1,5.0
CUST20888,Nisha Mehta,459430.0,45731.871366666695,1,5.0
CUST14375,Nisha Jain,459245.0,48750.05953333325,1,5.0
CUST15100,Arjun Sahu,459111.25,33983.13,1,5.0
CUST27134,Raj Rao,458826.25,45216.7655333334,1,5.0
CUST14272,Karan Sahu,458731.25,47261.86623333341,1,5.0
CUST16376,Priya Yadav,458113.75,45558.98676666674,1,5.0
CUST16466,Nisha Dutta,455791.0,43496.92229999999,1,5.0
CUST27629,Priya Jain,455525.0,39240.03313333333,1,5.0
CUST27358,Amit Behera,455515.0,37760.87699999997,1,5.0
CUST26717,Deepak Dutta,455420.0,42452.4884333333,1,5.0
CUST25945,Raj Mohanty,455225.75,44210.96853333333,1,5.0
CUST20883,Neha Patel,454636.75,44072.18433333333,1,5.0
CUST14212,Suresh Dutta,454475.0,45238.62360000005,1,5.0
CUST18941,Sneha Das,454399.25,39020.49,1,5.0
CUST25318,Anjali Patel,454207.35,42793.08589999994,1,5.0
CUST15737,Swati Rao,453475.0,55721.58,1,5.0
CUST26129,Pooja Panda,453183.25,42906.88706666657,1,5.0
CUST18220,Vikas Singh,452779.5,43120.15466666664,1,5.0
CUST18300,Karan Panda,452746.25,49446.8,1,5.0
CUST24589,Neha Yadav,452690.0,38332.367266666675,1,5.0
CUST11289,Priya Das,452680.0,35829.95946666664,1,5.0
CUST20009,Rahul Sahu,452645.0,57450.37,1,5.0
CUST22802,Neha Das,452020.0,24906.17,1,5.0
CUST10918,Ankit Das,451986.25,53414.2,1,5.0
CUST28695,Suresh Patel,451715.0,38220.59,1,5.0
CUST19380,Abhishek Dutta,451690.0,39206.59043333331,1,5.0
CUST12580,Rohit Mishra,450900.0,34519.11349999998,1,5.0
CUST21016,Sneha Patel,450900.0,45429.780900000034,1,5.0
CUST16646,Raj Mohanty,450623.0,45000.98466666659,1,5.0
CUST12701,Akash Dutta,450608.75,58295.93,1,5.0
CUST19767,Amit Gupta,450305.0,33880.48546666667,1,5.0
CUST22250,Raj Dutta,449645.0,32771.23,1,5.0
CUST26562,Sneha Patel,449455.5,40176.43753333332,1,5.0
CUST10860,Amit Verma,449424.0,28464.93,1,5.0
CUST11338,Rahul Panda,448889.25,37080.891466666624,1,5.0
CUST13575,Arjun Sahu,448732.5,25798.19,1,5.0
CUST17292,Swati Mohanty,448181.5,44327.74759999995,1,5.0
CUST26074,Rohit Mehta,448025.0,47571.52533333332,1,5.0
CUST20361,Rohit Reddy,447830.0,40336.501666666634,1,5.0
CUST23971,Riya Sharma,447716.0,40303.65343333326,1,5.0
CUST10375,Rohit Gupta,447685.0,47090.90536666667,1,5.0
CUST26888,Nisha Gupta,447475.5,43261.37,1,5.0
CUST26788,Rahul Gupta,447066.0,44157.02046666664,1,5.0
CUST20991,Shreya Behera,446872.5,56555.13,1,5.0
CUST20752,Arjun Mehta,446253.0,40408.1,1,5.0
CUST22085,Riya Das,445905.0,44747.880366666664,1,5.0
CUST20311,Arjun Verma,445801.75,25723.78,1,5.0
CUST10384,Rohit Pradhan,445673.5,49018.92,1,5.0
CUST15267,Akash Mishra,445059.0,42467.85693333334,1,5.0
CUST27099,Arjun Das,444875.5,44596.87189999994,1,5.0
CUST23646,Shreya Kumar,444874.5,41485.372866666694,1,5.0
CUST16083,Vivek Mehta,444452.75,54576.67,1,5.0
CUST12352,Raj Singh,444360.0,48965.87539999999,1,5.0
CUST12875,Rohit Sahu,444235.5,41324.54863333335,1,5.0
CUST14411,Vikas Singh,443958.75,39878.91296666662,1,5.0
CUST20766,Deepak Verma,443830.5,41333.850766666685,1,5.0
CUST21123,Abhishek Singh,443146.5,40257.17206666663,1,5.0
CUST18551,Nisha Kumar,442860.0,39850.21639999999,1,5.0
CUST10086,Neha Yadav,441975.0,54132.56,1,5.0
CUST24007,Ankit Sahu,441791.35,55737.66,1,5.0
CUST13119,Rahul Mehta,441730.0,47688.2377666666,1,5.0
CUST17460,Ankit Yadav,441450.75,40425.53373333329,1,5.0
CUST11407,Ankit Mohanty,441018.0,47035.19123333339,1,5.0
CUST10014,Rahul Pradhan,441018.0,45814.04,1,5.0
CUST19244,Karan Sahu,440820.0,37923.62613333336,1,5.0
CUST15141,Vikas Mehta,440377.25,46924.71,1,5.0
CUST26361,Riya Jain,440348.75,29291.89,1,5.0
CUST23413,Deepak Kumar,440196.75,39525.85,1,5.0
CUST11676,Sanjay Reddy,440122.5,44146.59703333329,1,5.0
CUST28365,Manish Das,439854.75,49117.412066666686,1,5.0
CUST21646,Priya Nayak,439800.0,50820.03446666671,1,5.0
CUST25755,Swati Patel,439717.0,45688.81779999998,1,5.0
CUST28837,Karan Verma,439510.0,31239.74,1,5.0
CUST19984,Raj Pradhan,439493.75,54540.32,1,5.0
CUST12227,Rahul Jain,438995.0,43084.22033333329,1,5.0
CUST14789,Vikas Sharma,438961.75,40562.43433333336,1,5.0
CUST15317,Sneha Behera,438695.0,58245.96,1,5.0
CUST11297,Vikas Gupta,438540.0,57363.66,1,5.0
CUST19320,Sneha Mehta,438390.0,52937.12,1,5.0
CUST14162,Sanjay Kumar,438190.0,42227.38666666665,1,5.0
CUST27393,Swati Jain,436840.0,46855.905733333304,1,5.0
CUST15132,Swati Gupta,435708.0,49582.41589999987,1,5.0
CUST20151,Raj Mohanty,435641.5,45244.3558333333,1,5.0
CUST19933,Vikas Sharma,435330.0,56321.68,1,5.0
CUST13595,Rahul Yadav,435310.0,43297.40550000006,1,5.0
CUST16714,Rohit Das,435295.0,51238.01,1,5.0
CUST14833,Rahul Mishra,434965.0,44806.73,1,5.0
CUST20362,Ankit Kumar,434924.25,55934.33,1,5.0
CUST21273,Nisha Mehta,434840.0,47650.34,1,5.0
CUST27060,Deepak Gupta,434677.5,39358.92,1,5.0
CUST21263,Abhishek Kumar,434660.0,45593.99623333332,1,5.0
CUST19460,Raj Mehta,434484.0,44623.84540000002,1,5.0
CUST27588,Vikas Dutta,434155.0,42924.26,1,5.0
CUST15272,Kavita Behera,433381.5,33292.05,1,5.0
CUST20959,Arjun Verma,433330.0,50766.1027000001,1,5.0
CUST27276,Akash Jain,432940.0,43901.72129999986,1,5.0
CUST17978,Riya Mishra,432753.5,34612.14,1,5.0
CUST13517,Amit Mohanty,432630.0,46932.69,1,5.0
CUST27815,Nisha Sahu,432463.5,52907.97,1,5.0
CUST11243,Rahul Pradhan,432274.5,58319.12,1,5.0
CUST26368,Riya Patel,432260.0,44584.059733333284,1,5.0
CUST22023,Shreya Nayak,431605.0,47367.31009999999,1,5.0
CUST20466,Arjun Das,431171.75,32122.240599999932,1,5.0
CUST16588,Raj Rao,431064.0,48782.51593333334,1,5.0
CUST27731,Raj Patel,430834.5,21730.06,1,5.0
CUST26201,Ankit Singh,430141.0,36815.51,1,5.0
CUST21192,Rahul Reddy,429940.0,40753.363900000004,1,5.0
CUST19787,Rahul Reddy,429939.0,46102.22,1,5.0
CUST24669,Swati Kumar,429511.5,42017.49063333339,1,5.0
CUST21312,Rohit Nayak,429414.25,37030.14,1,5.0
CUST10042,Akash Singh,428830.0,42141.103166666624,1,5.0
CUST11049,Shreya Jain,428809.5,45628.82020000002,1,5.0
CUST13017,Deepak Nayak,428445.0,38972.21776666663,1,5.0
CUST15480,Abhishek Reddy,428347.14999999997,42673.71533333335,1,5.0
CUST21538,Kavita Singh,428310.0,34511.44,1,5.0
CUST25891,Manish Kumar,428260.5,42279.29799999999,1,5.0
CUST27781,Ankit Das,428030.0,41593.98596666668,1,5.0
CUST27214,Amit Sahu,427990.5,47727.45379999996,1,5.0
CUST23160,Pooja Gupta,427832.5,43793.10800000007,1,5.0
CUST21202,Riya Kumar,427830.0,27140.89,1,5.0
CUST14530,Amit Dutta,427694.75,31269.12,1,5.0
CUST13677,Abhishek Mohanty,427630.5,48386.55,1,5.0
CUST26529,Nisha Mohanty,427518.0,47270.13146666664,1,5.0
CUST25989,Pooja Patel,426980.0,27396.96,1,5.0
CUST10140,Ankit Reddy,426890.0,32577.49,1,5.0
CUST25995,Vivek Panda,426501.0,57926.31,1,5.0
CUST21591,Amit Behera,426375.0,38318.03513333329,1,5.0
CUST25675,Akash Dutta,426127.5,22263.51,1,5.0
CUST26310,Manish Reddy,426051.25,46764.65,1,5.0
CUST13128,Nisha Behera,425633.25,45580.7,1,5.0
CUST21224,Kavita Mehta,424849.5,39866.2141666666,1,5.0
CUST20877,Pooja Patel,424615.0,41937.3442333333,1,5.0
CUST15727,Sneha Pradhan,424341.25,40047.38286666668,1,5.0
CUST14995,Rahul Behera,424331.75,37898.064866666704,1,5.0
CUST27673,Sanjay Patel,424295.0,42456.390633333285,1,5.0
CUST18054,Akash Sharma,424260.5,43330.230199999976,1,5.0
CUST13537,Manish Gupta,424099.0,39962.80360000003,1,5.0
CUST23182,Riya Mohanty,423880.0,48372.77,1,5.0
CUST26126,Suresh Singh,423871.0,44158.54843333333,1,5.0
CUST16289,Sanjay Mohanty,423780.75,32151.11,1,5.0
CUST23823,Sneha Dutta,423760.5,36247.11336666664,1,5.0
CUST27373,Deepak Mehta,423049.25,50494.83,1,5.0
CUST22030,Karan Jain,422875.0,33922.41,1,5.0
CUST11684,Raj Panda,422862.25,44953.23,1,5.0
CUST13466,Shreya Kumar,422815.0,41877.15876666667,1,5.0
CUST23410,Pooja Das,422735.75,50252.16,1,5.0
CUST20739,Riya Mohanty,422649.75,30416.25,1,5.0
CUST26609,Vivek Patel,422635.5,23372.23,1,5.0
CUST28225,Amit Singh,422600.0,38791.488066666665,1,5.0
CUST20955,Sneha Behera,422437.25,39349.29570000005,1,5.0
CUST15654,Swati Dutta,422313.0,44528.79266666661,1,5.0
CUST10709,Akash Mehta,422068.5,41303.003999999964,1,5.0
CUST11365,Shreya Yadav,422055.0,53132.11,1,5.0
CUST19417,Akash Kumar,421978.25,26032.49,1,5.0
CUST24397,Suresh Patel,421875.0,58787.37,1,5.0
CUST26622,Ankit Mehta,421069.5,48790.7,1,5.0
CUST21617,Karan Reddy,420775.0,42075.03,1,5.0
CUST26986,Shreya Das,420702.75,50488.14123333332,1,5.0
CUST19523,Nisha Nayak,420400.0,37407.49023333338,1,5.0
CUST12975,Karan Gupta,420390.0,37921.86,1,5.0
CUST19276,Kavita Pradhan,420185.0,33962.13,1,5.0
CUST16362,Rahul Gupta,419890.5,55505.5,1,5.0
CUST26618,Rohit Mishra,419793.75,39338.24533333332,1,5.0
CUST14703,Riya Pradhan,419100.0,43073.62709999995,1,5.0
CUST20056,Amit Dutta,419055.0,37020.385166666696,1,5.0
CUST27758,Vivek Singh,418880.0,40623.15,1,5.0
CUST12307,Deepak Rao,418748.25,41690.65513333339,1,5.0
CUST14339,Priya Mishra,418310.0,48745.20736666665,1,5.0
CUST19962,Neha Behera,418306.5,42065.47099999994,1,5.0
CUST28055,Kavita Yadav,417804.75,57663.78,1,5.0
CUST28559,Riya Verma,417282.0,41702.88066666662,1,5.0
CUST22604,Riya Rao,416902.75,54632.86,1,5.0
CUST10407,Karan Das,416304.5,44738.31,1,5.0
CUST24729,Arjun Sahu,416034.0,36647.86,1,5.0
CUST11252,Suresh Jain,415582.0,41734.832733333285,1,5.0
CUST11437,Manish Patel,415579.5,40535.82316666669,1,5.0
CUST12348,Manish Gupta,414964.75,40760.91,1,5.0
CUST12676,Vikas Dutta,414790.0,55021.12,1,5.0
CUST14695,Anjali Kumar,414706.5,43184.1385333334,1,5.0
CUST18931,Riya Pradhan,414385.0,40932.2580666666,1,5.0
CUST14756,Manish Rao,414052.0,33412.11,1,5.0
CUST22790,Nisha Rao,413975.0,24563.37,1,5.0
CUST23390,Rahul Rao,413712.0,38121.1368666667,1,5.0
CUST21459,Deepak Behera,412817.75,42302.63246666669,1,5.0
CUST27038,Rahul Behera,411930.0,37797.76160000001,1,5.0
CUST27254,Anjali Kumar,411825.0,44307.39,1,5.0
CUST19923,Sanjay Sharma,411808.5,40336.98,1,5.0
CUST14640,Nisha Panda,411725.0,51471.8,1,5.0
CUST21729,Akash Dutta,410571.25,40090.4283333333,1,5.0
CUST13458,Raj Verma,410469.25,38999.51673333331,1,5.0
CUST24629,Manish Mohanty,410438.0,37670.37,1,5.0
CUST18463,Rohit Panda,410245.0,42466.063733333256,1,5.0
CUST12121,Vikas Sharma,409890.0,37389.251566666666,1,5.0
CUST13349,Swati Yadav,409559.75,47014.56,1,5.0
CUST26188,Riya Panda,409415.0,41626.72176666663,1,5.0
CUST22163,Abhishek Mohanty,409402.5,45017.586666666604,1,5.0
CUST24995,Amit Kumar,409280.0,46418.57390000001,1,5.0
CUST10649,Nisha Panda,409175.0,42411.02,1,5.0
CUST13623,Ankit Mishra,408865.0,22899.53,1,5.0
CUST19957,Rahul Dutta,408568.5,23622.77,1,5.0
CUST15357,Unknown,408555.0,43068.09699999992,1,5.0
CUST17334,Kavita Sharma,408118.5,33150.590400000045,1,5.0
CUST20186,Nisha Panda,407991.5,41556.84,1,5.0
CUST10291,Priya Verma,407750.0,53232.94,1,5.0
CUST26309,Anjali Verma,407677.0,28883.11,1,5.0
CUST20153,Akash Reddy,407664.0,36738.116733333256,1,5.0
CUST13447,Riya Rao,407649.75,38738.3638,1,5.0
CUST26444,Sneha Mohanty,407269.0,50874.41,1,5.0
CUST21114,Riya Verma,407256.25,54085.64,1,5.0
CUST16961,Manish Yadav,407065.0,42796.119699999996,1,5.0
CUST24044,Sanjay Patel,406780.0,34728.32506666665,1,5.0
CUST17727,Riya Behera,406652.75,48571.86,1,5.0
CUST21964,Priya Mohanty,405943.0,37391.02056666673,1,5.0
CUST26281,Riya Behera,405747.0,38104.16,1,5.0
CUST18696,Rahul Das,405679.5,35605.00530000005,1,5.0
CUST22074,Ankit Verma,405471.25,43951.232933333304,1,5.0
CUST26078,Raj Mehta,405345.0,37257.611366666635,1,5.0
CUST24489,Deepak Sahu,405169.5,44844.1765,1,5.0
CUST22577,Neha Sharma,404613.0,31628.947499999937,1,5.0
CUST27639,Pooja Reddy,404581.5,41957.15099999996,1,5.0
CUST16035,Deepak Mishra,404328.0,44355.225366666644,1,5.0
CUST11153,Shreya Panda,404177.5,44328.61,1,5.0
CUST11673,Karan Sahu,403883.0,40679.96823333335,1,5.0
CUST21086,Sneha Mehta,403805.25,42054.00869999996,1,5.0
CUST22528,Arjun Jain,402835.0,41593.6069999999,1,5.0
CUST26610,Deepak Dutta,402035.25,50115.92,1,5.0
CUST11142,Sanjay Mehta,401926.75,36065.12733333334,1,5.0
CUST28812,Arjun Behera,401440.5,35090.68176666666,1,5.0
CUST11080,Akash Panda,401306.25,47015.96,1,5.0
CUST20119,Abhishek Das,401283.0,41447.58476666664,1,5.0
CUST23210,Riya Panda,401210.0,45229.990399999966,1,5.0
CUST15293,Priya Sahu,401080.5,35547.24,1,5.0
CUST20773,Rohit Dutta,401050.0,43087.8952,1,5.0
CUST25867,Nisha Mehta,400942.75,42716.177699999964,1,5.0
CUST18866,Sanjay Pradhan,400881.0,24335.42,1,5.0
CUST27503,Vikas Sharma,400834.5,25529.6,1,5.0
CUST14951,Vivek Mohanty,400824.0,35428.37796666667,1,5.0
CUST23172,Shreya Nayak,400371.25,35867.268000000004,1,5.0
CUST20928,Kavita Behera,400270.5,33164.63729999995,1,5.0
CUST22646,Kavita Behera,400235.25,40138.78479999997,1,5.0
CUST16952,Rahul Dutta,399992.0,37266.9,1,5.0
CUST21204,Manish Das,399926.25,39352.25049999999,1,5.0
CUST10460,Amit Dutta,399460.75,42936.26306666663,1,5.0
CUST21866,Manish Sahu,399381.0,37645.82849999999,1,5.0
CUST19807,Riya Panda,399379.5,25003.88,1,5.0
CUST16320,Amit Singh,399370.5,56984.15,1,5.0
CUST10652,Raj Mehta,399272.0,43255.67000000002,1,5.0
CUST25492,Rahul Jain,399216.0,53043.91,1,5.0
CUST23567,Sanjay Verma,399196.0,32136.22,1,4.0
CUST10482,Arjun Das,399175.0,53385.28,1,5.0
CUST23963,Manish Dutta,399132.0,28067.58,1,4.0
CUST22464,Akash Jain,399123.5,36843.61,1,5.0
CUST12981,Anjali Yadav,399062.25,39200.8936,1,5.0
CUST17484,Kavita Jain,398944.0,43837.790266666656,1,5.0
CUST15152,Sneha Patel,398800.0,36686.34856666669,1,4.0
CUST22627,Abhishek Sharma,398668.0,36197.42403333327,1,4.0
CUST22095,Kavita Sharma,398500.0,39914.37716666662,1,5.0
CUST29000,Neha Sahu,398151.0,28292.95,1,5.0
CUST11718,Sanjay Kumar,397948.0,45386.11,1,5.0
CUST27769,Unknown,397772.0,38280.300433333265,1,4.0
CUST12900,Nisha Verma,397770.0,42872.65876666665,1,5.0
CUST21552,Shreya Patel,397616.0,49161.76,1,5.0
CUST18067,Suresh Mohanty,397580.0,45853.06,1,4.0
CUST16372,Swati Sahu,397518.0,45554.33,1,5.0
CUST21504,Rohit Sharma,397412.0,42844.37503333324,1,4.0
CUST17414,Sanjay Sharma,397375.5,51169.2,1,5.0
CUST18341,Suresh Reddy,397300.0,40315.1083,1,5.0
CUST15325,Karan Das,397256.0,38561.71006666657,1,4.0
CUST10502,Pooja Mohanty,397145.0,49411.37,1,5.0
CUST10038,Vikas Dutta,397035.0,33941.69,1,5.0
CUST18115,Neha Sahu,396764.0,50113.89,1,5.0
CUST27443,Riya Yadav,396612.0,40672.05443333329,1,4.0
CUST14296,Rohit Singh,396423.0,36140.32399999998,1,5.0
CUST28715,Vikas Sahu,396296.0,41942.16266666667,1,5.0
CUST28765,Karan Singh,396248.0,34297.01,1,4.0
CUST10621,Rahul Mohanty,396121.25,43148.7166666666,1,5.0
CUST13142,Priya Mohanty,396088.25,36960.92216666667,1,5.0
CUST19425,Riya Mishra,395851.5,34204.084699999985,1,5.0
CUST18829,Riya Panda,395836.0,24597.64,1,5.0
CUST22744,Anjali Behera,395680.0,55772.22,1,5.0
CUST14831,Shreya Dutta,395428.0,24088.35,1,5.0
CUST20941,Akash Behera,395261.75,39684.78579999999,1,5.0
CUST27827,Riya Mohanty,394969.5,25219.93,1,5.0
CUST15525,Priya Sahu,394893.0,32425.18216666667,1,5.0
CUST18620,Vikas Sahu,394812.0,40703.83679999998,1,4.0
CUST14930,Neha Verma,394688.0,39881.94553333336,1,5.0
CUST22863,Deepak Behera,394672.0,38959.22376666661,1,4.0
CUST28103,Manish Sahu,394442.5,51614.77,1,5.0
CUST17823,Abhishek Rao,394169.25,35028.87766666663,1,5.0
CUST20934,Riya Patel,393760.0,48129.17653333329,1,5.0
CUST23928,Nisha Patel,393600.0,51468.42,1,4.0
CUST24420,Suresh Das,393525.0,39878.66,1,5.0
CUST23341,Vivek Kumar,393499.5,36568.44036666664,1,5.0
CUST17542,Raj Patel,393308.0,41071.99359999994,1,4.0
CUST24263,Shreya Singh,393187.5,43191.61520000003,1,5.0
CUST27189,Priya Mishra,393105.0,49954.0,1,5.0
CUST15910,Manish Singh,392724.0,50972.98,1,5.0
CUST24996,Manish Rao,392652.0,46988.13,1,5.0
CUST21610,Ankit Yadav,392606.5,37378.58823333332,1,5.0
CUST11663,Nisha Mehta,392148.0,29266.43,1,5.0
CUST15574,Manish Dutta,392122.0,36372.95356666662,1,5.0
CUST18942,Suresh Sharma,391732.5,36602.215066666606,1,5.0
CUST13282,Pooja Rao,391416.5,36417.807400000005,1,5.0
CUST19553,Deepak Jain,391104.0,45704.41,1,5.0
CUST13256,Sneha Mehta,390888.0,39498.61,1,5.0
CUST12699,Shreya Mehta,390876.0,40835.32663333328,1,5.0
CUST26242,Sanjay Yadav,390535.0,49209.59,1,5.0
CUST26917,Karan Yadav,390495.0,47876.86956666654,1,5.0
CUST15750,Vivek Verma,390488.0,31980.77,1,5.0
CUST11619,Akash Mishra,390392.0,41180.9987333333,1,4.0
CUST14936,Neha Verma,390312.0,41226.0352333333,1,4.0
CUST23352,Kavita Kumar,390111.75,38252.59,1,5.0
CUST16710,Karan Panda,390051.0,31624.2,1,5.0
CUST13152,Nisha Pradhan,390025.0,38329.65,1,5.0
CUST11625,Abhishek Mehta,389920.5,39051.774633333334,1,5.0
CUST16509,Ankit Singh,389873.75,40148.99449999992,1,5.0
CUST14118,Priya Mohanty,389870.5,36600.87,1,5.0
CUST16634,Manish Dutta,389295.0,26128.78,1,5.0
CUST11640,Shreya Panda,389104.5,45499.16,1,5.0
CUST28464,Nisha Patel,389065.0,58955.62,1,5.0
CUST15535,Deepak Kumar,389048.75,56545.23,1,5.0
CUST21763,Nisha Panda,388836.75,32078.54,1,5.0
CUST26983,Priya Verma,388830.0,52725.85,1,5.0
CUST19831,Shreya Reddy,388580.0,40387.91,1,5.0
CUST10019,Priya Dutta,388404.0,45557.84429999992,1,4.0
CUST19841,Anjali Patel,388356.5,47423.3,1,5.0
CUST23905,Vikas Rao,388291.5,42296.401566666675,1,5.0
CUST22304,Ankit Mehta,388228.5,54287.18,1,5.0
CUST28758,Manish Dutta,388039.5,36016.61,1,5.0
CUST17299,Nisha Sahu,387965.5,22340.52,1,5.0
CUST14223,Neha Behera,387885.0,27017.0,1,5.0
CUST18617,Deepak Mishra,387880.0,55004.41,1,5.0
CUST20757,Deepak Singh,387712.88,51815.77,1,4.0
CUST20001,Karan Dutta,387604.0,45470.35,1,4.0
CUST10338,Karan Panda,387484.0,42246.19929999996,1,4.0
CUST17890,Anjali Verma,387362.0,32210.4886999999,1,5.0
CUST27989,Ankit Pradhan,387196.25,21763.36,1,5.0
CUST18175,Ankit Sahu,387175.0,45821.923299999944,1,5.0
CUST16824,Rohit Verma,387035.0,46127.165599999935,1,5.0
CUST28782,Amit Yadav,386972.0,47751.61,1,4.0
CUST28064,Neha Mehta,386935.0,40265.02646666668,1,5.0
CUST19159,Akash Dutta,386930.25,53303.46,1,5.0
CUST14977,Anjali Mishra,386920.75,39008.50346666666,1,5.0
CUST28120,Amit Reddy,386896.0,58017.82,1,5.0
CUST17324,Karan Rao,386766.0,38155.88,1,5.0
CUST22525,Rahul Kumar,386436.0,47399.02,1,4.0
CUST23489,Vikas Pradhan,386152.0,58049.47,1,4.0
CUST13749,Unknown,386044.5,22020.09,1,5.0
CUST12993,Arjun Sharma,386028.0,41619.32390000002,1,5.0
CUST27717,Anjali Nayak,386005.0,45793.55180000004,1,5.0
CUST16169,Kavita Mohanty,385820.0,44724.05999999986,1,5.0
CUST14584,Shreya Patel,385695.0,48741.32,1,5.0
CUST26345,Sneha Yadav,385572.0,46734.92,1,4.0
CUST18053,Kavita Yadav,385560.0,32304.52,1,4.0
CUST21574,Sneha Dutta,385505.25,40925.175566666716,1,5.0
CUST22232,Akash Singh,385405.5,37312.64959999999,1,5.0
CUST24279,Deepak Mishra,385285.0,49769.83436666657,1,5.0
CUST14242,Neha Das,385088.0,44879.774366666716,1,5.0
CUST19106,Anjali Jain,385040.0,50189.71,1,5.0
CUST18871,Amit Mishra,384833.25,40551.04,1,5.0
CUST19572,Anjali Mishra,384783.25,20210.6,1,5.0
CUST22959,Vivek Das,384760.0,27389.29,1,5.0
CUST12161,Manish Pradhan,384598.0,38692.99,1,5.0
CUST13356,Shreya Reddy,384484.75,24379.37,1,5.0
CUST12334,Neha Panda,384417.0,42796.851399999956,1,5.0
CUST23315,Sanjay Gupta,384256.0,51512.46,1,4.0
CUST27782,Karan Mehta,384255.0,43427.07889999997,1,5.0
CUST10825,Rohit Dutta,383976.0,54289.51,1,4.0
CUST15986,Swati Das,383648.0,41548.69829999998,1,5.0
CUST18648,Neha Das,383520.0,55243.62,1,5.0
CUST16199,Rahul Rao,383462.75,37658.11596666667,1,5.0
CUST10850,Vivek Singh,383439.0,44905.09,1,5.0
CUST26755,Sneha Jain,383396.0,52506.68,1,4.0
CUST28537,Riya Gupta,383384.0,42051.1221666666,1,5.0
CUST18179,Nisha Patel,383280.0,45706.30433333328,1,5.0
CUST13753,Akash Mohanty,383184.92,43927.89,1,4.0
CUST13948,Sneha Verma,382940.0,57766.78,1,5.0
CUST23124,Nisha Das,382495.0,46791.88,1,5.0
CUST27164,Arjun Mohanty,382446.0,33896.7,1,5.0
CUST10196,Manish Mehta,382347.0,44117.61,1,5.0
CUST27212,Arjun Sharma,382332.0,20605.37,1,5.0
CUST26864,Priya Dutta,382304.0,37134.925266666614,1,5.0
CUST19815,Sneha Das,382200.0,37841.15,1,4.0
CUST12268,Rohit Mohanty,382176.12,39848.57873333328,1,4.0
CUST15526,Sanjay Sharma,381846.32,37954.99296666662,1,4.0
CUST17906,Riya Yadav,381691.0,42624.60986666667,1,5.0
CUST22888,Amit Sharma,381591.25,35538.41106666666,1,5.0
CUST26365,Nisha Das,381552.25,54720.39,1,5.0
CUST25013,Manish Sahu,381548.5,42143.73,1,5.0
CUST10899,Sanjay Behera,381536.0,38995.17,1,5.0
CUST16446,Shreya Kumar,381320.5,22156.83,1,5.0
CUST28768,Suresh Reddy,380619.0,38485.970299999986,1,5.0
CUST24554,Vivek Das,380263.5,38502.5669,1,5.0
CUST28421,Nisha Nayak,380245.0,48625.79,1,5.0
CUST28230,Suresh Mohanty,380232.75,38337.299233333346,1,5.0
CUST20292,Vivek Panda,380152.0,40287.92543333327,1,5.0
CUST23540,Raj Mehta,379800.0,19906.07,1,4.0
CUST27392,Arjun Gupta,379750.5,35370.6,1,5.0
CUST10915,Abhishek Nayak,379734.0,27135.88,1,4.0
CUST12729,Kavita Behera,379634.25,38834.34766666671,1,5.0
CUST15663,Akash Sharma,379571.75,43614.62,1,5.0
CUST15624,Kavita Kumar,379392.0,41474.1850333334,1,4.0
CUST28385,Amit Das,379276.0,42116.77293333337,1,5.0
CUST20769,Anjali Jain,379272.0,42676.68,1,5.0
CUST19776,Karan Mishra,379124.0,36676.39,1,4.0
CUST17343,Vikas Behera,379124.0,42200.49,1,5.0
CUST22357,Rohit Das,378948.0,35772.47,1,4.0
CUST18674,Deepak Sahu,378920.8,34418.59,1,5.0
CUST10248,Rohit Gupta,378760.25,36926.435233333345,1,5.0
CUST20502,Karan Mehta,378723.19999999995,33972.11553333337,1,4.0
CUST25007,Priya Behera,378252.0,33433.80376666664,1,5.0
CUST24821,Akash Jain,378216.0,36129.73663333335,1,4.0
CUST22547,Priya Nayak,378012.0,49817.26,1,5.0
CUST16142,Kavita Panda,377891.0,51570.36,1,4.0
CUST20126,Arjun Jain,377837.75,32257.73,1,5.0
CUST12291,Akash Pradhan,377604.0,53612.89,1,5.0
CUST25841,Rohit Dutta,377600.0,34967.80226666665,1,5.0
CUST20642,Unknown,377553.0,43722.69,1,5.0
CUST26737,Rohit Sahu,377260.0,42914.751700000044,1,4.0
CUST21131,Karan Dutta,377208.0,26975.33,1,5.0
CUST22799,Akash Mohanty,377047.39999999997,50289.11,1,4.0
CUST18724,Arjun Sharma,376974.0,42235.16,1,5.0
CUST18103,Nisha Jain,376821.0,31796.57046666664,1,5.0
CUST27035,Shreya Patel,376677.5,33923.34573333337,1,5.0
CUST20429,Abhishek Das,376345.0,39227.79780000001,1,5.0
CUST15114,Karan Singh,376296.0,56669.74,1,4.0
CUST12957,Abhishek Jain,375637.5,27440.35656666666,1,5.0
CUST16516,Anjali Sharma,375399.0,40086.218833333354,1,5.0
CUST23868,Akash Dutta,375273.0,31284.49,1,5.0
CUST13490,Riya Mishra,375244.0,37026.00906666662,1,5.0
CUST25894,Raj Kumar,375160.0,40234.19943333326,1,5.0
CUST11493,Rahul Gupta,375125.0,45306.58666666661,1,5.0
CUST14383,Akash Behera,374926.5,22125.35,1,5.0
CUST28031,Nisha Nayak,374872.0,37578.043233333294,1,5.0
CUST17827,Arjun Pradhan,374620.0,37045.02556666666,1,5.0
CUST11685,Anjali Pradhan,374418.75,55880.89,1,5.0
CUST15926,Ankit Sahu,374276.25,42226.2829666667,1,5.0
CUST12742,Nisha Mohanty,374243.0,33278.0,1,5.0
CUST12877,Priya Verma,374184.0,51915.19,1,5.0
CUST20250,Sanjay Sahu,374080.5,24767.28,1,5.0
CUST18205,Rahul Reddy,374030.0,42479.198599999916,1,5.0
CUST21237,Sneha Mishra,373961.25,29004.03,1,5.0
CUST17192,Manish Kumar,373855.0,42613.29,1,5.0
CUST11045,Vikas Dutta,373572.0,33730.67,1,5.0
CUST22153,Vikas Pradhan,373432.5,40636.06,1,5.0
CUST24770,Vikas Rao,373409.25,45034.81,1,5.0
CUST11882,Ankit Mehta,373400.75,39298.31279999994,1,5.0
CUST20735,Kavita Yadav,373324.0,43550.293599999946,1,5.0
CUST26092,Priya Yadav,373228.83999999997,44754.01733333336,1,4.0
CUST11379,Suresh Kumar,373155.25,33955.63,1,5.0
CUST19313,Sanjay Mehta,373114.39999999997,38195.5927333333,1,4.0
CUST17128,Suresh Pradhan,373064.0,36855.659133333305,1,5.0
CUST21446,Kavita Sahu,373000.39999999997,24814.89,1,4.0
CUST19243,Suresh Mehta,372997.0,27677.02,1,5.0
CUST15412,Manish Sharma,372900.0,38985.54169999987,1,5.0
CUST26026,Pooja Dutta,372886.5,26000.15,1,5.0
CUST13636,Amit Sahu,372772.0,42268.68939999993,1,5.0
CUST22300,Nisha Das,372757.2,37685.087533333346,1,4.0
CUST18486,Rahul Dutta,372689.75,20593.51,1,5.0
CUST19859,Ankit Mehta,372680.25,23573.37,1,5.0
CUST11326,Rohit Yadav,372644.0,50410.53,1,5.0
CUST14673,Raj Mishra,372460.0,20879.61,1,5.0
CUST15554,Amit Das,371970.0,41904.59609999996,1,5.0
CUST11222,Raj Reddy,371921.25,49448.0,1,5.0
CUST22077,Rahul Nayak,371733.75,42914.921299999936,1,5.0
CUST23138,Manish Mishra,371598.75,40432.48,1,5.0
CUST16783,Raj Mohanty,371548.8,36463.86600000003,1,4.0
CUST22152,Deepak Sahu,371538.0,20810.7,1,5.0
CUST28635,Sneha Dutta,371483.25,39126.64156666666,1,5.0
CUST11377,Vikas Sharma,371352.0,35758.68583333332,1,4.0
CUST13614,Raj Reddy,371336.0,38125.38496666674,1,4.0
CUST22639,Abhishek Das,371148.25,41799.47,1,5.0
CUST25109,Sneha Behera,371090.0,22247.33,1,5.0
CUST27422,Nisha Singh,371054.8,31230.05,1,4.0
CUST13434,Karan Patel,370908.5,26714.07,1,5.0
CUST18237,Priya Jain,370904.0,41960.72989999999,1,5.0
CUST10637,Vikas Verma,370702.95999999996,27579.06,1,4.0
CUST27564,Raj Sahu,370691.25,38005.23066666661,1,5.0
CUST10631,Nisha Mehta,370412.0,33686.71,1,4.0
CUST28509,Raj Gupta,370305.25,38561.4041,1,5.0
CUST27302,Arjun Verma,370255.5,20738.03,1,5.0
CUST13176,Abhishek Sahu,370237.8,36994.44106666665,1,4.0
CUST25329,Suresh Yadav,370210.5,54695.41,1,5.0
CUST15726,Neha Sharma,370208.0,38137.68466666669,1,4.0
CUST23193,Sneha Yadav,370185.0,32674.5,1,5.0
CUST28947,Unknown,370124.0,42019.440233333284,1,5.0
CUST16924,Raj Reddy,370102.75,37859.053766666715,1,5.0
CUST14786,Nisha Das,370004.0,44900.627066666675,1,5.0
CUST26459,Deepak Das,369900.0,31528.85,1,4.0
CUST18657,Priya Reddy,369732.0,53926.93,1,5.0
CUST11527,Sanjay Reddy,369610.8,36616.632166666706,1,4.0
CUST19651,Riya Behera,369602.25,50091.56,1,5.0
CUST21944,Nisha Behera,369570.0,41694.30200000003,1,5.0
CUST25432,Karan Kumar,369412.0,40079.51473333338,1,4.0
CUST10446,Swati Mohanty,369274.5,58566.8,1,5.0
CUST27548,Raj Sharma,369238.39999999997,30061.36,1,4.0
CUST27939,Rahul Gupta,369067.5,45011.76,1,5.0
CUST17302,Karan Das,368951.5,39138.75913333335,1,5.0
CUST28049,Vivek Kumar,368917.0,29313.31,1,5.0
CUST10712,Pooja Jain,368865.0,39912.07409999997,1,5.0
CUST16904,Ankit Behera,368664.6,51433.77,1,4.0
CUST16706,Ankit Reddy,368658.75,22218.19,1,5.0
CUST26531,Sanjay Reddy,368653.5,18714.88,1,5.0
CUST16410,Rahul Panda,368337.8,36035.6963333333,1,4.0
CUST19548,Deepak Patel,368325.0,38792.97143333335,1,5.0
CUST11957,Abhishek Behera,368193.75,29348.37,1,5.0
CUST17755,Rohit Mohanty,368175.0,33324.92073333336,1,5.0
CUST26317,Neha Behera,367888.0,53393.48,1,4.0
CUST18933,Ankit Patel,367565.0,35402.72256666674,1,5.0
CUST11179,Riya Sahu,367558.8,43624.13,1,4.0
CUST16992,Amit Yadav,367370.0,39490.292299999965,1,5.0
CUST13066,Unknown,367262.39999999997,32842.77593333329,1,4.0
CUST18468,Ankit Das,367259.5,38202.35526666662,1,5.0
CUST27623,Akash Sahu,367175.0,22450.59,1,4.0
CUST15766,Swati Nayak,367072.0,41391.36313333336,1,4.0
CUST16519,Swati Rao,366988.5,38148.475299999984,1,5.0
CUST13858,Riya Mishra,366813.75,41574.85053333324,1,5.0
CUST23681,Swati Panda,366804.0,37102.488300000055,1,5.0
CUST11352,Amit Verma,366775.0,34430.49,1,5.0
CUST12825,Suresh Sharma,366600.0,38010.78796666665,1,5.0
CUST23430,Kavita Mishra,366548.0,53187.62,1,5.0
CUST11754,Riya Mehta,366492.0,44271.91,1,5.0
CUST22641,Kavita Verma,366115.5,35137.15,1,5.0
CUST16733,Rohit Nayak,365949.0,40035.53246666671,1,5.0
CUST18315,Vikas Sahu,365836.0,36743.794100000014,1,4.0
CUST13887,Riya Gupta,365512.5,22716.99,1,5.0
CUST18888,Rahul Mehta,365484.0,39859.81,1,4.0
CUST15285,Abhishek Kumar,365465.0,37332.860466666665,1,4.0
CUST18856,Swati Sharma,365408.0,52551.03,1,4.0
CUST22722,Deepak Reddy,365365.25,27592.43,1,5.0
CUST21106,Sneha Verma,365342.75,38012.16420000004,1,5.0
CUST19837,Swati Mishra,365280.0,36358.57,1,5.0
CUST20189,Priya Jain,365250.0,32668.78,1,5.0
CUST17270,Akash Verma,365107.5,56795.41,1,5.0
CUST11322,Akash Sharma,365024.2,36785.87036666665,1,4.0
CUST13927,Sanjay Sahu,365010.0,40676.64713333333,1,5.0
CUST15759,Nisha Jain,364920.0,31866.97,1,4.0
CUST22326,Vivek Nayak,364904.0,28984.83,1,4.0
CUST28478,Vikas Reddy,364762.5,42454.95353333337,1,5.0
CUST18947,Manish Behera,364745.0,52833.13,1,5.0
CUST28348,Riya Patel,364672.0,19750.54,1,5.0
CUST25963,Arjun Singh,364471.5,39588.12803333334,1,5.0
CUST22411,Suresh Pradhan,364431.39999999997,41042.41,1,4.0
CUST28420,Vivek Gupta,364350.0,57977.49,1,5.0
CUST13387,Sneha Mishra,364345.0,56689.75,1,5.0
CUST24789,Manish Sahu,364264.0,21201.59,1,5.0
CUST13090,Riya Das,364112.0,34520.89419999996,1,5.0
CUST13415,Suresh Sharma,364097.5,39128.46109999999,1,5.0
CUST12741,Amit Gupta,364068.75,31826.95,1,5.0
CUST27624,Rohit Mishra,364008.75,36934.74,1,5.0
CUST12265,Anjali Sahu,363971.6,25795.69,1,4.0
CUST10625,Unknown,363928.5,45582.72,1,5.0
CUST12078,Vikas Sahu,363496.0,35150.93,1,5.0
CUST15113,Rohit Nayak,363239.0,53986.22,1,5.0
CUST23429,Swati Mehta,362979.75,40939.57,1,5.0
CUST18591,Kavita Verma,362949.39999999997,37163.72,1,4.0
CUST10565,Manish Das,362792.0,25628.83,1,4.0
CUST15271,Arjun Sahu,362695.0,38471.201733333335,1,5.0
CUST16994,Rohit Singh,362624.0,41519.84,1,4.0
CUST23356,Vikas Mehta,362605.5,29530.514500000038,1,5.0
CUST24027,Manish Singh,362304.0,49597.87,1,5.0
CUST12938,Riya Verma,362268.0,35088.46603333332,1,5.0
CUST27841,Manish Mehta,362081.25,42029.894533333296,1,5.0
CUST10960,Akash Verma,362073.5,58954.76,1,5.0
CUST20238,Vivek Pradhan,362013.75,36705.57383333335,1,5.0
CUST15590,Amit Dutta,361923.39999999997,34142.38,1,4.0
CUST11059,Nisha Dutta,361864.0,36190.51,1,4.0
CUST18697,Nisha Mishra,361747.25,37136.18283333337,1,5.0
CUST19590,Manish Mishra,361702.5,31443.13,1,5.0
CUST21112,Pooja Reddy,361507.5,41397.69,1,5.0
CUST13696,Suresh Patel,361440.8,35679.95,1,4.0
CUST25553,Priya Behera,361440.0,24580.21,1,5.0
CUST12122,Priya Das,361308.0,39212.01213333336,1,4.0
CUST25044,Vikas Sahu,361185.0,30216.93,1,5.0
CUST19411,Kavita Patel,361089.0,21593.65,1,5.0
CUST13779,Anjali Jain,360901.5,35999.32503333327,1,5.0
CUST25578,Neha Gupta,360778.5,32453.604499999994,1,5.0
CUST24350,Anjali Jain,360691.25,43787.881533333304,1,5.0
CUST13898,Rohit Mehta,360576.0,39789.99890000001,1,4.0
CUST21786,Priya Sharma,360536.25,37507.59806666665,1,5.0
CUST21379,Deepak Dutta,360520.0,47093.72,1,5.0
CUST11582,Rohit Patel,360498.39999999997,32739.153733333394,1,4.0
CUST20116,Kavita Mehta,360404.25,47197.93,1,5.0
CUST13139,Vikas Patel,360328.0,40625.22299999997,1,4.0
CUST24470,Kavita Panda,360150.0,43256.17023333327,1,5.0
CUST12576,Vikas Yadav,359600.0,30865.68,1,5.0
CUST23391,Raj Mehta,359533.0,45331.08,1,5.0
CUST25804,Amit Reddy,359532.0,33984.013033333285,1,4.0
CUST16224,Arjun Verma,359501.25,35189.41,1,5.0
CUST18022,Deepak Mehta,359411.6,41764.689033333314,1,4.0
CUST17548,Arjun Reddy,359233.0,58185.64,1,5.0
CUST15501,Karan Verma,359056.0,44035.83926666661,1,5.0
CUST21834,Riya Singh,359031.6,38406.63786666668,1,4.0
CUST27608,Sneha Pradhan,358986.0,36376.529166666645,1,4.0
CUST27070,Suresh Mehta,358970.4,34716.36686666668,1,4.0
CUST19961,Kavita Yadav,358910.0,21958.42,1,5.0
CUST19453,Amit Mehta,358890.0,37353.14,1,5.0
CUST24655,Shreya Nayak,358840.25,37255.47,1,5.0
CUST23664,Suresh Reddy,358830.2,52649.83,1,4.0
CUST11301,Suresh Singh,358606.0,33908.7,1,5.0
CUST10080,Vikas Mehta,358549.2,34170.63423333336,1,4.0
CUST19027,Shreya Verma,358545.60000000003,33909.43,1,4.0
CUST27032,Priya Singh,358530.0,37622.44103333335,1,4.0
CUST13923,Deepak Dutta,358515.75,50129.55,1,5.0
CUST15177,Raj Mehta,358454.0,43171.83,1,5.0
CUST27492,Nisha Dutta,358385.0,26617.64,1,5.0
CUST17776,Nisha Patel,358380.0,32748.675633333358,1,5.0
CUST10681,Ankit Sahu,358340.0,35072.16,1,4.0
CUST20190,Anjali Sahu,357983.75,31000.54,1,5.0
CUST22387,Nisha Mehta,357967.5,35893.04,1,5.0
CUST14745,Suresh Mehta,357872.0,43780.22,1,4.0
CUST23389,Swati Mohanty,357820.0,36908.808999999965,1,5.0
CUST24035,Suresh Singh,357770.0,37514.96,1,5.0
CUST12921,Rahul Mehta,357628.0,44636.16296666674,1,4.0
CUST15067,Vikas Rao,357489.75,42220.49633333331,1,5.0
CUST11355,Sneha Kumar,357289.0,57560.59,1,5.0
CUST27607,Sanjay Behera,357268.0,31562.36593333335,1,5.0
CUST19410,Kavita Mehta,357080.75,35004.53,1,5.0
CUST24477,Sneha Pradhan,356960.0,38514.62,1,5.0
CUST22511,Akash Rao,356847.0,44376.088900000024,1,5.0
CUST12423,Vivek Singh,356688.0,53179.34,1,4.0
CUST28925,Anjali Sahu,356544.0,38720.44246666673,1,4.0
CUST16026,Rahul Nayak,356449.5,20440.49,1,5.0
CUST18820,Pooja Jain,356324.4,29033.548133333356,1,4.0
CUST13082,Raj Mishra,356141.5,29424.27,1,5.0
CUST27880,Raj Sharma,356136.0,22258.32,1,4.0
CUST17569,Anjali Mohanty,356073.5,42514.92229999997,1,5.0
CUST25636,Rahul Yadav,355932.0,41218.66600000002,1,4.0
CUST23731,Raj Panda,355870.8,27522.503300000022,1,4.0
CUST13970,Anjali Verma,355845.0,45716.59870000004,1,5.0
CUST16540,Kavita Dutta,355831.2,24991.7,1,4.0
CUST26209,Anjali Kumar,355740.0,39476.39526666665,1,5.0
CUST16820,Raj Kumar,355734.0,25932.08,1,4.0
CUST27418,Ankit Yadav,355721.8,36959.67,1,4.0
CUST21569,Sanjay Das,355395.0,35984.99533333333,1,5.0
CUST25185,Nisha Singh,355370.0,45468.05626666671,1,5.0
CUST10002,Karan Patel,355317.0,36233.30859999998,1,5.0
CUST19031,Arjun Gupta,355312.8,23396.37,1,4.0
CUST20879,Rahul Verma,355224.0,38577.651399999966,1,5.0
CUST16109,Pooja Singh,355171.75,38629.143766666624,1,5.0
CUST11382,Priya Jain,355118.4,19708.57,1,4.0
CUST21514,Sneha Das,355093.2,31367.136000000002,1,4.0
CUST28227,Priya Jain,354832.0,20863.49,1,5.0
CUST18100,Anjali Patel,354828.0,54177.48,1,4.0
CUST13809,Pooja Mehta,354792.0,39267.586733333395,1,4.0
CUST26273,Vikas Dutta,354757.5,33891.97133333337,1,5.0
CUST11813,Neha Kumar,354611.25,25163.5,1,5.0
CUST28212,Vivek Pradhan,354500.0,42525.98733333333,1,4.0
CUST20100,Suresh Rao,354186.0,33989.58533333333,1,4.0
CUST21119,Kavita Behera,353958.75,46402.05,1,5.0
CUST18383,Kavita Mishra,353914.5,41332.49,1,5.0
CUST12528,Rohit Dutta,353848.0,44897.52,1,5.0
CUST20513,Suresh Singh,353829.60000000003,37933.79,1,4.0
CUST20121,Ankit Sahu,353677.5,35072.74,1,5.0
CUST11818,Unknown,353612.8,21907.49,1,4.0
CUST21754,Rahul Singh,353561.5,23008.6,1,5.0
CUST25480,Kavita Nayak,353276.0,20970.54,1,5.0
CUST10721,Pooja Sahu,353176.0,37739.56,1,4.0
CUST17363,Swati Sahu,353171.25,28550.88,1,5.0
CUST15632,Priya Panda,353163.75,35033.43669999999,1,5.0
CUST18595,Sneha Sahu,353088.0,50772.14,1,4.0
CUST23677,Vivek Das,353065.0,53434.47,1,5.0
CUST23599,Ankit Kumar,352972.5,32891.918799999956,1,5.0
CUST27400,Pooja Nayak,352917.39999999997,32700.81,1,4.0
CUST19007,Vikas Mishra,352822.5,28092.75,1,5.0
CUST11187,Vivek Yadav,352642.5,34856.06000000003,1,5.0
CUST17592,Riya Verma,352602.0,34904.53093333328,1,5.0
CUST12752,Sneha Verma,352598.4,30336.6,1,4.0
CUST18096,Priya Jain,352530.0,28961.15,1,5.0
CUST22229,Abhishek Pradhan,352529.0,31097.39,1,5.0
CUST17744,Arjun Panda,352512.0,34771.89,1,4.0
CUST13555,Rohit Behera,352339.8,45014.61,1,4.0
CUST15468,Nisha Pradhan,352324.0,53064.92,1,5.0
CUST11912,Priya Yadav,352271.25,39561.5053333333,1,5.0
CUST23159,Rahul Mehta,352263.60000000003,36102.606999999996,1,4.0
CUST13004,Nisha Gupta,352185.0,54584.47,1,5.0
CUST16915,Anjali Sharma,352069.2,23203.94,1,4.0
CUST27143,Akash Jain,352036.0,34352.31976666669,1,5.0
CUST13600,Amit Gupta,351940.0,29508.63,1,4.0
CUST12062,Rahul Gupta,351925.5,20012.71,1,5.0
CUST23538,Unknown,351877.5,24697.6,1,5.0
CUST14870,Swati Nayak,351801.0,34343.10723333335,1,5.0
CUST19997,Karan Yadav,351784.0,27646.06,1,4.0
CUST28959,Arjun Dutta,351765.0,25244.59,1,5.0
CUST23655,Nisha Jain,351715.0,34213.49,1,5.0
CUST10992,Sneha Mehta,351713.0,39604.67,1,5.0
CUST21483,Priya Patel,351685.25,18402.04,1,5.0
CUST12490,Sanjay Patel,351601.2,53045.53,1,4.0
CUST28246,Raj Mishra,351500.4,28106.74,1,4.0
CUST14855,Raj Verma,351363.60000000003,56199.65,1,4.0
CUST14983,Akash Yadav,351165.0,49316.04,1,5.0
CUST25571,Deepak Jain,351152.0,37925.87259999995,1,5.0
CUST13052,Sanjay Mehta,351053.5,19983.75,1,5.0
CUST21321,Suresh Nayak,351012.0,25196.86,1,5.0
CUST12495,Ankit Jain,350965.0,39558.015766666715,1,5.0
CUST21274,Ankit Sahu,350931.60000000003,37267.90166666668,1,4.0
CUST21480,Vivek Nayak,350930.0,34265.19556666667,1,4.0
CUST12218,Abhishek Jain,350851.5,42468.23,1,5.0
CUST11791,Deepak Nayak,350616.0,39794.87,1,4.0
CUST25454,Priya Mehta,350595.0,58802.79,1,5.0
CUST21782,Amit Jain,350500.0,21200.05,1,5.0
CUST26990,Manish Sharma,350446.5,18107.36,1,5.0
CUST25302,Arjun Kumar,350442.0,30990.987100000002,1,4.0
CUST22518,Suresh Singh,350334.0,54059.93,1,5.0
CUST24638,Anjali Mishra,350322.0,51847.26,1,5.0
CUST18043,Arjun Kumar,350284.0,37171.64016666678,1,4.0
CUST17647,Kavita Panda,350123.5,52009.1,1,5.0
CUST20935,Pooja Nayak,350060.75,36034.691399999996,1,5.0
CUST17638,Akash Nayak,349880.0,42616.80529999999,1,5.0
CUST14201,Shreya Singh,349786.8,39147.49089999998,1,4.0
CUST12267,Kavita Jain,349785.0,23247.78,1,5.0
CUST21653,Neha Nayak,349477.5,24969.84,1,5.0
CUST26855,Anjali Mehta,349365.60000000003,33382.784500000045,1,4.0
CUST26828,Raj Mehta,349364.39999999997,32569.086033333355,1,4.0
CUST27017,Rahul Sahu,349299.8,42398.32,1,4.0
CUST18553,Amit Verma,349164.0,33778.41496666668,1,5.0
CUST12272,Ankit Das,349120.0,46110.26,1,5.0
CUST18102,Neha Mohanty,349092.0,28317.88,1,5.0
CUST22946,Abhishek Patel,349082.25,25159.3,1,5.0
CUST28113,Swati Verma,349072.75,52013.63,1,5.0
CUST23858,Anjali Patel,349048.0,38707.045566666595,1,5.0
CUST19102,Manish Pradhan,348930.0,39659.29816666673,1,5.0
CUST16813,Manish Mishra,348919.8,32351.3,1,4.0
CUST25981,Swati Das,348694.5,43453.16109999991,1,5.0
CUST10772,Sanjay Sahu,348486.6,38538.893433333345,1,4.0
CUST26192,Ankit Patel,348400.8,42381.72,1,4.0
CUST20918,Riya Mehta,348145.0,42545.52403333325,1,5.0
CUST23798,Priya Mohanty,348066.0,24409.14,1,4.0
CUST11734,Sneha Behera,348066.0,36424.16,1,5.0
CUST28591,Vivek Pradhan,348015.5,44092.772166666604,1,5.0
CUST14511,Kavita Mehta,347910.0,45331.88396666673,1,5.0
CUST20819,Akash Patel,347895.0,47258.12,1,5.0
CUST13967,Nisha Reddy,347841.0,38417.30470000001,1,5.0
CUST24797,Raj Kumar,347832.0,39847.64,1,5.0
CUST21756,Nisha Mohanty,347814.0,43746.7508666667,1,5.0
CUST21794,Sanjay Behera,347800.0,36609.300099999935,1,5.0
CUST28412,Suresh Mehta,347798.5,45467.75126666664,1,5.0
CUST21262,Manish Sahu,347760.5,26112.61,1,5.0
CUST10812,Rohit Sahu,347693.5,50264.35,1,5.0
CUST28881,Vikas Das,347512.0,22225.86,1,5.0
CUST15084,Neha Verma,347408.0,25056.36,1,5.0
CUST27924,Rohit Nayak,347399.5,43128.414433333324,1,5.0
CUST20091,Sneha Panda,347280.0,48862.01,1,5.0
CUST22238,Manish Sahu,347196.0,30176.97183333328,1,5.0
CUST15900,Karan Dutta,347116.5,58401.68,1,5.0
CUST14155,Anjali Yadav,347035.0,39099.363200000014,1,5.0
CUST14140,Sneha Mohanty,346941.0,35915.91519999992,1,5.0
CUST12594,Raj Jain,346760.0,42565.379999999976,1,4.0
CUST15350,Raj Yadav,346696.0,36361.06793333338,1,4.0
CUST26985,Nisha Mishra,346689.2,43048.177633333326,1,4.0
CUST11330,Riya Reddy,346468.0,48674.21,1,4.0
CUST26561,Manish Sharma,346296.0,31688.747133333367,1,4.0
CUST23267,Akash Behera,346290.0,47175.38280000001,1,5.0
CUST25240,Sneha Singh,346244.0,36321.408199999976,1,5.0
CUST11048,Rahul Dutta,346200.0,45851.446299999945,1,5.0
CUST11032,Riya Das,346080.0,44252.51030000006,1,5.0
CUST10549,Swati Jain,345895.0,35340.04,1,5.0
CUST28631,Pooja Mohanty,345881.25,46897.95576666661,1,5.0
CUST16191,Deepak Sahu,345861.75,21582.44,1,5.0
CUST12672,Unknown,345814.0,39957.00693333328,1,5.0
CUST23653,Nisha Rao,345716.0,34738.03316666664,1,4.0
CUST28874,Sneha Nayak,345699.25,41924.44,1,5.0
CUST10327,Deepak Verma,345686.25,41788.28,1,5.0
CUST11109,Amit Pradhan,345663.5,57196.37,1,5.0
CUST16286,Shreya Singh,345553.2,37989.69006666668,1,4.0
CUST28289,Neha Jain,345484.0,37120.42,1,5.0
CUST16017,Karan Sahu,345394.8,41947.652400000065,1,4.0
CUST22478,Pooja Dutta,345375.0,39956.77,1,5.0
CUST12320,Riya Jain,345366.8,37256.991366666676,1,4.0
CUST21601,Riya Jain,345315.0,50188.21,1,5.0
CUST16413,Karan Mohanty,345112.0,24984.86,1,4.0
CUST26808,Neha Mehta,345100.0,22228.1,1,5.0
CUST13663,Rahul Mishra,345047.6,28476.11,1,4.0
CUST25720,Neha Pradhan,344952.0,32730.75996666658,1,5.0
CUST24277,Neha Behera,344871.0,32496.258666666698,1,5.0
CUST26799,Anjali Reddy,344794.5,39627.61410000002,1,5.0
CUST25765,Pooja Mishra,344679.0,36533.47200000002,1,4.0
CUST16742,Rahul Rao,344331.0,31195.69,1,5.0
CUST24433,Raj Kumar,344321.8,37423.09849999996,1,4.0
CUST15163,Priya Patel,344265.0,40983.56179999998,1,5.0
CUST23985,Akash Patel,344227.75,41916.789899999996,1,5.0
CUST18681,Deepak Gupta,344092.0,19022.65,1,5.0
CUST14702,Ankit Panda,344048.0,32392.9406333333,1,5.0
CUST26623,Neha Sahu,344018.75,42131.54,1,5.0
CUST25345,Deepak Pradhan,343882.0,38164.65,1,5.0
CUST18215,Anjali Nayak,343854.0,49104.73,1,5.0
CUST13561,Raj Panda,343626.5,31761.186133333325,1,5.0
CUST13814,Abhishek Mehta,343624.5,39822.07580000006,1,5.0
CUST12858,Deepak Kumar,343470.0,24945.81,1,5.0
CUST25152,Shreya Gupta,343382.25,57208.95,1,5.0
CUST10357,Nisha Panda,343335.0,44844.01346666676,1,5.0
CUST11689,Arjun Pradhan,343292.4,45218.82,1,4.0
CUST14225,Arjun Patel,343199.5,17841.85,1,5.0
CUST10720,Kavita Mishra,343109.6,39031.14566666665,1,4.0
CUST27317,Ankit Mehta,343042.0,52883.52,1,5.0
CUST27142,Raj Singh,343007.0,38935.59349999994,1,5.0
CUST28446,Sneha Jain,342923.39999999997,31056.549666666655,1,4.0
CUST18292,Arjun Dutta,342835.5,51253.48,1,5.0
CUST19222,Suresh Mehta,342796.0,49314.43,1,5.0
CUST24249,Arjun Dutta,342760.0,25830.74,1,5.0
CUST10401,Shreya Mohanty,342664.0,38187.6,1,5.0
CUST17252,Abhishek Singh,342576.5,29723.75,1,5.0
CUST20197,Anjali Panda,342485.0,56268.95,1,5.0
CUST21628,Amit Rao,342431.0,47336.26,1,5.0
CUST27186,Vivek Jain,342363.0,45604.34679999992,1,5.0
CUST24497,Pooja Nayak,342335.0,43895.31556666663,1,5.0
CUST15906,Priya Reddy,342235.5,41788.71776666667,1,5.0
CUST21689,Karan Sahu,342190.8,22307.33,1,4.0
CUST22883,Vivek Pradhan,342167.5,32794.81,1,5.0
CUST19559,Ankit Yadav,342136.0,27582.08,1,5.0
CUST10840,Akash Verma,342095.25,42065.27,1,5.0
CUST16190,Vikas Jain,341996.0,34422.34,1,5.0
CUST28738,Nisha Jain,341880.0,49924.68,1,5.0
CUST26867,Shreya Dutta,341859.39999999997,53817.28,1,4.0
CUST15171,Abhishek Behera,341810.5,43030.45526666675,1,5.0
CUST16563,Sanjay Rao,341804.0,49601.97,1,5.0
CUST12731,Priya Mishra,341748.75,30722.17,1,5.0
CUST20093,Ankit Reddy,341558.0,47207.95,1,5.0
CUST26874,Vikas Panda,341526.5,42080.08229999996,1,5.0
CUST11230,Karan Panda,341496.0,34926.586366666656,1,5.0
CUST10619,Abhishek Behera,341379.5,51626.13,1,5.0
CUST14209,Rahul Mohanty,341320.0,43728.80069999996,1,5.0
CUST28140,Raj Gupta,341305.2,30641.98,1,4.0
CUST24635,Manish Sahu,341276.4,23349.04,1,4.0
CUST21135,Manish Singh,341251.39999999997,18262.78,1,4.0
CUST12479,Neha Sahu,341244.75,32436.39,1,5.0
CUST27479,Sneha Mohanty,341224.8,56410.45,1,4.0
CUST22346,Raj Mohanty,341205.0,42268.390766666715,1,5.0
CUST18406,Anjali Gupta,341154.5,37626.45093333328,1,5.0
CUST19998,Karan Yadav,340983.5,50706.97,1,5.0
CUST22750,Karan Verma,340938.0,34918.87623333331,1,4.0
CUST25572,Raj Reddy,340809.5,44379.96,1,5.0
CUST23935,Neha Reddy,340695.0,42838.46,1,5.0
CUST23052,Abhishek Mohanty,340652.0,18439.63,1,5.0
CUST13630,Nisha Singh,340627.25,31975.26,1,5.0
CUST24216,Amit Yadav,340551.25,53042.27,1,5.0
CUST10566,Amit Jain,340508.0,22152.0,1,5.0
CUST17381,Arjun Yadav,340462.8,51420.54,1,4.0
CUST24905,Pooja Patel,340381.2,37694.21010000004,1,4.0
CUST20806,Swati Singh,340275.60000000003,53135.34,1,4.0
CUST16960,Nisha Kumar,340260.0,54049.4,1,5.0
CUST21498,Rahul Kumar,340130.39999999997,54681.41,1,4.0
CUST10203,Pooja Gupta,340120.0,20824.6,1,5.0
CUST10428,Rohit Patel,340110.5,45978.7,1,5.0
CUST18373,Riya Mishra,340084.5,59052.91,1,5.0
CUST15260,Rohit Yadav,339990.0,18890.52,1,5.0
CUST18998,Manish Dutta,339945.0,42268.63149999995,1,5.0
CUST24202,Sanjay Das,339928.6,40348.908599999966,1,4.0
CUST11111,Vikas Mishra,339928.0,34361.84,1,5.0
CUST13364,Vivek Sharma,339836.0,24202.7,1,5.0
CUST20853,Swati Patel,339690.0,44749.89,1,5.0
CUST25021,Sneha Sahu,339647.8,42338.06593333335,1,4.0
CUST18683,Shreya Verma,339596.0,26847.71,1,5.0
CUST10316,Akash Sahu,339524.0,20404.64,1,4.0
CUST14964,Shreya Kumar,339427.39999999997,18759.13,1,4.0
CUST19975,Suresh Rao,339396.0,40566.88453333336,1,4.0
CUST20432,Suresh Jain,339136.0,21576.16,1,5.0
CUST27950,Rahul Jain,339064.0,47953.69,1,5.0
CUST14661,Riya Mehta,338868.0,40511.90649999995,1,4.0
CUST25570,Akash Das,338842.2,37247.52703333331,1,4.0
CUST27118,Arjun Pradhan,338812.5,42170.20226666664,1,5.0
CUST26336,Neha Yadav,338679.0,52096.69,1,5.0
CUST14284,Arjun Dutta,338564.0,17329.55,1,5.0
CUST22690,Rahul Yadav,338456.0,40591.67009999999,1,5.0
CUST22127,Nisha Patel,338432.5,33245.28859999999,1,5.0
CUST23043,Kavita Patel,338404.0,31005.861466666658,1,5.0
CUST14380,Neha Singh,338332.0,33333.52230000002,1,4.0
CUST12212,Shreya Behera,338180.5,31795.69,1,5.0
CUST16524,Vivek Sharma,338105.0,44574.41,1,5.0
CUST15648,Neha Kumar,337998.75,54263.19,1,5.0
CUST16803,Sneha Mohanty,337964.0,34116.43,1,5.0
CUST11423,Amit Singh,337948.25,43753.78496666667,1,5.0
CUST12853,Deepak Das,337888.0,41423.675933333325,1,5.0
CUST27590,Pooja Kumar,337800.56,36654.10089999999,1,4.0
CUST18545,Anjali Mishra,337748.75,53272.18909999986,1,5.0
CUST19507,Abhishek Reddy,337655.0,29441.07,1,5.0
CUST20874,Deepak Gupta,337560.0,54329.71,1,5.0
CUST27982,Suresh Kumar,337384.0,42409.447899999934,1,5.0
CUST20079,Sneha Rao,337341.60000000003,44698.60156666667,1,4.0
CUST22121,Amit Rao,337314.6,33838.44953333332,1,4.0
CUST11831,Unknown,337288.0,48677.04,1,5.0
CUST22341,Shreya Mehta,337063.25,34152.07586666668,1,5.0
CUST28292,Manish Yadav,337060.0,41189.47403333325,1,5.0
CUST15316,Vikas Singh,337044.0,34496.062766666655,1,5.0
CUST11954,Amit Nayak,337035.0,38754.76253333334,1,5.0
CUST20756,Amit Nayak,337010.6,33785.991133333315,1,4.0
CUST25175,Neha Gupta,336972.0,33329.61,1,5.0
CUST25890,Swati Pradhan,336937.5,50113.7,1,5.0
CUST24840,Sanjay Nayak,336900.0,58136.36,1,5.0
CUST19936,Vivek Jain,336884.25,38690.63,1,5.0
CUST13605,Deepak Mishra,336848.4,37793.86,1,4.0
CUST13861,Abhishek Pradhan,336828.0,36033.37,1,5.0
CUST21988,Swati Kumar,336775.0,57970.86,1,5.0
CUST22138,Sanjay Patel,336732.6,21314.09,1,4.0
CUST17310,Manish Patel,336718.0,24457.87,1,4.0
CUST14896,Riya Sharma,336476.0,36594.97896666661,1,5.0
CUST26145,Sneha Sahu,336452.0,31624.68,1,4.0
CUST16911,Raj Yadav,336328.0,28214.13,1,4.0
CUST26377,Amit Yadav,336303.75,42914.3842666666,1,5.0
CUST10596,Manish Mishra,336260.0,46799.77,1,5.0
CUST10491,Nisha Panda,336235.5,46981.19620000003,1,5.0
CUST17878,Neha Singh,336216.39999999997,23933.46323333328,1,4.0
CUST26111,Riya Gupta,336186.0,53351.56,1,5.0
CUST26205,Kavita Dutta,336045.0,28223.22,1,5.0
CUST25162,Suresh Panda,336011.2,40322.94343333333,1,4.0
CUST17142,Amit Pradhan,335878.2,28258.02,1,4.0
CUST17538,Kavita Rao,335580.0,35741.58443333334,1,5.0
CUST28898,Deepak Patel,335458.8,35906.97,1,4.0
CUST10453,Shreya Kumar,335457.5,40250.73,1,5.0
CUST13461,Vikas Singh,335452.5,57481.14,1,5.0
CUST15410,Vivek Patel,335436.0,24184.08,1,5.0
CUST13491,Raj Pradhan,335065.0,38262.99,1,5.0
CUST25747,Riya Yadav,335049.8,22256.7,1,4.0
CUST12417,Sneha Behera,334966.2,31879.39913333334,1,4.0
CUST20920,Deepak Dutta,334920.0,33244.92,1,5.0
CUST19024,Deepak Nayak,334880.0,38089.64,1,5.0
CUST16141,Vivek Mishra,334845.6,23639.36,1,4.0
CUST19258,Rahul Dutta,334765.75,38949.28,1,5.0
CUST28646,Anjali Singh,334728.0,48451.01,1,4.0
CUST18198,Shreya Singh,334551.60000000003,39656.42,1,4.0
CUST16691,Pooja Panda,334410.0,41629.85,1,5.0
CUST21222,Manish Mishra,334304.0,42705.8,1,4.0
CUST10889,Swati Panda,334215.0,33570.1,1,5.0
CUST13720,Anjali Panda,334054.25,20414.56,1,5.0
CUST24762,Deepak Panda,334020.25,32774.084833333305,1,5.0
CUST17285,Manish Mishra,333837.0,29554.39,1,5.0
CUST15608,Shreya Sahu,333829.0,35902.36,1,4.0
CUST23073,Vikas Nayak,333747.39999999997,34322.08049999999,1,4.0
CUST20359,Riya Patel,333695.0,29366.03,1,5.0
CUST27146,Sanjay Jain,333687.60000000003,49393.11,1,4.0
CUST14625,Nisha Gupta,333568.8,27012.33,1,4.0
CUST21531,Suresh Sahu,333481.5,37101.38,1,5.0
CUST19345,Vikas Patel,333472.5,53863.4,1,5.0
CUST10651,Deepak Mehta,333327.60000000003,58807.15,1,4.0
CUST26553,Amit Gupta,333306.0,55605.09,1,4.0
CUST16014,Kavita Das,333272.0,34244.65,1,5.0
CUST12241,Arjun Patel,333268.0,47657.46,1,5.0
CUST28463,Ankit Reddy,333267.6,47722.78,1,4.0
CUST15876,Ankit Reddy,333258.75,44520.78,1,5.0
CUST14305,Manish Nayak,333140.0,16779.88,1,5.0
CUST24195,Manish Mohanty,333117.0,44160.3,1,5.0
CUST15846,Karan Nayak,333106.5,35185.51,1,5.0
CUST18958,Deepak Das,333068.0,52915.73,1,4.0
CUST23478,Suresh Kumar,333040.0,46126.54,1,4.0
CUST13198,Ankit Sahu,332996.25,45022.42663333336,1,5.0
CUST26829,Sneha Sharma,332996.0,30760.4,1,5.0
CUST16652,Abhishek Jain,332956.0,32817.76,1,4.0
CUST21947,Rahul Sahu,332950.0,29856.86,1,5.0
CUST11170,Manish Pradhan,332935.0,39432.508566666605,1,5.0
CUST26393,Sanjay Mohanty,332885.0,22003.43,1,5.0
CUST27001,Nisha Mehta,332683.2,58232.81,1,4.0
CUST12034,Kavita Sharma,332673.0,35148.392100000005,1,4.0
CUST24226,Swati Panda,332656.0,35275.99780000011,1,5.0
CUST12764,Rahul Singh,332586.0,38982.336566666636,1,4.0
CUST13957,Karan Dutta,332533.6,33381.73640000004,1,4.0
CUST18094,Swati Nayak,332391.60000000003,48836.28,1,4.0
CUST12009,Neha Reddy,332252.0,38029.76853333339,1,5.0
CUST15928,Pooja Dutta,332077.5,47930.19,1,5.0
CUST14609,Arjun Sahu,332044.0,43749.76,1,5.0
CUST12795,Abhishek Dutta,331972.0,41546.27256666678,1,4.0
CUST26549,Nisha Singh,331744.75,46635.263299999955,1,5.0
CUST27441,Anjali Das,331702.0,31000.32,1,5.0
CUST15183,Sanjay Mishra,331676.0,36082.31,1,5.0
CUST26700,Swati Jain,331484.0,33858.71,1,4.0
CUST15356,Pooja Mohanty,331326.0,20972.46,1,4.0
CUST15625,Vikas Jain,331290.0,38381.54183333337,1,5.0
CUST23887,Shreya Sharma,331218.75,54426.62,1,5.0
CUST14470,Swati Verma,331128.75,49607.22,1,5.0
CUST22458,Karan Gupta,331120.0,44213.79210000005,1,5.0
CUST17993,Karan Verma,331096.0,52139.56,1,5.0
CUST24190,Pooja Dutta,331037.6,38891.36,1,4.0
CUST18637,Pooja Kumar,330998.5,16804.67,1,5.0
CUST20143,Vikas Dutta,330973.0,43309.73,1,4.0
CUST25452,Kavita Mehta,330920.0,45425.72539999999,1,4.0
CUST21917,Suresh Sahu,330894.8,27397.94,1,4.0
CUST26522,Vivek Nayak,330835.0,36025.21,1,5.0
CUST17830,Swati Gupta,330813.2,37948.94,1,4.0
CUST11902,Shreya Gupta,330812.0,39227.86,1,5.0
CUST17350,Neha Gupta,330731.6,26995.585533333357,1,4.0
CUST26968,Sanjay Panda,330715.0,17193.76,1,5.0
CUST28508,Shreya Das,330679.75,30133.17,1,5.0
CUST28504,Neha Behera,330588.8,19139.17,1,4.0
CUST12047,Karan Pradhan,330552.0,33762.38443333335,1,5.0
CUST12855,Manish Mohanty,330417.6,24906.43,1,4.0
CUST11970,Anjali Singh,330380.0,51026.75,1,5.0
CUST24018,Arjun Rao,330219.0,42660.614766666695,1,5.0
CUST26887,Deepak Das,330197.8,18852.87,1,4.0
CUST28209,Swati Patel,330068.0,41348.357100000045,1,5.0
CUST12709,Riya Yadav,330067.5,50728.85,1,5.0
CUST23162,Deepak Singh,330033.75,57984.88,1,5.0
CUST25574,Raj Verma,330010.0,40870.61,1,5.0
CUST22196,Suresh Nayak,329932.0,52952.4,1,4.0
CUST23499,Manish Mishra,329855.0,23974.2,1,5.0
CUST26703,Neha Rao,329800.0,51625.08,1,5.0
CUST18783,Anjali Singh,329752.8,57896.15,1,4.0
CUST25992,Sneha Sahu,329640.0,57558.27,1,4.0
CUST21877,Raj Reddy,329633.5,45103.68,1,5.0
CUST14509,Deepak Rao,329619.5,17109.0,1,5.0
CUST23580,Swati Nayak,329580.0,45879.78556666665,1,5.0
CUST17044,Kavita Mishra,329569.25,38587.577066666665,1,5.0
CUST21336,Sneha Sharma,329546.0,34032.619600000005,1,5.0
CUST10035,Rahul Das,329425.2,35770.024333333306,1,4.0
CUST10972,Arjun Pradhan,329400.0,42762.280366666615,1,5.0
CUST28844,Sanjay Sharma,329395.5,34191.20463333334,1,5.0
CUST24094,Sanjay Patel,329301.0,24768.32,1,5.0
CUST19058,Pooja Verma,329296.6,38002.65190000001,1,4.0
CUST24075,Riya Sharma,329255.75,37816.69,1,5.0
CUST23893,Priya Verma,329186.39999999997,40383.73,1,4.0
CUST28127,Anjali Behera,329135.0,31986.778633333295,1,5.0
CUST14058,Swati Verma,329099.0,44650.48339999994,1,5.0
CUST21295,Priya Pradhan,329032.0,17477.07,1,5.0
CUST15646,Raj Pradhan,329000.0,35004.58,1,5.0
CUST19050,Swati Reddy,328950.0,30121.216633333315,1,5.0
CUST10123,Deepak Dutta,328946.4,55552.2,1,4.0
CUST21346,Neha Reddy,328750.25,24655.84,1,5.0
CUST11063,Sanjay Nayak,328648.0,52907.84,1,4.0
CUST23011,Rohit Sahu,328633.5,40698.107366666554,1,5.0
CUST16013,Ankit Gupta,328514.4,36606.420266666646,1,4.0
CUST27963,Arjun Rao,328478.5,36218.66433333329,1,5.0
CUST27413,Kavita Singh,328470.0,54327.96,1,5.0
CUST12025,Unknown,328467.2,18019.23,1,4.0
CUST26663,Amit Verma,328458.75,43442.49469999996,1,5.0
CUST21573,Abhishek Reddy,328345.2,37118.35,1,4.0
CUST20472,Karan Behera,328256.25,52024.91,1,5.0
CUST22508,Suresh Kumar,328167.0,20375.63,1,5.0
CUST24461,Amit Mohanty,328132.0,20546.83,1,4.0
CUST15997,Pooja Patel,328050.0,16759.53,1,4.0
CUST10817,Kavita Kumar,327977.6,35054.27060000004,1,4.0
CUST19792,Amit Mehta,327901.5,52834.08,1,5.0
CUST15326,Priya Verma,327888.0,34559.24033333329,1,5.0
CUST17055,Riya Mohanty,327768.75,40505.71253333337,1,5.0
CUST20945,Abhishek Pradhan,327713.25,17072.27,1,5.0
CUST19708,Manish Sahu,327693.0,51127.02,1,5.0
CUST18087,Manish Mehta,327644.0,34714.74753333331,1,5.0
CUST19697,Pooja Yadav,327630.0,53503.24,1,5.0
CUST23777,Arjun Sahu,327560.0,42578.33,1,4.0
CUST21621,Deepak Gupta,327504.0,35522.20523333335,1,4.0
CUST13974,Karan Gupta,327457.39999999997,22871.87,1,4.0
CUST12524,Nisha Verma,327442.5,29068.8,1,5.0
CUST10091,Arjun Rao,327411.0,59113.8,1,5.0
CUST23613,Anjali Yadav,327354.8,47646.5,1,4.0
CUST27088,Pooja Nayak,327270.0,24194.6,1,5.0
CUST14262,Swati Pradhan,327241.5,23195.81,1,5.0
CUST12857,Amit Panda,327180.0,44469.16,1,5.0
CUST27711,Neha Das,327154.8,22524.11,1,4.0
CUST25339,Rohit Yadav,327141.0,38621.33,1,5.0
CUST14978,Priya Jain,327090.0,40088.17209999998,1,5.0
CUST26586,Suresh Behera,327089.75,59206.54,1,5.0
CUST28325,Pooja Reddy,327045.0,51150.94,1,5.0
CUST20435,Kavita Jain,326970.0,19922.61,1,4.0
CUST21367,Amit Gupta,326936.0,25802.49,1,5.0
CUST22698,Pooja Mehta,326900.0,59155.94,1,5.0
CUST19658,Sneha Yadav,326866.5,52946.73603333354,1,5.0
CUST13405,Vivek Panda,326861.5,50264.38,1,5.0
CUST26973,Rohit Dutta,326833.25,44645.08009999997,1,5.0
CUST20594,Akash Mishra,326780.8,53576.0,1,4.0
CUST23693,Rohit Mehta,326775.0,49004.07,1,5.0
CUST12294,Riya Behera,326765.0,18961.2,1,5.0
CUST21744,Anjali Verma,326665.0,52641.16,1,5.0
CUST27390,Vikas Patel,326587.5,52137.72,1,5.0
CUST23308,Ankit Nayak,326300.0,22654.04,1,5.0
CUST23559,Arjun Jain,326238.75,34360.06543333332,1,5.0
CUST23987,Manish Das,326184.0,56890.7,1,4.0
CUST27625,Neha Pradhan,326155.2,30091.711433333356,1,4.0
CUST12040,Nisha Gupta,326068.5,34213.33396666669,1,5.0
CUST27100,Amit Mishra,326059.0,50270.44,1,4.0
CUST13293,Vivek Panda,326044.8,43848.45,1,4.0
CUST23312,Deepak Panda,326024.8,46120.21,1,4.0
CUST23464,Anjali Sharma,325979.5,34243.12490000002,1,5.0
CUST26082,Vivek Yadav,325916.0,42679.98,1,4.0
CUST10674,Karan Patel,325633.39999999997,44784.12,1,4.0
CUST23473,Sanjay Rao,325631.5,35667.24243333331,1,5.0
CUST28068,Shreya Sharma,325592.5,37366.663399999954,1,5.0
CUST23403,Sanjay Reddy,325522.5,26333.39,1,5.0
CUST24476,Sneha Kumar,325460.5,18467.97,1,5.0
CUST10869,Kavita Yadav,325440.0,33530.55886666665,1,4.0
CUST12902,Vikas Kumar,325435.5,37265.94,1,5.0
CUST25247,Neha Pradhan,325285.0,42244.05,1,5.0
CUST13229,Amit Sahu,325195.5,36791.14986666671,1,5.0
CUST24550,Neha Reddy,325160.0,48909.36,1,5.0
CUST11274,Sneha Yadav,324933.75,52983.87,1,5.0
CUST20710,Kavita Gupta,324673.2,37570.825533333336,1,4.0
CUST15158,Suresh Das,324646.0,35351.02230000007,1,5.0
CUST19101,Deepak Jain,324606.5,37180.12906666665,1,5.0
CUST17008,Kavita Rao,324569.0,29693.58643333331,1,5.0
CUST13138,Neha Mehta,324560.0,51710.83,1,4.0
CUST13780,Arjun Sharma,324532.0,27529.69,1,4.0
CUST24194,Amit Jain,324528.0,56586.35,1,4.0
CUST25202,Riya Rao,324522.0,44748.42,1,4.0
CUST24838,Amit Nayak,324453.5,48058.585133333254,1,5.0
CUST22920,Vivek Singh,324431.25,45501.21,1,5.0
CUST19790,Rahul Mohanty,324288.0,30605.63,1,5.0
CUST18971,Riya Singh,324240.0,43538.79,1,5.0
CUST21388,Amit Singh,324111.8,40787.49,1,4.0
CUST23666,Priya Sharma,324018.75,42677.50499999999,1,5.0
CUST25322,Raj Dutta,323989.39999999997,29881.06,1,4.0
CUST25441,Ankit Dutta,323977.5,33752.17173333328,1,5.0
CUST13786,Manish Mohanty,323977.5,40229.07749999996,1,5.0
CUST16218,Neha Patel,323710.6,16873.33,1,4.0
CUST26752,Sanjay Verma,323627.0,47305.06,1,4.0
CUST22824,Anjali Mishra,323334.0,37113.543499999956,1,4.0
CUST10744,Pooja Mishra,323263.5,21286.88,1,5.0
CUST17225,Arjun Rao,323207.39999999997,24576.98,1,4.0
CUST15235,Ankit Mohanty,323194.75,43507.9324333333,1,5.0
CUST19069,Akash Panda,323092.0,19602.0,1,5.0
CUST17494,Shreya Gupta,323074.8,24225.78,1,4.0
CUST21862,Manish Verma,323013.60000000003,33365.27259999996,1,4.0
CUST12280,Anjali Reddy,322896.0,39630.77543333335,1,4.0
CUST10912,Amit Mehta,322875.0,26354.77,1,5.0
CUST26431,Manish Singh,322857.2,42738.12,1,4.0
CUST20071,Rahul Sahu,322779.0,58293.45,1,5.0
CUST12433,Raj Mishra,322773.75,34282.78,1,5.0
CUST10932,Akash Verma,322718.4,42047.63696666656,1,4.0
CUST10029,Manish Mohanty,322540.0,33643.69,1,5.0
CUST24928,Anjali Dutta,322524.0,36276.72770000004,1,4.0
CUST28562,Vikas Das,322519.5,47563.44,1,5.0
CUST19597,Sanjay Jain,322402.5,33050.23,1,5.0
CUST28281,Sanjay Pradhan,322344.0,43342.90316666667,1,4.0
CUST22375,Rahul Sharma,322184.0,46707.38336666667,1,4.0
CUST15585,Deepak Rao,322157.5,46580.09,1,5.0
CUST18173,Rahul Jain,322135.0,39949.72110000004,1,5.0
CUST10959,Neha Rao,322094.75,20575.11,1,5.0
CUST19628,Deepak Pradhan,322092.0,58316.65,1,5.0
CUST13826,Riya Das,322028.0,36230.64,1,5.0
CUST19990,Sanjay Sahu,321932.0,43196.41,1,5.0
CUST17794,Raj Kumar,321915.0,45018.52,1,5.0
CUST17576,Deepak Sahu,321856.2,48564.8,1,4.0
CUST21912,Rohit Pradhan,321818.2,45743.991733333416,1,4.0
CUST11668,Rohit Kumar,321764.0,51809.49,1,4.0
CUST19730,Anjali Rao,321714.8,38290.85083333343,1,4.0
CUST25294,Amit Kumar,321692.0,32477.01,1,5.0
CUST17224,Ankit Mohanty,321616.0,47327.898299999964,1,4.0
CUST10821,Vikas Dutta,321594.0,39474.09,1,5.0
CUST21014,Neha Behera,321475.25,57348.85,1,5.0
CUST15247,Deepak Yadav,321420.0,41957.91703333335,1,5.0
CUST15231,Pooja Jain,321413.5,35036.07,1,5.0
CUST13195,Manish Mishra,321397.2,56673.94,1,4.0
CUST23024,Priya Yadav,321363.75,38245.0214,1,5.0
CUST23740,Deepak Mishra,321327.2,35126.32233333335,1,4.0
CUST10558,Deepak Mehta,321245.0,27811.11,1,5.0
CUST19853,Priya Jain,321240.0,35271.13089999999,1,5.0
CUST22201,Ankit Yadav,321212.0,27177.97,1,5.0
CUST17935,Sanjay Dutta,321145.0,58146.46,1,5.0
CUST23978,Nisha Dutta,321099.39999999997,17507.06,1,4.0
CUST17106,Sanjay Jain,321069.6,38780.05,1,4.0
CUST28104,Sanjay Verma,320960.0,52284.69,1,5.0
CUST27481,Vivek Nayak,320896.0,46993.56,1,5.0
CUST22973,Vikas Behera,320878.8,31571.47,1,4.0
CUST15077,Arjun Gupta,320835.0,24097.27,1,5.0
CUST13921,Deepak Pradhan,320598.0,55226.71,1,5.0
CUST17370,Riya Dutta,320530.0,22991.01,1,5.0
CUST22857,Amit Singh,320430.0,48159.59,1,5.0
CUST24662,Nisha Mohanty,320416.0,53331.77,1,4.0
CUST14114,Deepak Mohanty,320378.4,37372.03073333332,1,4.0
CUST15870,Swati Behera,320360.0,33852.36423333326,1,5.0
CUST17151,Manish Sharma,320294.39999999997,37231.04506666666,1,4.0
CUST20650,Deepak Reddy,320285.0,58680.32,1,5.0
CUST20633,Sanjay Mehta,320248.8,42048.414333333356,1,4.0
CUST20521,Pooja Mohanty,320223.75,31656.02,1,5.0
CUST12063,Pooja Nayak,320012.0,48189.58,1,5.0
CUST25634,Pooja Panda,319974.0,32349.273266666663,1,4.0
CUST27516,Vikas Mehta,319942.0,51222.2,1,5.0
CUST28305,Deepak Mehta,319924.0,57069.84,1,4.0
CUST28971,Sanjay Singh,319871.25,33357.87,1,5.0
CUST15811,Vikas Yadav,319756.0,56087.45,1,4.0
CUST15432,Ankit Kumar,319744.5,50658.81,1,5.0
CUST22552,Arjun Dutta,319687.5,42079.53743333329,1,5.0
CUST16877,Anjali Nayak,319630.6,28822.280966666694,1,4.0
CUST20680,Sanjay Patel,319545.6,31049.649900000015,1,4.0
CUST25225,Rohit Sahu,319521.60000000003,35699.0554333333,1,4.0
CUST17486,Priya Sharma,319366.4,37241.8038,1,4.0
CUST14183,Pooja Gupta,319333.5,49279.24,1,5.0
CUST19290,Vivek Panda,319290.0,55641.23,1,5.0
CUST28630,Priya Mohanty,319187.2,29321.41,1,4.0
CUST14255,Abhishek Jain,319137.0,39501.81826666664,1,5.0
CUST26007,Swati Verma,319012.0,44412.8812333333,1,4.0
CUST12656,Arjun Nayak,318930.0,37982.12,1,5.0
CUST26574,Deepak Reddy,318900.0,47887.36,1,4.0
CUST27755,Raj Sahu,318876.0,34309.261966666636,1,5.0
CUST23039,Rohit Pradhan,318811.5,58820.21,1,5.0
CUST15414,Arjun Singh,318683.2,44831.55,1,4.0
CUST21553,Sanjay Pradhan,318672.0,19265.01,1,5.0
CUST24483,Abhishek Singh,318640.0,33128.25079999994,1,5.0
CUST14308,Kavita Rao,318608.0,45305.17493333332,1,4.0
CUST12516,Karan Dutta,318597.0,38523.9,1,4.0
CUST23170,Manish Das,318523.5,46261.26,1,5.0
CUST19518,Amit Mehta,318473.25,51951.51,1,5.0
CUST24137,Arjun Mishra,318377.60000000003,37318.59,1,4.0
CUST14806,Sneha Dutta,318373.2,24243.92,1,4.0
CUST25102,Amit Sahu,318352.5,39561.589933333365,1,5.0
CUST28629,Rahul Yadav,318278.5,50922.58,1,5.0
CUST25895,Kavita Yadav,318268.0,37200.74766666661,1,4.0
CUST21668,Arjun Behera,318261.60000000003,28110.94,1,4.0
CUST19952,Rohit Mohanty,318236.0,37641.98640000002,1,5.0
CUST19958,Manish Sharma,318170.2,39796.8,1,4.0
CUST18794,Akash Pradhan,318166.4,31787.80313333332,1,4.0
CUST27052,Ankit Dutta,318158.8,42236.460900000064,1,4.0
CUST28458,Priya Mishra,318150.0,25478.22,1,5.0
CUST27010,Priya Patel,318071.25,40329.99196666673,1,5.0
CUST19116,Deepak Verma,318059.0,39993.066966666614,1,5.0
CUST20915,Sneha Patel,317938.5,50166.97,1,5.0
CUST22868,Neha Nayak,317936.5,26112.11,1,5.0
CUST26991,Akash Mohanty,317917.5,38855.40849999996,1,5.0
CUST19673,Vivek Sahu,317908.0,38271.70516666662,1,4.0
CUST11891,Neha Panda,317810.75,29894.62,1,5.0
CUST16592,Deepak Dutta,317737.0,38501.42443333334,1,4.0
CUST10485,Shreya Verma,317737.0,39641.29736666667,1,5.0
CUST25587,Deepak Gupta,317728.0,35370.88,1,4.0
CUST11116,Kavita Mohanty,317720.0,50438.84,1,5.0
CUST14430,Raj Verma,317675.6,19468.47,1,4.0
CUST17319,Amit Singh,317641.60000000003,27692.13,1,4.0
CUST20615,Priya Gupta,317604.0,34895.10970000002,1,4.0
CUST23620,Pooja Behera,317547.0,43214.05136666665,1,5.0
CUST25943,Karan Kumar,317482.5,41126.32119999994,1,5.0
CUST17857,Neha Panda,317344.0,28054.71,1,5.0
CUST19341,Anjali Yadav,317320.0,31902.92,1,4.0
CUST19539,Ankit Sharma,317305.0,22645.4,1,4.0
CUST19721,Rahul Nayak,317203.0,28567.1,1,5.0
CUST16584,Ankit Sahu,317190.25,39814.85346666677,1,5.0
CUST21115,Rahul Sharma,317104.39999999997,36400.03083333333,1,4.0
CUST14128,Manish Nayak,317097.60000000003,28265.45,1,4.0
CUST11484,Sneha Mohanty,317070.39999999997,28221.18,1,4.0
CUST13833,Riya Das,317056.0,16861.4,1,4.0
CUST26383,Raj Gupta,316922.5,37913.96,1,5.0
CUST16030,Amit Gupta,316922.27999999997,28081.53,1,4.0
CUST20720,Sneha Nayak,316828.8,38784.11103333332,1,4.0
CUST20722,Sneha Gupta,316804.0,37873.801433333305,1,4.0
CUST15649,Manish Das,316760.4,33977.70733333335,1,4.0
CUST14250,Sanjay Rao,316740.0,18460.79,1,4.0
CUST13073,Ankit Panda,316659.0,37560.39306666669,1,5.0
CUST25447,Abhishek Mohanty,316647.0,27744.7,1,5.0
CUST11060,Abhishek Panda,316620.0,43352.1,1,4.0
CUST20639,Shreya Rao,316528.0,18991.18,1,4.0
CUST12601,Sneha Reddy,316361.39999999997,39997.12,1,4.0
CUST22929,Suresh Verma,316126.75,39274.16,1,5.0
CUST18117,Anjali Behera,315993.75,35001.46593333337,1,5.0
CUST18701,Kavita Jain,315856.0,35930.08,1,5.0
CUST27073,Raj Rao,315824.4,48693.71,1,4.0
CUST17312,Arjun Yadav,315736.75,19842.56,1,5.0
CUST12075,Riya Sahu,315511.2,37573.83,1,4.0
CUST22754,Manish Pradhan,315438.75,41717.582333333216,1,5.0
CUST19327,Kavita Behera,315396.0,31927.84,1,4.0
CUST17958,Kavita Nayak,315392.4,31212.37,1,4.0
CUST25856,Rahul Patel,315308.80000000005,18829.6,1,4.0
CUST24387,Vivek Das,315216.0,37230.99619999996,1,4.0
CUST14420,Nisha Nayak,315210.0,48161.9,1,4.0
CUST10808,Amit Sahu,315016.8,41959.58,1,4.0
CUST28987,Deepak Pradhan,315012.0,38702.86413333334,1,5.0
CUST14956,Anjali Gupta,314932.0,32800.68,1,5.0
CUST11563,Nisha Nayak,314865.5,44503.74856666668,1,5.0
CUST13008,Pooja Mehta,314857.5,56942.26,1,5.0
CUST14080,Nisha Mishra,314783.0,54274.82,1,5.0
CUST14363,Ankit Yadav,314685.0,45419.8,1,5.0
CUST12168,Ankit Patel,314630.5,54447.78,1,5.0
CUST19202,Amit Gupta,314572.80000000005,36742.56,1,4.0
CUST21067,Sneha Jain,314560.0,16993.7,1,4.0
CUST28567,Riya Kumar,314469.0,33019.8960666666,1,5.0
CUST18894,Kavita Nayak,314449.2,46024.96,1,4.0
CUST12357,Sanjay Mehta,314359.75,42105.11386666671,1,5.0
CUST23876,Deepak Yadav,314312.0,41949.08826666669,1,4.0
CUST13060,Nisha Pradhan,314280.0,23114.18,1,5.0
CUST19349,Anjali Pradhan,314240.5,34845.16,1,5.0
CUST14671,Suresh Das,314240.0,18928.43,1,4.0
CUST22469,Deepak Gupta,314096.4,37763.468833333296,1,4.0
CUST18909,Sneha Singh,314070.75,48583.71,1,5.0
CUST24437,Sanjay Sahu,314065.25,56816.32,1,5.0
CUST12021,Neha Nayak,314045.0,15909.09,1,5.0
CUST12100,Shreya Pradhan,314041.0,39834.88,1,5.0
CUST13130,Riya Patel,313951.25,20524.76,1,5.0
CUST17093,Sneha Kumar,313694.5,39952.276466666786,1,5.0
CUST17092,Arjun Jain,313691.0,29259.21,1,5.0
CUST25531,Amit Panda,313552.0,23283.98,1,4.0
CUST13488,Anjali Panda,313542.75,47717.559433333416,1,5.0
CUST19600,Nisha Mishra,313425.6,23268.84,1,4.0
CUST23941,Shreya Singh,313260.0,19099.8,1,4.0
CUST25476,Vikas Reddy,313177.39999999997,45212.65,1,4.0
CUST14031,Vivek Jain,313160.0,40015.41,1,5.0
CUST17508,Deepak Dutta,313143.75,52260.81,1,5.0
CUST19701,Swati Mohanty,313113.75,20343.58,1,5.0
CUST26593,Suresh Pradhan,313056.0,25698.66,1,5.0
CUST14150,Priya Patel,313047.0,41207.432300000044,1,5.0
CUST26367,Sneha Panda,313012.0,35296.04206666665,1,5.0
CUST25070,Akash Gupta,313001.5,38597.81103333338,1,5.0
CUST12016,Manish Rao,312995.0,48503.8,1,5.0
CUST20349,Priya Behera,312915.0,38968.81156666665,1,5.0
CUST19467,Priya Mohanty,312804.6,38465.72396666661,1,4.0
CUST26155,Neha Behera,312659.75,38240.74,1,5.0
CUST20914,Arjun Sahu,312496.0,40661.4797666667,1,4.0
CUST27692,Rohit Rao,312432.0,50998.01,1,4.0
CUST20894,Amit Sahu,312408.0,46181.87,1,4.0
CUST11855,Karan Pradhan,312407.5,24222.22,1,5.0
CUST22580,Amit Gupta,312379.25,24466.97043333339,1,5.0
CUST17027,Riya Yadav,312300.2,23810.53,1,4.0
CUST23524,Ankit Verma,312256.0,32670.98,1,4.0
CUST14330,Suresh Dutta,312102.0,46063.29,1,5.0
CUST19099,Manish Verma,312077.5,17218.23,1,5.0
CUST22675,Rahul Verma,311988.75,44918.09,1,5.0
CUST15714,Anjali Kumar,311916.0,18128.03,1,4.0
CUST24798,Arjun Patel,311870.0,54408.42,1,5.0
CUST24877,Arjun Sharma,311852.0,43922.89,1,4.0
CUST25110,Swati Reddy,311785.2,56587.87,1,4.0
CUST17607,Vivek Sharma,311734.8,20117.02,1,4.0
CUST15057,Ankit Yadav,311710.0,40472.35193333333,1,5.0
CUST16330,Rahul Pradhan,311660.0,19547.93,1,4.0
CUST14452,Arjun Das,311633.25,51823.17,1,5.0
CUST11762,Rohit Panda,311630.0,17454.91,1,5.0
CUST10672,Akash Mohanty,311579.39999999997,22850.56,1,4.0
CUST21818,Pooja Mehta,311533.5,18226.16,1,5.0
CUST17064,Amit Pradhan,311463.75,24935.35,1,5.0
CUST25253,Ankit Patel,311419.5,42171.41753333337,1,5.0
CUST28756,Priya Jain,311284.6,52362.21,1,4.0
CUST18267,Rohit Sharma,311222.39999999997,31649.425600000013,1,4.0
CUST12037,Vikas Jain,311220.0,35398.41,1,4.0
CUST16556,Pooja Dutta,311120.39999999997,31074.82,1,4.0
CUST25775,Arjun Kumar,311035.5,41683.86883333329,1,5.0
CUST23415,Deepak Sharma,311024.0,41339.03,1,4.0
CUST27123,Abhishek Sharma,310987.8,28364.380466666662,1,4.0
CUST18222,Pooja Jain,310950.5,34851.08483333337,1,5.0
CUST15682,Shreya Reddy,310891.5,45141.316433333406,1,5.0
CUST27710,Shreya Sharma,310844.0,37586.235233333406,1,5.0
CUST28885,Arjun Das,310821.0,32259.959400000025,1,5.0
CUST19039,Suresh Sharma,310811.25,34267.51873333329,1,5.0
CUST26054,Amit Mishra,310572.0,19584.71,1,4.0
CUST23635,Manish Verma,310540.5,48799.45,1,5.0
CUST17726,Akash Panda,310488.75,24545.08,1,5.0
CUST25840,Suresh Gupta,310368.0,19690.47,1,4.0
CUST14566,Ankit Gupta,310345.0,43503.17,1,5.0
CUST19581,Amit Behera,310334.6,41893.77,1,4.0
CUST20698,Vivek Pradhan,310318.0,35228.55443333325,1,4.0
CUST18860,Amit Mishra,310237.2,58233.17,1,4.0
CUST19710,Rohit Reddy,310168.39999999997,55178.02,1,4.0
CUST28594,Anjali Pradhan,310118.0,30275.85,1,5.0
CUST23975,Raj Mohanty,310083.2,29504.16,1,4.0
CUST26756,Neha Kumar,310016.0,17001.9,1,5.0
CUST28685,Vivek Panda,309999.60000000003,21146.95,1,4.0
CUST26419,Rohit Reddy,309968.0,43997.45,1,4.0
CUST11409,Nisha Dutta,309936.0,44470.15496666656,1,4.0
CUST21470,Vikas Kumar,309888.75,35653.58,1,5.0
CUST22076,Suresh Verma,309865.60000000003,32602.957100000094,1,4.0
CUST27255,Akash Dutta,309764.6,33068.27,1,4.0
CUST20522,Deepak Nayak,309692.8,26644.05493333342,1,4.0
CUST28839,Suresh Nayak,309690.0,57091.08,1,5.0
CUST23649,Karan Verma,309644.0,54378.65,1,4.0
CUST21422,Priya Kumar,309635.39999999997,37928.9137999999,1,4.0
CUST28467,Rahul Das,309465.0,41955.74373333331,1,5.0
CUST10096,Vivek Gupta,309352.5,30899.949866666633,1,5.0
CUST23147,Pooja Dutta,309341.25,36952.66486666666,1,5.0
CUST23225,Vivek Yadav,309337.5,28167.94,1,5.0
CUST11833,Unknown,309316.5,29933.66,1,5.0
CUST15949,Akash Pradhan,309240.0,36434.29186666666,1,5.0
CUST12120,Karan Patel,309183.25,32955.550999999985,1,5.0
CUST26497,Priya Sharma,309132.0,38713.57613333331,1,5.0
CUST24250,Nisha Yadav,309116.8,52262.35,1,4.0
CUST16449,Kavita Mohanty,309025.0,41104.54,1,5.0
CUST11176,Raj Reddy,308995.39999999997,36518.2521333333,1,4.0
CUST24939,Kavita Dutta,308974.2,21753.81,1,4.0
CUST15232,Priya Kumar,308809.60000000003,57387.42,1,4.0
CUST14473,Ankit Das,308665.60000000003,42812.33,1,4.0
CUST20006,Vikas Dutta,308532.0,15806.18,1,4.0
CUST22542,Priya Patel,308521.60000000003,34855.85,1,4.0
CUST10265,Arjun Reddy,308510.0,40383.02683333334,1,5.0
CUST16736,Raj Jain,308498.25,28553.34,1,5.0
CUST27559,Shreya Jain,308475.0,55937.99,1,5.0
CUST10331,Riya Gupta,308468.39999999997,22728.88,1,4.0
CUST16487,Akash Singh,308442.2,33778.92849999997,1,4.0
CUST11737,Pooja Patel,308343.60000000003,17834.4,1,4.0
CUST17940,Sneha Mishra,308278.0,38335.81,1,5.0
CUST22344,Sneha Jain,308240.0,46586.48,1,5.0
CUST21540,Ankit Patel,308208.0,33328.95173333338,1,4.0
CUST19913,Karan Dutta,308201.5,20758.72,1,5.0
CUST26965,Anjali Pradhan,308118.4,17835.2,1,4.0
CUST11180,Akash Dutta,308073.60000000003,45576.74,1,4.0
CUST28904,Shreya Rao,308011.5,36936.43,1,5.0
CUST15794,Suresh Das,307986.0,38542.382,1,5.0
CUST12234,Vikas Mehta,307945.60000000003,17135.15,1,4.0
CUST23092,Raj Gupta,307879.8,20674.05,1,4.0
CUST23046,Manish Yadav,307768.0,25515.43,1,5.0
CUST20382,Kavita Nayak,307720.0,40504.19,1,5.0
CUST15142,Ankit Singh,307693.6,22441.93,1,4.0
CUST27068,Unknown,307672.0,35771.29539999997,1,5.0
CUST19168,Kavita Nayak,307556.0,42737.13,1,4.0
CUST14781,Nisha Rao,307497.60000000003,16580.58,1,4.0
CUST14788,Vikas Yadav,307492.6,43532.35,1,4.0
CUST27145,Abhishek Pradhan,307429.5,30265.4,1,5.0
CUST22296,Pooja Gupta,307410.0,19002.27,1,5.0
CUST12071,Amit Jain,307267.5,18880.14,1,5.0
CUST26680,Deepak Pradhan,307228.0,38142.84,1,4.0
CUST16569,Vivek Sharma,307190.0,29863.19,1,5.0
CUST18518,Arjun Mishra,307145.60000000003,54976.99,1,4.0
CUST24056,Ankit Sharma,307086.48,15420.47,1,4.0
CUST24457,Deepak Mehta,306933.6,34267.27079999995,1,4.0
CUST24276,Priya Gupta,306885.60000000003,24657.95,1,4.0
CUST16258,Swati Panda,306780.0,57051.8,1,5.0
CUST28159,Rahul Behera,306777.8,51625.31,1,4.0
CUST10537,Akash Sahu,306738.75,23255.17,1,5.0
CUST17814,Shreya Kumar,306734.39999999997,23107.03,1,4.0
CUST28455,Swati Reddy,306683.75,41789.16196666668,1,5.0
CUST13560,Suresh Mehta,306580.0,42232.215033333334,1,5.0
CUST19195,Pooja Behera,306543.60000000003,34898.53536666663,1,4.0
CUST23224,Nisha Nayak,306527.0,37310.44936666664,1,5.0
CUST13053,Ankit Reddy,306469.2,22045.37,1,4.0
CUST20309,Karan Sahu,306395.25,41141.40803333332,1,5.0
CUST13960,Arjun Singh,306340.0,38213.829800000014,1,5.0
CUST19003,Raj Kumar,306249.60000000003,48629.31,1,4.0
CUST27999,Priya Verma,306189.0,38117.643999999986,1,5.0
CUST20529,Akash Dutta,306180.0,46312.87206666656,1,5.0
CUST22576,Vikas Mehta,306068.4,42342.02066666669,1,4.0
CUST16946,Swati Sharma,306006.8,51680.7,1,4.0
CUST10092,Deepak Nayak,305987.5,35126.76,1,5.0
CUST17853,Karan Patel,305885.75,47797.45,1,5.0
CUST23769,Shreya Behera,305867.39999999997,53156.07,1,4.0
CUST19619,Anjali Sharma,305833.5,48530.76,1,5.0
CUST14877,Ankit Reddy,305790.75,33050.4986,1,5.0
CUST18496,Swati Dutta,305647.2,48346.61,1,4.0
CUST21284,Amit Gupta,305600.75,50980.55,1,5.0
CUST10448,Sneha Singh,305550.0,49369.16,1,5.0
CUST28771,Pooja Patel,305473.0,24057.48,1,5.0
CUST17704,Vikas Das,305460.25,54467.96,1,5.0
CUST19799,Ankit Kumar,305358.5,43906.79,1,5.0
CUST12012,Nisha Nayak,305347.2,20686.73,1,4.0
CUST27968,Shreya Pradhan,305344.0,18113.88,1,4.0
CUST22674,Raj Kumar,305120.0,25929.29,1,4.0
CUST12965,Shreya Reddy,305030.4,34949.9482000001,1,4.0
CUST16951,Vikas Nayak,305017.2,41290.06009999995,1,4.0
CUST20589,Abhishek Jain,304960.0,29118.850833333378,1,4.0
CUST21416,Manish Kumar,304668.75,26624.68,1,5.0
CUST27457,Ankit Rao,304427.5,43566.02693333329,1,5.0
CUST19293,Arjun Reddy,304335.0,39439.73,1,5.0
CUST13070,Manish Mohanty,304260.0,55407.38,1,5.0
CUST25998,Sanjay Dutta,304200.0,40386.80926666669,1,5.0
CUST25342,Ankit Mehta,304192.5,33158.35,1,5.0
CUST15560,Neha Jain,304117.2,52766.67,1,4.0
CUST19437,Abhishek Nayak,304005.0,51317.74,1,5.0
CUST14505,Swati Reddy,303972.0,40356.67843333337,1,5.0
CUST11201,Akash Mehta,303965.8,19440.79,1,4.0
CUST22402,Raj Pradhan,303872.0,26741.76,1,4.0
CUST20485,Manish Patel,303785.0,24822.0,1,5.0
CUST12644,Arjun Sahu,303782.5,36289.15,1,5.0
CUST13499,Pooja Singh,303760.0,17219.99,1,4.0
CUST13045,Manish Gupta,303690.0,54216.12,1,5.0
CUST19250,Shreya Das,303633.0,57772.85,1,5.0
CUST14785,Raj Gupta,303624.0,25153.9,1,4.0
CUST28062,Sneha Mehta,303619.2,39100.71656666663,1,4.0
CUST28564,Anjali Gupta,303504.0,35541.641300000076,1,4.0
CUST28519,Neha Sahu,303422.8,45065.73,1,4.0
CUST10997,Raj Dutta,303404.0,50078.63,1,4.0
CUST12032,Priya Verma,303344.6,37556.215966666765,1,4.0
CUST23822,Rahul Mohanty,303313.5,17733.42,1,5.0
CUST14215,Ankit Nayak,303297.0,41048.484000000055,1,5.0
CUST12526,Amit Nayak,303202.0,37914.34053333329,1,4.0
CUST26172,Vivek Rao,303196.5,30537.31,1,5.0
CUST28379,Vivek Mishra,303131.25,55635.42,1,5.0
CUST18191,Nisha Jain,303033.60000000003,39275.72,1,4.0
CUST13494,Kavita Yadav,303030.0,32584.24,1,5.0
CUST15864,Suresh Mishra,302988.25,28135.5,1,5.0
CUST23656,Vivek Panda,302970.2,39182.50153333333,1,4.0
CUST14642,Deepak Sahu,302924.8,37707.99019999999,1,4.0
CUST22394,Vivek Sharma,302909.39999999997,19331.3,1,4.0
CUST22334,Shreya Mehta,302839.2,38365.08,1,4.0
CUST13122,Priya Das,302661.2,28514.91413333331,1,4.0
CUST19196,Kavita Sahu,302641.5,33783.47,1,5.0
CUST10525,Suresh Reddy,302592.0,26746.44,1,5.0
CUST21026,Swati Dutta,302528.0,41497.73,1,4.0
CUST26826,Deepak Nayak,302490.0,36554.97,1,5.0
CUST13629,Ankit Das,302480.0,30822.01,1,4.0
CUST24458,Neha Verma,302476.0,41102.71,1,5.0
CUST13459,Suresh Mehta,302432.0,41375.22990000004,1,4.0
CUST24956,Karan Gupta,302430.0,37434.93,1,5.0
CUST14056,Shreya Gupta,302392.6,17599.21,1,4.0
CUST14110,Sanjay Gupta,302366.25,40993.27,1,5.0
CUST27501,Sneha Patel,302354.6,19822.05,1,4.0
CUST27551,Priya Singh,302286.2,43063.42,1,4.0
CUST24763,Arjun Gupta,302274.0,34651.607333333275,1,5.0
CUST18381,Abhishek Kumar,302268.0,42837.56,1,5.0
CUST11980,Kavita Patel,302152.0,40278.95,1,5.0
CUST16704,Vivek Jain,302008.5,40756.3,1,5.0
CUST16543,Neha Reddy,301937.0,42514.551166666606,1,5.0
CUST10774,Abhishek Yadav,301920.0,26486.37,1,5.0
CUST23678,Raj Mishra,301904.0,39220.88206666668,1,5.0
CUST20276,Rahul Yadav,301824.8,18806.27,1,4.0
CUST15065,Kavita Patel,301728.75,29910.58,1,5.0
CUST16244,Unknown,301675.0,32427.073399999972,1,5.0
CUST15015,Akash Dutta,301656.5,48376.79,1,5.0
CUST13854,Pooja Gupta,301507.5,33112.72,1,5.0
CUST13093,Sanjay Dutta,301493.5,47114.43,1,5.0
CUST24072,Riya Kumar,301435.5,34867.228500000034,1,5.0
CUST25782,Swati Dutta,301406.25,16863.65,1,5.0
CUST15053,Priya Rao,301314.8,28951.3,1,4.0
CUST18613,Nisha Pradhan,301312.5,39513.63466666664,1,5.0
CUST26892,Shreya Behera,301298.2,33614.23040000001,1,4.0
CUST13546,Pooja Panda,301287.6,56616.06,1,4.0
CUST14252,Rohit Verma,301250.0,38653.75,1,5.0
CUST27271,Rohit Mehta,301216.2,23148.73,1,4.0
CUST24651,Sanjay Kumar,301057.5,38815.04,1,5.0
CUST22272,Abhishek Mehta,301001.25,23399.23,1,5.0
CUST13971,Kavita Mehta,300919.5,39795.91,1,5.0
CUST26719,Rahul Sharma,300887.8,27250.83,1,4.0
CUST16420,Manish Sharma,300721.5,40066.96,1,5.0
CUST19252,Anjali Pradhan,300636.0,35968.44,1,5.0
CUST20158,Vikas Gupta,300547.5,34188.01,1,5.0
CUST24718,Manish Mohanty,300524.0,48362.38,1,5.0
CUST15214,Karan Reddy,300517.5,18335.72,1,5.0
CUST19497,Kavita Mishra,300445.2,31883.99,1,4.0
CUST25364,Priya Sahu,300430.0,37569.842799999984,1,5.0
CUST24118,Priya Sharma,300406.5,41125.335633333336,1,5.0
CUST24161,Shreya Jain,300381.5,25461.3,1,5.0
CUST19630,Raj Rao,300363.75,49029.4,1,5.0
CUST26308,Pooja Kumar,300320.0,29127.67,1,4.0
CUST10040,Riya Mohanty,300303.0,38390.84,1,5.0
CUST27996,Akash Pradhan,300230.0,30226.42,1,5.0
CUST13590,Sneha Jain,300170.5,58101.04,1,5.0
CUST28203,Deepak Gupta,300057.60000000003,30308.73,1,4.0
CUST20496,Riya Das,299995.5,24877.61,1,5.0
CUST14588,Neha Behera,299946.0,58330.2,1,4.0
CUST16393,Nisha Patel,299901.0,16277.41,1,3.0
CUST13925,Karan Sharma,299884.5,57378.91,1,5.0
CUST20996,Abhishek Singh,299826.0,19491.65,1,5.0
CUST18572,Anjali Mishra,299796.0,18357.4,1,5.0
CUST20300,Deepak Mohanty,299788.0,37350.55,1,4.0
CUST11119,Sanjay Yadav,299767.8,51485.62,1,4.0
CUST18088,Vikas Sahu,299569.5,33741.44926666669,1,5.0
CUST15966,Sneha Gupta,299499.0,23285.49,1,3.0
CUST12886,Akash Sahu,299445.0,39429.7,1,5.0
CUST25752,Arjun Mohanty,299425.75,32315.17,1,5.0
CUST11885,Ankit Patel,299395.0,21268.32,1,5.0
CUST16571,Neha Mishra,299365.75,18175.33,1,5.0
CUST16596,Swati Behera,299364.0,24620.04,1,5.0
CUST19991,Karan Dutta,299341.0,19535.23,1,5.0
CUST12090,Ankit Singh,299329.8,41230.38,1,4.0
CUST27463,Manish Behera,299261.25,36540.51629999999,1,5.0
CUST14985,Neha Singh,299223.39999999997,42867.33,1,4.0
CUST11105,Amit Behera,299212.75,27698.966933333402,1,5.0
CUST12139,Neha Mishra,299159.2,17401.11,1,4.0
CUST16867,Karan Yadav,299130.0,36487.76,1,4.0
CUST26333,Akash Behera,299048.0,52591.91,1,4.0
CUST27019,Rohit Pradhan,298911.0,50371.7,1,3.0
CUST26018,Swati Das,298907.6,49883.41,1,4.0
CUST10283,Pooja Yadav,298872.0,35577.26,1,4.0
CUST14290,Karan Jain,298864.8,34080.771366666595,1,4.0
CUST18814,Ankit Rao,298777.5,33018.50666666666,1,5.0
CUST21322,Neha Sahu,298732.5,28033.17,1,5.0
CUST21879,Amit Jain,298528.0,34007.89503333335,1,4.0
CUST13295,Sanjay Singh,298513.2,49374.08,1,4.0
CUST21588,Sanjay Mohanty,298480.0,37084.94059999998,1,4.0
CUST10190,Sanjay Dutta,298467.0,53473.99,1,3.0
CUST12220,Raj Verma,298467.0,18913.69,1,3.0
CUST17392,Vikas Sahu,298400.0,17507.23,1,5.0
CUST17366,Vivek Reddy,298343.5,36337.39,1,5.0
CUST20729,Shreya Yadav,298324.0,29255.42,1,5.0
CUST10292,Vivek Kumar,298296.0,35758.67786666664,1,4.0
CUST26103,Suresh Verma,298291.5,38305.742466666656,1,5.0
CUST13697,Priya Sharma,298233.0,34556.61383333336,1,3.0
CUST19541,Vivek Pradhan,298201.60000000003,36778.62,1,4.0
CUST20551,Suresh Panda,298126.5,52787.14,1,5.0
CUST19686,Sanjay Jain,298091.25,31536.78,1,5.0
CUST22384,Rohit Kumar,297924.0,38949.13836666669,1,5.0
CUST28816,Deepak Pradhan,297840.0,36037.43,1,4.0
CUST18290,Vivek Das,297781.2,24997.1,1,4.0
CUST28393,Sanjay Sharma,297769.5,30171.97,1,5.0
CUST12779,Swati Verma,297768.0,30234.8,1,4.0
CUST25573,Akash Jain,297733.75,27987.44156666673,1,5.0
CUST19644,Shreya Das,297622.4,33001.76,1,4.0
CUST24974,Rahul Behera,297608.39999999997,51142.8,1,4.0
CUST23148,Swati Mishra,297542.0,34776.62683333335,1,5.0
CUST11481,Anjali Sahu,297427.75,35379.64,1,5.0
CUST18060,Suresh Singh,297424.0,40787.57,1,4.0
CUST22709,Akash Patel,297424.0,33540.52,1,4.0
CUST11952,Abhishek Panda,297411.0,27043.79,1,3.0
CUST12102,Kavita Mehta,297401.60000000003,37953.35113333331,1,4.0
CUST12378,Abhishek Dutta,297317.25,50397.91,1,5.0
CUST14400,Riya Rao,297228.39999999997,46283.85,1,4.0
CUST14129,Amit Behera,297207.0,23495.24,1,3.0
CUST22324,Suresh Singh,297198.0,44604.71,1,3.0
CUST19354,Raj Behera,297013.5,20277.13,1,5.0
CUST20954,Abhishek Singh,296956.0,16104.62,1,5.0
CUST28988,Raj Mehta,296887.5,41593.99,1,5.0
CUST13228,Ankit Sharma,296865.0,45902.39,1,5.0
CUST22310,Raj Verma,296833.6,56058.78,1,4.0
CUST27925,Pooja Sharma,296828.5,36239.7641666667,1,5.0
CUST11946,Rohit Nayak,296823.60000000003,26660.83,1,4.0
CUST25798,Nisha Mohanty,296818.0,39687.260166666696,1,4.0
CUST27778,Nisha Mehta,296805.0,51657.58,1,5.0
CUST22001,Karan Verma,296731.6,28225.04,1,4.0
CUST17338,Shreya Reddy,296700.0,28796.93,1,5.0
CUST18294,Shreya Rao,296642.5,55082.11,1,5.0
CUST21445,Akash Sharma,296508.75,39494.72,1,5.0
CUST17396,Akash Yadav,296493.6,43610.43,1,4.0
CUST27266,Sneha Dutta,296475.75,35665.32460000001,1,5.0
CUST10761,Rohit Verma,296285.5,41946.40160000003,1,5.0
CUST12435,Arjun Patel,296203.5,30059.02,1,5.0
CUST27509,Kavita Panda,296201.25,39580.66746666668,1,5.0
CUST13895,Arjun Singh,296026.5,47210.13,1,5.0
CUST13581,Manish Rao,295876.5,40448.36,1,5.0
CUST22784,Deepak Jain,295840.8,27854.35,1,4.0
CUST15647,Deepak Singh,295808.0,42254.89746666664,1,4.0
CUST21555,Kavita Sharma,295730.25,37965.738033333386,1,5.0
CUST10916,Nisha Rao,295725.2,37856.73,1,4.0
CUST18208,Manish Sahu,295650.0,51458.07,1,5.0
CUST26045,Sanjay Kumar,295547.0,52311.35,1,5.0
CUST18660,Rohit Patel,295491.0,31675.11,1,4.0
CUST18510,Ankit Reddy,295434.0,40054.267333333315,1,4.0
CUST28351,Sneha Patel,295411.2,45313.97,1,4.0
CUST15130,Anjali Mehta,295388.8,56594.12,1,4.0
CUST27211,Akash Mishra,295348.5,37601.63640000005,1,5.0
CUST19635,Neha Singh,295226.25,15573.49,1,5.0
CUST24845,Deepak Gupta,295205.0,57092.87,1,4.0
CUST10999,Neha Mehta,295106.0,41790.97863333341,1,5.0
CUST19386,Nisha Pradhan,295092.0,43987.32,1,4.0
CUST23235,Manish Sharma,295089.0,42969.38,1,5.0
CUST25140,Akash Behera,295088.5,18692.3,1,5.0
CUST11990,Pooja Nayak,295041.60000000003,56509.58,1,4.0
CUST19571,Rahul Sahu,294975.0,39319.944333333406,1,3.0
CUST12111,Nisha Jain,294903.0,36831.43,1,3.0
CUST11031,Kavita Jain,294838.2,41137.23,1,4.0
CUST22509,Shreya Verma,294675.75,52802.67,1,5.0
CUST28298,Akash Gupta,294487.6,57070.0,1,4.0
CUST24246,Amit Mohanty,294459.0,37277.877600000036,1,3.0
CUST14057,Ankit Mohanty,294440.0,43799.67,1,5.0
CUST27749,Raj Mishra,294408.0,44619.42,1,3.0
CUST15122,Pooja Mohanty,294393.0,58172.99,1,3.0
CUST17135,Manish Behera,294329.5,34397.359066666715,1,5.0
CUST28098,Priya Reddy,294291.2,47490.33,1,4.0
CUST28136,Ankit Singh,294249.60000000003,40164.765233333266,1,4.0
CUST15050,Deepak Das,294187.5,16718.15,1,5.0
CUST11998,Karan Kumar,294156.0,43716.03,1,4.0
CUST27670,Riya Reddy,294123.0,35618.89,1,4.0
CUST27307,Rohit Jain,294092.0,34319.565900000045,1,4.0
CUST27567,Priya Mehta,294064.0,34411.24,1,4.0
CUST21232,Suresh Mishra,294049.0,39556.56,1,5.0
CUST18790,Sneha Mehta,294023.5,34052.27276666666,1,5.0
CUST20810,Sneha Yadav,294001.39999999997,49200.9,1,4.0
CUST15677,Abhishek Mehta,293961.60000000003,44610.06,1,4.0
CUST13020,Arjun Kumar,293877.0,31367.193466666657,1,5.0
CUST14018,Pooja Nayak,293861.25,24501.52,1,5.0
CUST11964,Swati Kumar,293721.0,33676.11886666669,1,4.0
CUST16118,Akash Mohanty,293612.0,38752.18,1,5.0
CUST13650,Kavita Gupta,293587.5,58742.2,1,5.0
CUST15765,Akash Mohanty,293576.6,36132.69,1,4.0
CUST22521,Vivek Mishra,293531.0,48452.42,1,4.0
CUST27517,Priya Rao,293491.39999999997,18377.01,1,4.0
CUST28951,Swati Mehta,293248.0,39298.61,1,5.0
CUST15959,Karan Verma,293212.75,39628.57,1,5.0
CUST25594,Suresh Gupta,293185.0,46988.37,1,5.0
CUST11097,Raj Kumar,293171.8,58315.2,1,4.0
CUST28157,Amit Panda,293085.0,44367.82,1,3.0
CUST28243,Pooja Pradhan,293055.0,36354.07,1,5.0
CUST23591,Anjali Mohanty,293027.2,34006.67410000011,1,4.0
CUST14997,Raj Jain,292925.5,31154.88,1,5.0
CUST16595,Sanjay Pradhan,292923.6,41101.28,1,4.0
CUST20655,Rohit Das,292911.5,17053.1,1,5.0
CUST18776,Anjali Behera,292751.25,29515.893066666697,1,5.0
CUST24219,Arjun Behera,292692.0,15889.32,1,4.0
CUST17688,Rohit Yadav,292619.0,20478.28,1,5.0
CUST24467,Shreya Patel,292472.25,45227.62,1,5.0
CUST19508,Raj Nayak,292457.5,43647.86,1,5.0
CUST23717,Pooja Nayak,292391.0,16329.45,1,4.0
CUST17686,Deepak Mishra,292360.5,31810.98,1,5.0
CUST16837,Akash Mishra,292257.0,32918.05826666668,1,3.0
CUST24809,Riya Panda,292209.0,15265.34,1,3.0
CUST13065,Karan Pradhan,292113.0,31928.67,1,5.0
CUST15161,Sanjay Yadav,292101.0,48931.0,1,3.0
CUST27361,Sneha Reddy,292095.0,18415.57,1,5.0
CUST16679,Karan Jain,292093.2,50381.85,1,4.0
CUST26738,Akash Kumar,292036.0,44528.33,1,4.0
CUST19083,Sneha Sahu,292024.0,48405.7,1,5.0
CUST28774,Rahul Mehta,291988.0,52709.02,1,4.0
CUST17113,Swati Rao,291986.25,43717.25,1,5.0
CUST15364,Riya Pradhan,291981.60000000003,42248.79,1,4.0
CUST17418,Neha Patel,291787.75,42706.121699999996,1,5.0
CUST28955,Nisha Jain,291745.5,48346.37,1,5.0
CUST14015,Sanjay Kumar,291637.5,55083.63,1,5.0
CUST25774,Raj Panda,291510.0,51739.32,1,4.0
CUST19510,Shreya Behera,291441.0,38611.67,1,4.0
CUST28945,Unknown,291375.0,29478.34,1,5.0
CUST12436,Nisha Mishra,291363.0,46603.06,1,4.0
CUST21418,Ankit Mohanty,291321.0,23286.44,1,4.0
CUST13183,Vikas Das,291148.39999999997,21357.91,1,4.0
CUST20581,Sneha Yadav,291101.2,37646.3719,1,4.0
CUST16788,Deepak Gupta,291051.0,41141.23,1,4.0
CUST14337,Riya Patel,291048.75,42612.24003333331,1,5.0
CUST12464,Anjali Yadav,290951.75,52668.34,1,5.0
CUST27810,Vikas Nayak,290839.39999999997,58814.19,1,4.0
CUST13485,Abhishek Mishra,290793.75,24432.07,1,5.0
CUST26123,Suresh Gupta,290736.0,40412.60576666667,1,3.0
CUST24584,Sneha Patel,290712.0,19141.16,1,5.0
CUST28194,Amit Patel,290529.0,50214.56,1,5.0
CUST14500,Manish Das,290502.0,38968.72889999993,1,4.0
CUST19148,Sanjay Pradhan,290322.0,30460.84,1,3.0
CUST18508,Akash Yadav,290265.0,31845.29156666668,1,3.0
CUST15007,Rahul Jain,290217.0,16029.42,1,4.0
CUST17428,Rahul Rao,290205.0,39508.58,1,5.0
CUST17703,Priya Patel,290008.0,22202.7,1,5.0
CUST26457,Nisha Rao,289803.60000000003,43236.77,1,4.0
CUST24861,Kavita Yadav,289761.6,30245.34,1,4.0
CUST20788,Raj Das,289735.2,24226.08,1,4.0
CUST20828,Anjali Reddy,289710.6,18765.84,1,4.0
CUST22828,Manish Pradhan,289623.75,49801.73,1,5.0
CUST25625,Ankit Das,289599.0,46033.65,1,3.0
CUST14834,Vikas Yadav,289362.39999999997,34994.246366666695,1,4.0
CUST18978,Vikas Rao,289350.0,48375.03,1,3.0
CUST19339,Sneha Jain,289309.39999999997,49915.79,1,4.0
CUST11875,Suresh Reddy,289294.0,51652.49,1,4.0
CUST22944,Manish Mehta,289250.75,22624.32,1,5.0
CUST10408,Arjun Jain,289196.8,47543.72,1,4.0
CUST26860,Arjun Gupta,288990.0,45400.56,1,4.0
CUST15769,Akash Jain,288971.25,25045.7,1,5.0
CUST24254,Vivek Verma,288945.54,23129.41,1,3.0
CUST21625,Shreya Behera,288920.0,36896.48,1,5.0
CUST23037,Sneha Singh,288867.0,51486.03,1,3.0
CUST20072,Riya Singh,288836.0,31985.92,1,4.0
CUST20211,Karan Patel,288716.4,45756.01,1,4.0
CUST14737,Arjun Kumar,288701.25,35054.26443333335,1,5.0
CUST11047,Nisha Mohanty,288683.5,54862.26,1,5.0
CUST26417,Raj Behera,288637.5,34369.87,1,5.0
CUST19158,Abhishek Behera,288636.0,43689.05,1,5.0
CUST15250,Anjali Sharma,288612.0,43540.82,1,5.0
CUST20970,Neha Behera,288591.0,32493.06,1,4.0
CUST25174,Akash Rao,288369.0,17511.39,1,5.0
CUST11168,Neha Pradhan,288340.2,25913.14,1,4.0
CUST21839,Vikas Reddy,288328.8,29516.39253333334,1,4.0
CUST26730,Rahul Jain,288273.75,39227.83,1,5.0
CUST26639,Arjun Sahu,288269.0,46476.99,1,5.0
CUST12689,Shreya Kumar,288104.4,24306.51,1,4.0
CUST28111,Raj Dutta,288032.4,36352.15,1,4.0
CUST21852,Raj Verma,287940.0,40927.30936666667,1,5.0
CUST25382,Vivek Mohanty,287903.2,55902.88,1,4.0
CUST15362,Sanjay Kumar,287903.2,43212.17,1,4.0
CUST22192,Suresh Pradhan,287827.5,49431.73,1,5.0
CUST18531,Rahul Yadav,287817.60000000003,41664.26,1,4.0
CUST20687,Pooja Sahu,287799.8,41233.14,1,4.0
CUST16088,Rohit Mohanty,287700.0,49366.67,1,5.0
CUST20582,Ankit Dutta,287688.0,46014.52,1,5.0
CUST26373,Swati Mishra,287595.0,25963.11,1,5.0
CUST25653,Sneha Jain,287508.25,21456.92,1,5.0
CUST12939,Riya Singh,287493.0,48300.32,1,3.0
CUST20675,Shreya Kumar,287451.0,47419.22,1,5.0
CUST24563,Shreya Jain,287392.0,38969.18036666667,1,5.0
CUST25143,Anjali Behera,287351.25,51826.6,1,5.0
CUST16761,Riya Reddy,287315.0,18693.94,1,5.0
CUST14115,Neha Sahu,287214.0,18145.61,1,3.0
CUST10511,Akash Yadav,287174.4,19420.71,1,4.0
CUST23578,Raj Sahu,287156.5,41750.79,1,5.0
CUST12006,Riya Singh,287136.0,17452.84,1,4.0
CUST27383,Akash Pradhan,287118.0,47835.46,1,5.0
CUST12630,Rohit Verma,287044.39999999997,38175.42610000008,1,4.0
CUST18900,Rohit Kumar,286893.75,35707.97189999996,1,5.0
CUST26852,Anjali Verma,286845.0,55949.47,1,3.0
CUST26466,Ankit Nayak,286821.0,56772.15,1,3.0
CUST15437,Rohit Mohanty,286728.0,24532.13,1,4.0
CUST15992,Shreya Patel,286683.75,20307.26,1,5.0
CUST26626,Suresh Yadav,286608.0,56278.78,1,3.0
CUST14429,Deepak Rao,286605.0,44780.38,1,5.0
CUST19928,Neha Panda,286562.2,28108.79,1,4.0
CUST18850,Akash Behera,286548.5,40419.92,1,5.0
CUST23916,Amit Jain,286433.0,19510.7,1,4.0
CUST18395,Karan Sharma,286356.0,46881.70789999998,1,3.0
CUST15469,Vikas Sahu,286284.0,54144.08,1,4.0
CUST12631,Karan Panda,286263.0,43444.99,1,5.0
CUST16059,Raj Patel,286212.2,22657.0,1,4.0
CUST21137,Riya Rao,286192.8,33513.19819999998,1,4.0
CUST22566,Riya Nayak,286168.0,19688.59,1,4.0
CUST16337,Swati Kumar,286136.0,22514.24,1,5.0
CUST20886,Nisha Pradhan,286070.4,53496.45,1,4.0
CUST23914,Rohit Nayak,286053.0,31782.41,1,4.0
CUST13212,Amit Reddy,285982.5,35550.45,1,5.0
CUST17355,Rahul Reddy,285870.0,43552.51,1,5.0
CUST21047,Neha Gupta,285868.0,36638.37803333329,1,5.0
CUST17729,Rohit Patel,285756.8,39569.49286666674,1,4.0
CUST27846,Manish Singh,285743.5,52569.93,1,5.0
CUST13882,Vivek Rao,285670.0,41266.09,1,5.0
CUST20575,Pooja Kumar,285565.5,26389.27,1,5.0
CUST22683,Manish Kumar,285540.0,37099.22,1,4.0
CUST22515,Vikas Nayak,285395.2,35557.0,1,4.0
CUST22205,Arjun Panda,285351.0,28974.84,1,4.0
CUST10293,Anjali Mohanty,285349.25,27268.95729999996,1,5.0
CUST10524,Rohit Rao,285302.4,35627.65386666672,1,4.0
CUST27578,Raj Sharma,285251.5,50861.78,1,5.0
CUST16760,Priya Panda,285228.0,56485.06,1,5.0
CUST13209,Arjun Mehta,285216.0,23865.73,1,4.0
CUST14039,Vikas Nayak,285215.0,51489.79,1,5.0
CUST15611,Suresh Mohanty,285156.75,27936.65,1,5.0
CUST15801,Kavita Dutta,285061.75,21385.01,1,5.0
CUST12704,Suresh Rao,285048.0,36234.45,1,5.0
CUST10591,Shreya Nayak,284871.75,22567.34,1,5.0
CUST17459,Kavita Rao,284817.6,20501.91,1,4.0
CUST16980,Neha Behera,284758.4,46737.81,1,4.0
CUST28964,Vikas Verma,284727.60000000003,39156.06266666662,1,4.0
CUST20137,Rohit Das,284669.25,23532.09,1,5.0
CUST17430,Abhishek Mohanty,284648.0,47573.1,1,5.0
CUST14025,Vivek Verma,284619.0,39089.15596666675,1,3.0
CUST10779,Sanjay Das,284570.0,34133.406833333356,1,5.0
CUST27426,Akash Behera,284528.0,38434.36713333338,1,4.0
CUST24990,Rohit Yadav,284508.0,18109.06,1,4.0
CUST21556,Nisha Gupta,284430.39999999997,37702.14,1,4.0
CUST28691,Abhishek Kumar,284430.0,33780.37346666677,1,3.0
CUST17208,Riya Mishra,284403.75,45374.71,1,5.0
CUST24546,Priya Pradhan,284358.4,32475.27,1,4.0
CUST23756,Nisha Mohanty,284285.6,45697.82,1,4.0
CUST22330,Riya Pradhan,284265.60000000003,31065.574299999935,1,4.0
CUST23883,Priya Rao,284190.0,50010.27,1,4.0
CUST18777,Rohit Sahu,284136.0,22457.23,1,3.0
CUST15665,Priya Pradhan,284134.5,25579.15,1,5.0
CUST23449,Sneha Rao,284025.0,34635.77,1,4.0
CUST20078,Amit Das,283993.95,28135.4,1,3.0
CUST28326,Priya Mishra,283950.0,30901.33,1,5.0
CUST13545,Nisha Verma,283917.0,32006.04,1,4.0
CUST21424,Raj Pradhan,283807.75,56140.58,1,5.0
CUST22640,Pooja Sahu,283738.39999999997,41189.98,1,4.0
CUST17019,Vivek Nayak,283713.75,36520.95,1,5.0
CUST15321,Manish Verma,283689.0,56005.96,1,5.0
CUST13647,Arjun Sahu,283592.1,39519.33,1,3.0
CUST23025,Raj Reddy,283327.2,40477.09,1,4.0
CUST26970,Akash Mishra,283276.0,35112.42,1,5.0
CUST23290,Rahul Patel,283245.0,16352.98,1,3.0
CUST24434,Rahul Behera,283209.0,33865.12,1,4.0
CUST11310,Vikas Yadav,283201.2,49709.19,1,4.0
CUST15135,Manish Jain,283127.55,42698.51,1,3.0
CUST21006,Nisha Das,283103.8,19459.75,1,4.0
CUST10206,Deepak Mehta,283088.6,29551.6,1,4.0
CUST14672,Vivek Gupta,283080.0,47383.39,1,5.0
CUST18484,Kavita Sahu,283065.8,42604.29,1,4.0
CUST21276,Kavita Mishra,283054.39999999997,39531.21,1,4.0
CUST24430,Karan Behera,283026.0,35550.07886666676,1,3.0
CUST19940,Manish Jain,283020.0,43381.34,1,5.0
CUST17030,Shreya Singh,282963.2,29808.268333333326,1,4.0
CUST10333,Karan Sahu,282765.0,49846.88,1,5.0
CUST23736,Shreya Rao,282722.85,24337.8,1,3.0
CUST21952,Sneha Gupta,282711.45,27482.88,1,3.0
CUST18378,Rohit Panda,282615.5,15574.78,1,5.0
CUST12996,Manish Patel,282590.8,26007.3,1,4.0
CUST10559,Vivek Kumar,282578.4,57433.8,1,4.0
CUST15433,Suresh Dutta,282536.0,32985.79,1,4.0
CUST24375,Amit Yadav,282475.39999999997,33515.077533333344,1,4.0
CUST24929,Shreya Verma,282474.0,38833.73,1,5.0
CUST18487,Ankit Yadav,282387.5,54042.24,1,5.0
CUST22045,Ankit Das,282366.0,49125.3,1,5.0
CUST23865,Pooja Kumar,282275.39999999997,14561.38,1,3.0
CUST23847,Shreya Behera,282220.0,31743.66,1,4.0
CUST27402,Deepak Rao,282192.0,27671.99,1,4.0
CUST20376,Anjali Panda,282188.0,22220.96,1,5.0
CUST18645,Manish Mohanty,282172.0,18490.6,1,4.0
CUST11184,Neha Verma,282037.5,38924.15933333335,1,5.0
CUST26550,Shreya Verma,282006.0,54321.03,1,3.0
CUST10904,Anjali Mehta,281988.0,37801.18313333334,1,4.0
CUST20173,Ankit Kumar,281945.0,24507.81,1,5.0
CUST16067,Anjali Pradhan,281721.0,16436.81,1,4.0
CUST27635,Kavita Singh,281716.0,38263.22979999999,1,5.0
CUST19700,Rohit Das,281686.6,41602.51,1,4.0
CUST21085,Sanjay Yadav,281637.0,39775.13,1,5.0
CUST27520,Ankit Mehta,281441.25,49904.72,1,5.0
CUST23470,Vivek Rao,281247.0,56282.88,1,3.0
CUST17550,Nisha Kumar,281222.8,40322.40133333336,1,4.0
CUST21054,Amit Kumar,281135.8,55389.86,1,4.0
CUST28748,Rohit Reddy,281090.0,26652.2,1,5.0
CUST19748,Rohit Das,281001.0,45531.6,1,5.0
CUST28293,Suresh Das,280977.0,27812.34,1,4.0
CUST25428,Abhishek Kumar,280944.0,14614.86,1,3.0
CUST21300,Pooja Sahu,280792.0,39270.69763333332,1,5.0
CUST23936,Deepak Singh,280700.0,44318.71,1,5.0
CUST25307,Suresh Yadav,280641.39999999997,25371.61,1,4.0
CUST20000,Deepak Singh,280620.0,37571.02,1,4.0
CUST27505,Akash Verma,280547.2,45668.95,1,4.0
CUST21651,Anjali Singh,280546.39999999997,44205.29,1,4.0
CUST10900,Akash Reddy,280545.0,57392.43,1,5.0
CUST23997,Rahul Das,280544.0,22486.21,1,4.0
CUST22752,Kavita Singh,280484.0,31236.35,1,4.0
CUST21218,Akash Yadav,280461.75,14923.18,1,5.0
CUST11035,Neha Mishra,280332.0,18360.13,1,3.0
CUST22452,Nisha Mohanty,280316.0,36437.76,1,4.0
CUST23879,Swati Jain,280311.75,18360.41,1,5.0
CUST19253,Pooja Rao,280275.0,19097.71,1,3.0
CUST26638,Rohit Kumar,280203.0,18833.68,1,4.0
CUST18752,Kavita Sharma,280104.75,21495.79,1,5.0
CUST15833,Anjali Pradhan,280061.25,14372.65,1,5.0
CUST26779,Karan Behera,279846.0,16086.29,1,5.0
CUST15694,Nisha Yadav,279720.0,21889.73,1,5.0
CUST13450,Neha Kumar,279691.2,34197.96,1,4.0
CUST27733,Arjun Kumar,279687.60000000003,28291.75,1,4.0
CUST26213,Raj Gupta,279656.0,15958.88,1,4.0
CUST17984,Kavita Sharma,279645.0,35652.50073333333,1,3.0
CUST27746,Nisha Kumar,279644.0,30183.48,1,4.0
CUST17951,Shreya Rao,279642.0,36982.09,1,4.0
CUST26664,Unknown,279618.0,50019.55,1,3.0
CUST19921,Suresh Panda,279559.35,44527.41463333333,1,3.0
CUST17102,Akash Mishra,279554.8,46211.83,1,4.0
CUST27342,Shreya Reddy,279550.8,52520.01,1,4.0
CUST15877,Rohit Reddy,279530.85,53002.91,1,3.0
CUST28992,Arjun Panda,279528.75,32839.95,1,5.0
CUST21343,Suresh Nayak,279512.8,34706.63,1,4.0
CUST24013,Suresh Mohanty,279480.0,19009.94,1,4.0
CUST21686,Vivek Behera,279348.75,44236.08,1,5.0
CUST16617,Suresh Gupta,279331.25,53422.1,1,5.0
CUST16452,Kavita Mishra,279322.8,39479.63840000003,1,4.0
CUST24444,Kavita Sahu,279262.95,46208.68553333339,1,3.0
CUST27337,Pooja Mehta,279225.0,18121.71,1,5.0
CUST14147,Nisha Sharma,279168.0,31241.01,1,3.0
CUST20600,Pooja Singh,279097.2,36606.343833333434,1,4.0
CUST19030,Kavita Mishra,279093.0,56864.06,1,3.0
CUST26097,Rahul Kumar,279043.2,25812.23,1,4.0
CUST27469,Manish Mohanty,278981.75,38414.01,1,5.0
CUST23013,Akash Das,278967.5,40498.0,1,5.0
CUST11227,Akash Kumar,278946.5,35888.28923333345,1,5.0
CUST22495,Riya Mehta,278925.0,47436.28,1,5.0
CUST28692,Anjali Behera,278912.39999999997,52256.75,1,3.0
CUST28813,Priya Dutta,278910.0,28482.085466666667,1,4.0
CUST10054,Riya Das,278688.0,56132.29,1,5.0
CUST27820,Manish Behera,278649.0,43747.84,1,5.0
CUST26053,Abhishek Gupta,278572.0,36920.26,1,4.0
CUST23791,Sanjay Patel,278568.0,53906.01,1,3.0
CUST17722,Rohit Mishra,278554.5,43153.64,1,5.0
CUST12590,Nisha Nayak,278368.0,33597.19,1,4.0
CUST25934,Riya Singh,278364.8,54748.05,1,4.0
CUST19892,Sneha Singh,278348.0,17333.91,1,4.0
CUST14778,Priya Das,278239.5,27113.53673333332,1,5.0
CUST21116,Vikas Nayak,278239.5,30191.7,1,5.0
CUST26340,Suresh Rao,278166.0,40354.98,1,5.0
CUST22323,Riya Das,278145.0,31890.085633333314,1,3.0
CUST11334,Nisha Sharma,277985.0,25206.368633333317,1,5.0
CUST13916,Manish Mohanty,277957.64999999997,48584.91,1,3.0
CUST14051,Karan Yadav,277956.0,21053.36,1,3.0
CUST17207,Rahul Pradhan,277933.5,37324.9,1,5.0
CUST28290,Amit Behera,277897.8,55147.82,1,4.0
CUST21166,Vivek Jain,277890.2,37798.18,1,4.0
CUST24575,Sneha Sahu,277798.05,37623.98933333337,1,3.0
CUST17789,Amit Sharma,277635.6,18807.99,1,4.0
CUST20796,Anjali Patel,277600.5,41932.5,1,5.0
CUST24931,Sanjay Kumar,277600.0,46991.1,1,4.0
CUST18095,Nisha Kumar,277585.25,55705.41,1,5.0
CUST10452,Rahul Singh,277504.0,19256.87,1,5.0
CUST28884,Ankit Sharma,277428.0,44123.48,1,5.0
CUST17291,Anjali Mishra,277404.0,18542.24,1,4.0
CUST25940,Manish Panda,277400.0,24859.540200000032,1,5.0
CUST21395,Rahul Rao,277351.6,56341.36,1,4.0
CUST27948,Pooja Rao,277335.0,17338.91,1,5.0
CUST13406,Karan Das,277327.8,28746.59,1,3.0
CUST20895,Akash Dutta,277196.0,15131.11,1,4.0
CUST24041,Priya Singh,277164.0,47702.38,1,3.0
CUST15074,Ankit Patel,277116.8,16415.94,1,4.0
CUST20631,Manish Yadav,277065.6,19961.19,1,3.0
CUST26796,Karan Nayak,277046.6,56373.69,1,4.0
CUST13224,Vivek Jain,277011.0,51966.32,1,3.0
CUST25979,Sneha Pradhan,276908.0,35018.55,1,5.0
CUST25305,Akash Verma,276729.0,39744.44800000002,1,3.0
CUST24506,Kavita Pradhan,276645.25,40635.049066666645,1,5.0
CUST17643,Ankit Mishra,276640.0,54000.23,1,5.0
CUST26733,Rohit Pradhan,276520.0,20434.54,1,4.0
CUST25714,Arjun Verma,276417.0,34490.43,1,4.0
CUST27283,Unknown,276405.5,52655.18,1,5.0
CUST10948,Anjali Das,276371.19999999995,58435.48,1,4.0
CUST14408,Vikas Rao,276348.8,47828.41,1,4.0
CUST12664,Pooja Sharma,276306.0,46651.56,1,4.0
CUST25411,Suresh Panda,276264.0,36013.4,1,5.0
CUST16306,Anjali Yadav,276143.75,32270.1,1,5.0
CUST13307,Vikas Jain,276110.85,46063.02,1,3.0
CUST13273,Shreya Kumar,276059.6,31737.76,1,4.0
CUST23911,Manish Mishra,276056.0,41533.49,1,5.0
CUST20689,Abhishek Sahu,276033.25,25741.64,1,5.0
CUST22133,Vivek Gupta,276019.2,19550.12,1,4.0
CUST23606,Sanjay Yadav,276012.0,29734.53,1,3.0
CUST22974,Rahul Reddy,276000.0,48361.24,1,4.0
CUST21973,Swati Yadav,275966.25,42726.28,1,5.0
CUST22556,Riya Mehta,275907.0,35233.89,1,3.0
CUST17316,Shreya Yadav,275906.25,32350.1,1,5.0
CUST16844,Pooja Behera,275895.2,57335.9,1,4.0
CUST24055,Ankit Dutta,275895.0,46123.93,1,5.0
CUST27197,Neha Yadav,275871.0,20260.02,1,3.0
CUST23063,Vikas Yadav,275853.0,34945.51,1,4.0
CUST19080,Kavita Mohanty,275804.0,21354.0,1,4.0
CUST13914,Sanjay Singh,275772.0,31378.51,1,3.0
CUST18026,Swati Mohanty,275726.5,56067.98,1,5.0
CUST18146,Riya Patel,275716.6,43920.34876666668,1,4.0
CUST15257,Sneha Rao,275680.5,14498.08,1,5.0
CUST27167,Swati Verma,275680.0,32348.279899999976,1,4.0
CUST16490,Swati Mehta,275663.5,54691.15,1,5.0
CUST20732,Anjali Jain,275617.5,45776.797233333265,1,5.0
CUST10295,Vikas Das,275605.2,29351.74,1,4.0
CUST27346,Ankit Dutta,275602.5,58001.29,1,5.0
CUST19613,Neha Pradhan,275576.0,38518.977900000034,1,4.0
CUST14726,Rahul Yadav,275571.25,53690.83,1,5.0
CUST14437,Riya Rao,275519.0,53185.59,1,5.0
CUST25334,Rahul Verma,275395.5,38709.97,1,5.0
CUST23435,Raj Behera,275363.2,38230.12,1,4.0
CUST11206,Manish Sahu,275360.0,45880.5,1,4.0
CUST21271,Suresh Mishra,275282.0,45800.97,1,5.0
CUST12864,Nisha Verma,275253.0,55771.94,1,3.0
CUST15400,Manish Mehta,275232.0,26532.51,1,5.0
CUST12170,Sneha Reddy,275227.2,43217.84,1,4.0
CUST15935,Vikas Rao,275186.25,33457.9,1,5.0
CUST26662,Priya Singh,275144.7,49424.61,1,3.0
CUST27997,Vikas Gupta,275100.0,24387.76,1,3.0
CUST13584,Sanjay Jain,274976.0,38827.28986666663,1,4.0
CUST15302,Manish Dutta,274973.7,44179.16,1,3.0
CUST17177,Amit Mishra,274959.45,33429.16,1,3.0
CUST16124,Akash Reddy,274859.2,27888.58,1,4.0
CUST27936,Karan Singh,274848.3,42700.07,1,3.0
CUST21076,Deepak Dutta,274842.0,42591.99,1,4.0
CUST17172,Riya Sharma,274840.0,56917.91,1,4.0
CUST20793,Riya Patel,274719.0,26755.23,1,4.0
CUST26969,Sneha Kumar,274703.0,47164.18,1,5.0
CUST23144,Pooja Sharma,274688.0,38888.16,1,4.0
CUST16893,Manish Dutta,274671.6,47537.43,1,4.0
CUST13215,Neha Gupta,274633.6,54554.33,1,4.0
CUST13411,Raj Gupta,274598.8,40562.48479999998,1,4.0
CUST22155,Riya Nayak,274555.0,14383.86,1,5.0
CUST22427,Pooja Sahu,274449.0,34850.77,1,3.0
CUST12219,Rohit Reddy,274395.0,39900.034166666686,1,5.0
CUST25561,Pooja Singh,274367.25,36227.73,1,5.0
CUST19944,Pooja Sahu,274357.71,44057.98,1,3.0
CUST22876,Akash Verma,274345.60000000003,45938.68,1,4.0
CUST24069,Manish Nayak,274332.0,21018.19,1,4.0
CUST21878,Raj Yadav,274300.0,43255.77859999998,1,5.0
CUST11343,Sneha Nayak,274299.0,35731.58,1,4.0
CUST19838,Akash Mohanty,274286.5,22096.9,1,5.0
CUST18537,Priya Verma,274161.45,44558.10153333337,1,3.0
CUST14945,Manish Mohanty,274159.0,58844.26,1,5.0
CUST16388,Abhishek Dutta,274053.60000000003,58463.23,1,4.0
CUST12104,Abhishek Jain,274052.75,49445.05,1,5.0
CUST15551,Rohit Das,274038.75,42703.93,1,5.0
CUST17136,Karan Das,273990.0,38759.77,1,3.0
CUST26251,Akash Kumar,273847.0,45830.23840000001,1,4.0
CUST13702,Arjun Jain,273831.0,29170.64,1,4.0
CUST18585,Rahul Jain,273756.8,32013.17,1,4.0
CUST24436,Kavita Gupta,273659.2,37477.5753333333,1,4.0
CUST16181,Karan Nayak,273649.0,28233.04,1,4.0
CUST20263,Vikas Panda,273641.2,52998.77,1,4.0
CUST23243,Ankit Rao,273640.5,46208.04,1,5.0
CUST26279,Priya Panda,273634.2,43430.84633333336,1,3.0
CUST25783,Riya Verma,273621.60000000003,23943.07,1,4.0
CUST24009,Akash Sharma,273578.4,53245.76,1,4.0
CUST18390,Nisha Gupta,273548.0,22235.43,1,4.0
CUST14087,Vivek Panda,273540.39999999997,45868.94,1,4.0
CUST11284,Arjun Mehta,273532.5,35735.96,1,5.0
CUST12298,Priya Panda,273532.0,27086.9,1,5.0
CUST18456,Rohit Nayak,273427.5,21253.05,1,5.0
CUST17297,Neha Singh,273401.60000000003,22414.33,1,4.0
CUST17328,Neha Dutta,273258.0,54062.31,1,4.0
CUST11444,Amit Sahu,273240.0,34595.62,1,4.0
CUST14754,Riya Das,273212.8,33681.29,1,4.0
CUST17656,Amit Gupta,273207.60000000003,14353.53,1,4.0
CUST23053,Akash Kumar,273199.5,41643.72443333334,1,5.0
CUST21108,Pooja Sharma,273189.6,40467.33119999998,1,3.0
CUST19203,Nisha Reddy,273128.0,18588.83,1,5.0
CUST18816,Sneha Pradhan,273087.5,26425.28,1,5.0
CUST18990,Anjali Verma,273052.5,49732.0,1,5.0
CUST14369,Karan Nayak,273032.75,31407.56400000008,1,5.0
CUST28356,Vikas Sahu,272997.2,37483.85016666667,1,4.0
CUST22176,Sneha Das,272922.0,22967.31,1,3.0
CUST21599,Shreya Rao,272907.45,42727.47206666661,1,3.0
CUST18336,Karan Mishra,272878.0,41787.8915666667,1,4.0
CUST19397,Karan Singh,272868.5,27125.35480000003,1,5.0
CUST25914,Anjali Mohanty,272865.6,35041.64,1,4.0
CUST10436,Pooja Sahu,272831.25,49013.23,1,5.0
CUST24935,Sanjay Mohanty,272665.2,43252.150333333346,1,3.0
CUST18361,Rohit Gupta,272646.0,34845.38,1,5.0
CUST10145,Sneha Das,272581.39999999997,43477.04383333326,1,4.0
CUST19722,Kavita Patel,272548.8,35343.27790000005,1,4.0
CUST19654,Sneha Rao,272476.0,23832.63,1,4.0
CUST14433,Sanjay Verma,272415.0,58858.53,1,3.0
CUST19324,Ankit Behera,272412.0,55517.52,1,4.0
CUST18427,Sneha Mohanty,272404.8,46863.15,1,4.0
CUST16045,Swati Kumar,272364.0,43066.81,1,3.0
CUST27299,Riya Singh,272197.8,57669.8,1,4.0
CUST18922,Nisha Mohanty,271965.0,23325.49,1,3.0
CUST14839,Raj Mehta,271961.25,40721.72,1,5.0
CUST26029,Ankit Verma,271904.0,52247.23,1,4.0
CUST17199,Neha Rao,271839.0,30090.93,1,4.0
CUST12984,Nisha Das,271754.0,31481.13,1,4.0
CUST15434,Riya Sharma,271719.0,37942.93,1,5.0
CUST15643,Deepak Nayak,271683.0,15186.95,1,4.0
CUST10546,Swati Mohanty,271662.0,35397.25670000001,1,3.0
CUST23800,Kavita Patel,271623.60000000003,26184.29,1,4.0
CUST25558,Karan Dutta,271609.0,31742.45,1,4.0
CUST17449,Manish Mishra,271581.0,14920.93,1,4.0
CUST23688,Vikas Mishra,271571.2,35682.15,1,4.0
CUST21038,Swati Behera,271566.39999999997,39610.63923333337,1,4.0
CUST26518,Nisha Nayak,271558.0,46162.14,1,5.0
CUST19120,Vikas Pradhan,271554.5,28848.032433333374,1,5.0
CUST15031,Rahul Verma,271536.0,41390.14,1,4.0
CUST27472,Shreya Mohanty,271522.8,53515.5,1,4.0
CUST17876,Ankit Behera,271497.60000000003,20209.47,1,4.0
CUST11313,Amit Panda,271419.0,28526.57,1,3.0
CUST26202,Sanjay Dutta,271405.5,44634.73153333342,1,3.0
CUST24805,Riya Rao,271351.35,46991.82123333331,1,3.0
CUST14637,Unknown,271340.0,24422.12,1,5.0
CUST25937,Rahul Sharma,271240.2,51078.56,1,3.0
CUST21121,Sneha Verma,271239.5,32882.7141666667,1,5.0
CUST11785,Riya Patel,271222.4,25357.14,1,4.0
CUST23275,Vivek Sahu,271144.0,32121.08,1,4.0
CUST28155,Anjali Mishra,271104.0,17780.13,1,4.0
CUST19561,Neha Mishra,271025.0,18448.01,1,5.0
CUST23610,Ankit Kumar,270960.89999999997,37638.42,1,3.0
CUST13479,Karan Kumar,270906.75,31588.33,1,5.0
CUST22614,Unknown,270903.5,50134.61,1,5.0
CUST10494,Rahul Sahu,270886.0,38964.03800000005,1,5.0
CUST12569,Nisha Patel,270873.0,43513.34899999986,1,5.0
CUST13251,Sneha Singh,270786.2,50372.2,1,4.0
CUST27083,Anjali Nayak,270784.2,29992.89,1,3.0
CUST10148,Sanjay Reddy,270779.39999999997,20348.61,1,4.0
CUST13377,Abhishek Patel,270711.0,49699.72,1,3.0
CUST10466,Raj Mishra,270711.0,31633.72003333331,1,5.0
CUST11226,Rahul Pradhan,270648.0,26616.137533333338,1,4.0
CUST10032,Kavita Rao,270621.0,26939.29,1,5.0
CUST28995,Rahul Pradhan,270572.4,26619.57,1,4.0
CUST14444,Anjali Yadav,270457.25,21988.15,1,5.0
CUST15048,Deepak Das,270360.0,40771.3,1,3.0
CUST13891,Raj Patel,270340.0,44235.23,1,5.0
CUST10847,Suresh Das,270285.0,14091.05,1,4.0
CUST15573,Rahul Pradhan,270270.0,55628.79,1,5.0
CUST11701,Karan Mishra,270188.55,41053.68,1,3.0
CUST26815,Vivek Patel,270093.0,42028.22,1,4.0
CUST28854,Karan Patel,270062.0,18879.79,1,4.0
CUST13206,Nisha Verma,270019.5,57186.65,1,5.0
CUST21640,Deepak Yadav,269955.0,14716.27,1,5.0
CUST20235,Vikas Gupta,269902.8,51814.21,1,4.0
CUST28126,Rohit Mishra,269840.0,40408.46,1,5.0
CUST15170,Shreya Jain,269835.0,28257.91,1,3.0
CUST23393,Kavita Verma,269810.0,43992.99,1,5.0
CUST26329,Vikas Yadav,269805.0,54452.12,1,3.0
CUST19009,Arjun Reddy,269791.2,39868.058433333346,1,4.0
CUST24523,Karan Reddy,269732.0,37349.81,1,4.0
CUST13806,Vikas Reddy,269716.0,56633.46,1,5.0
CUST26038,Amit Mohanty,269692.64999999997,33428.15,1,3.0
CUST25816,Anjali Panda,269676.0,30085.66,1,5.0
CUST27817,Manish Sahu,269640.0,39706.36,1,4.0
CUST23796,Raj Nayak,269636.5,35383.512833333305,1,5.0
CUST12439,Suresh Reddy,269594.8,15063.14,1,4.0
CUST10700,Raj Behera,269491.25,31154.468599999964,1,5.0
CUST15967,Raj Patel,269488.39999999997,31494.29,1,4.0
CUST28543,Deepak Pradhan,269416.0,18963.96,1,5.0
CUST16849,Rohit Sahu,269401.5,38004.88,1,5.0
CUST15003,Riya Sahu,269401.0,14297.84,1,5.0
CUST23501,Rohit Verma,269400.0,40260.91,1,4.0
CUST20026,Rohit Das,269372.8,29779.96,1,4.0
CUST20717,Suresh Mohanty,269317.5,17394.54,1,5.0
CUST12427,Riya Sahu,269316.0,22189.35,1,4.0
CUST13072,Raj Mohanty,269300.7,31900.5293666667,1,3.0
CUST22237,Nisha Patel,269297.0,41657.37,1,5.0
CUST22230,Deepak Jain,269276.4,58886.34,1,4.0
CUST16374,Akash Patel,269273.2,20749.97,1,4.0
CUST13542,Arjun Gupta,269249.0,41688.46,1,4.0
CUST16012,Pooja Mehta,269188.0,14811.68,1,5.0
CUST11937,Sneha Singh,269105.55,33316.887233333386,1,3.0
CUST15425,Akash Das,269076.0,44944.67,1,3.0
CUST20609,Swati Jain,268944.0,14746.26,1,4.0
CUST15867,Rahul Sahu,268926.0,32113.63,1,3.0
CUST10464,Sanjay Pradhan,268908.0,30053.28,1,4.0
CUST20294,Arjun Gupta,268899.2,36794.52,1,4.0
CUST12480,Akash Yadav,268865.0,31304.22,1,5.0
CUST13249,Swati Panda,268854.4,19268.26,1,4.0
CUST24540,Shreya Mishra,268849.0,30356.66,1,5.0
CUST18767,Rohit Singh,268824.39999999997,57037.31,1,4.0
CUST21530,Abhishek Sahu,268814.7,39009.54,1,3.0
CUST15533,Sneha Verma,268765.0,15150.7,1,5.0
CUST24039,Priya Verma,268680.0,33996.147033333415,1,4.0
CUST22686,Anjali Nayak,268623.89999999997,36635.5,1,3.0
CUST28906,Riya Dutta,268620.0,21796.11,1,4.0
CUST14320,Arjun Das,268597.5,50207.27,1,5.0
CUST28653,Swati Mishra,268517.7,32719.31353333334,1,3.0
CUST10820,Manish Rao,268461.45,19694.55,1,3.0
CUST16953,Pooja Sahu,268440.0,32706.59,1,5.0
CUST21768,Manish Panda,268317.0,43207.43,1,5.0
CUST19789,Manish Sharma,268308.0,39429.31,1,3.0
CUST17975,Neha Das,268281.0,51941.93,1,5.0
CUST23004,Anjali Nayak,268190.0,28402.17,1,5.0
CUST23633,Neha Nayak,268160.0,31852.8,1,4.0
CUST27136,Karan Jain,268144.8,49110.09,1,4.0
CUST16475,Rohit Sahu,268100.0,28045.53,1,4.0
CUST13932,Vivek Das,268085.0,16083.58,1,5.0
CUST11265,Akash Kumar,267974.1,48483.59,1,3.0
CUST16492,Neha Sharma,267917.1,40661.66,1,3.0
CUST15370,Manish Panda,267900.8,53905.84,1,4.0
CUST10184,Kavita Sharma,267867.0,46283.86,1,3.0
CUST16579,Shreya Dutta,267852.0,37504.77,1,5.0
CUST16194,Manish Das,267750.9,9700.28,1,3.0
CUST19325,Swati Reddy,267675.0,18033.19,1,5.0
CUST25336,Sneha Mehta,267668.0,25487.07,1,5.0
CUST12904,Sanjay Rao,267639.5,36434.4035333334,1,5.0
CUST22365,Sanjay Dutta,267638.75,14883.03,1,5.0
CUST24919,Manish Pradhan,267590.2,40125.69666666663,1,4.0
CUST10233,Neha Nayak,267504.0,45854.98,1,4.0
CUST17155,Unknown,267498.0,17248.07,1,4.0
CUST22942,Sanjay Mohanty,267417.0,54359.11,1,3.0
CUST15920,Akash Mishra,267353.75,47120.36,1,5.0
CUST14180,Amit Nayak,267292.0,35292.96,1,4.0
CUST27695,Kavita Verma,267282.5,14533.82,1,5.0
CUST28108,Pooja Behera,267252.0,51806.4,1,5.0
CUST16949,Vikas Reddy,267181.2,52959.5,1,3.0
CUST22078,Riya Das,267176.0,57573.78,1,4.0
CUST20938,Sanjay Sharma,267096.0,50852.35,1,4.0
CUST15952,Sneha Mehta,267091.25,42604.24,1,5.0
CUST14441,Amit Sahu,267085.0,36536.00523333338,1,5.0
CUST27956,Nisha Kumar,267066.0,54224.44,1,3.0
CUST14046,Sanjay Panda,267046.4,56280.41,1,4.0
CUST16450,Deepak Das,267021.25,55968.64,1,5.0
CUST17317,Rahul Verma,266965.2,40990.67,1,3.0
CUST26994,Manish Behera,266889.0,47610.85,1,3.0
CUST26759,Suresh Behera,266836.0,42532.22866666669,1,5.0
CUST23897,Vivek Kumar,266817.0,34730.42,1,4.0
CUST10919,Vivek Gupta,266718.0,49525.23,1,3.0
CUST28037,Vikas Sahu,266655.0,57320.98,1,4.0
CUST25133,Anjali Pradhan,266636.5,58146.07,1,5.0
CUST28986,Anjali Kumar,266623.0,50479.39,1,5.0
CUST14954,Manish Jain,266615.25,38890.97,1,5.0
CUST25825,Nisha Sahu,266566.8,22852.32,1,4.0
CUST11483,Vikas Dutta,266560.5,39804.08,1,5.0
CUST24431,Manish Yadav,266536.8,31806.23,1,4.0
CUST14102,Shreya Patel,266508.9,38159.39,1,3.0
CUST10561,Rahul Rao,266507.5,22608.19,1,5.0
CUST27879,Sanjay Mohanty,266410.39999999997,26955.52,1,4.0
CUST22072,Manish Nayak,266403.2,40554.74,1,4.0
CUST25376,Swati Sharma,266382.0,35715.52,1,5.0
CUST10151,Kavita Nayak,266262.2,45528.38,1,4.0
CUST25735,Sanjay Sahu,266261.25,23933.289366666704,1,5.0
CUST19656,Akash Singh,266200.0,17174.24,1,5.0
CUST27662,Sanjay Yadav,266184.0,30257.03,1,4.0
CUST24831,Nisha Gupta,266170.8,44036.23,1,4.0
CUST15786,Deepak Gupta,266155.39999999997,54196.8,1,4.0
CUST22664,Priya Das,266152.0,46802.44,1,5.0
CUST13675,Sneha Gupta,266137.75,17710.14,1,5.0
CUST15072,Deepak Patel,266060.0,22390.93,1,5.0
CUST15234,Abhishek Mehta,266049.0,59157.01,1,3.0
CUST11267,Deepak Das,266031.0,47080.93433333326,1,3.0
CUST23127,Karan Dutta,265977.0,49579.62,1,3.0
CUST10165,Swati Singh,265964.4,34638.56,1,4.0
CUST15009,Shreya Jain,265937.0,38652.64,1,5.0
CUST26863,Anjali Jain,265902.14999999997,24693.34,1,3.0
CUST28563,Abhishek Mishra,265740.0,28768.15186666668,1,5.0
CUST12344,Sneha Gupta,265729.25,23046.37,1,5.0
CUST21327,Akash Panda,265725.6,38932.94026666679,1,4.0
CUST26648,Kavita Das,265724.0,50713.94,1,4.0
CUST22249,Vikas Rao,265699.8,42407.57,1,4.0
CUST11217,Priya Panda,265626.0,17599.27,1,5.0
CUST26118,Vivek Gupta,265587.0,13280.32,1,3.0
CUST16977,Rohit Panda,265557.6,42591.801900000006,1,4.0
CUST14654,Sanjay Singh,265529.8,56690.12,1,4.0
CUST14249,Karan Dutta,265473.0,40517.0,1,4.0
CUST26708,Arjun Dutta,265455.0,43687.9386333333,1,3.0
CUST22927,Arjun Yadav,265420.8,41453.32,1,4.0
CUST10571,Amit Panda,265347.2,16772.88,1,4.0
CUST26220,Vivek Behera,265342.8,25576.5,1,4.0
CUST11636,Rahul Dutta,265314.0,27211.83,1,4.0
CUST21055,Swati Yadav,265297.95,16989.29,1,3.0
CUST14575,Arjun Rao,265268.0,59147.8,1,4.0
CUST19737,Deepak Behera,265259.0,37643.21,1,5.0
CUST14636,Suresh Gupta,265217.2,29899.49,1,4.0
CUST11241,Vivek Panda,265203.89999999997,28966.337533333328,1,3.0
CUST23008,Amit Gupta,265095.18,32005.74,1,3.0
CUST27005,Manish Mehta,265084.2,15109.77,1,4.0
CUST17942,Rohit Singh,265068.0,31868.464199999988,1,4.0
CUST16868,Manish Kumar,265041.45,18620.87,1,3.0
CUST23527,Ankit Verma,265026.60000000003,14858.29,1,3.0
CUST16355,Sneha Behera,264981.60000000003,55165.33,1,4.0
CUST13120,Anjali Sahu,264948.0,55404.04,1,5.0
CUST22299,Shreya Verma,264945.8,38993.24,1,4.0
CUST25797,Akash Gupta,264884.7,17492.63,1,3.0
CUST20964,Vikas Verma,264861.0,36642.54969999992,1,5.0
CUST15946,Ankit Mohanty,264847.64999999997,38855.61,1,3.0
CUST15835,Vivek Nayak,264813.45,38492.64,1,3.0
CUST11128,Vikas Nayak,264784.0,29120.19,1,4.0
CUST12846,Swati Sharma,264762.39999999997,39460.64,1,4.0
CUST16833,Amit Dutta,264723.2,30063.5820333333,1,4.0
CUST24710,Abhishek Pradhan,264664.8,55557.44,1,3.0
CUST27856,Kavita Mohanty,264645.0,40413.78,1,4.0
CUST21745,Manish Singh,264582.0,46805.06,1,3.0
CUST26089,Karan Nayak,264571.0,35853.78113333333,1,4.0
CUST10567,Arjun Verma,264489.5,40043.69,1,5.0
CUST13562,Riya Yadav,264472.0,51777.89,1,5.0
CUST27850,Rohit Gupta,264391.64999999997,21124.54,1,3.0
CUST14172,Kavita Yadav,264384.0,35555.28503333334,1,3.0
CUST14424,Vikas Behera,264289.05,36005.19,1,3.0
CUST18787,Sneha Kumar,264277.64999999997,27665.22,1,3.0
CUST18499,Anjali Reddy,264154.8,42334.69,1,4.0
CUST22727,Arjun Sharma,264132.3,35371.85,1,3.0
CUST10048,Neha Jain,264103.5,17103.16,1,5.0
CUST21849,Ankit Nayak,264045.0,41828.41683333333,1,3.0
CUST14326,Rahul Kumar,263970.0,50386.52,1,5.0
CUST13813,Anjali Behera,263952.0,13459.26,1,4.0
CUST27852,Shreya Gupta,263912.4,27382.16,1,4.0
CUST28153,Kavita Nayak,263871.0,18799.99,1,4.0
CUST10775,Deepak Nayak,263670.0,56459.21,1,5.0
CUST18818,Sneha Verma,263663.0,31504.01,1,5.0
CUST11647,Abhishek Nayak,263648.0,56416.3,1,5.0
CUST15707,Unknown,263606.4,38276.39,1,3.0
CUST12335,Neha Reddy,263592.0,52137.0,1,4.0
CUST15034,Rahul Rao,263568.0,40112.521733333306,1,5.0
CUST18918,Amit Verma,263504.0,43618.96,1,5.0
CUST15550,Manish Reddy,263445.6,28297.02,1,4.0
CUST22371,Sneha Nayak,263364.0,29318.57,1,5.0
CUST19755,Amit Sahu,263282.4,36520.0,1,3.0
CUST19109,Arjun Mehta,263272.2,54845.3,1,4.0
CUST21332,Priya Panda,263268.0,54937.38,1,3.0
CUST17086,Sanjay Jain,263259.0,50295.17,1,3.0
CUST23725,Manish Gupta,263248.0,41356.76,1,5.0
CUST10239,Pooja Gupta,263245.0,51588.67,1,5.0
CUST22403,Shreya Gupta,263238.4,17641.47,1,4.0
CUST28720,Manish Reddy,263233.6,46915.59,1,4.0
CUST23376,Vikas Panda,263228.8,52358.16,1,4.0
CUST17946,Vivek Jain,263209.5,25700.95,1,5.0
CUST14376,Deepak Mishra,263199.0,23233.82,1,4.0
CUST22982,Priya Panda,263190.6,14722.15,1,4.0
CUST24043,Akash Mehta,263181.60000000003,51542.95,1,4.0
CUST20666,Arjun Sahu,263181.25,52095.86,1,5.0
CUST26077,Pooja Yadav,263151.0,15337.88,1,5.0
CUST21655,Karan Verma,263148.0,30601.63,1,4.0
CUST16996,Rahul Jain,263109.14999999997,19800.53,1,3.0
CUST27822,Raj Jain,263070.0,32547.18,1,5.0
CUST13132,Priya Panda,263054.6,35740.81610000001,1,4.0
CUST10548,Riya Gupta,263054.39999999997,14856.74,1,4.0
CUST28258,Suresh Verma,263023.2,28000.36,1,3.0
CUST23509,Deepak Sharma,263005.0,34594.4,1,5.0
CUST22161,Priya Dutta,262974.0,20781.96,1,4.0
CUST25679,Arjun Yadav,262968.0,37333.22,1,4.0
CUST22866,Swati Sharma,262898.25,32452.61,1,3.0
CUST15024,Riya Reddy,262863.0,32203.59,1,3.0
CUST19871,Kavita Behera,262857.0,29884.4,1,3.0
CUST23543,Riya Gupta,262830.0,36598.04,1,5.0
CUST16395,Shreya Behera,262803.2,31796.01,1,4.0
CUST23859,Rahul Gupta,262762.5,17471.6,1,5.0
CUST13750,Neha Behera,262750.0,49643.61,1,5.0
CUST16962,Amit Mishra,262695.89999999997,26157.23,1,3.0
CUST14682,Swati Kumar,262672.5,18033.1,1,5.0
CUST21723,Akash Nayak,262666.8,26772.99,1,4.0
CUST13457,Arjun Kumar,262656.8,42274.47,1,4.0
CUST15617,Riya Verma,262590.5,53619.66,1,5.0
CUST13949,Amit Behera,262528.0,55739.8,1,4.0
CUST15032,Vikas Yadav,262433.5,27344.18,1,5.0
CUST17808,Suresh Mehta,262360.0,14137.76,1,4.0
CUST26487,Abhishek Pradhan,262293.0,34745.044466666666,1,3.0
CUST22016,Kavita Sahu,262280.75,44797.32,1,5.0
CUST25719,Vivek Verma,262217.2,34019.09,1,4.0
CUST16002,Anjali Dutta,262209.0,23107.12,1,3.0
CUST27565,Deepak Patel,262134.9,33465.06,1,3.0
CUST14616,Priya Verma,262116.0,27411.39,1,4.0
CUST19385,Shreya Dutta,262089.0,14177.51,1,5.0
CUST13704,Priya Pradhan,262002.0,38885.867433333275,1,4.0
CUST28933,Swati Patel,261975.0,37662.37,1,5.0
CUST17401,Sneha Verma,261960.0,37200.61,1,5.0
CUST19329,Deepak Reddy,261909.3,33658.97859999998,1,3.0
CUST15268,Nisha Yadav,261856.0,15174.63,1,4.0
CUST12682,Suresh Das,261825.19999999998,47079.33,1,4.0
CUST15461,Nisha Mehta,261814.40000000002,33938.8,1,4.0
CUST17205,Sanjay Panda,261802.80000000002,25386.33,1,4.0
CUST13998,Akash Nayak,261800.1,13381.59,1,3.0
CUST17457,Amit Dutta,261795.6,14915.69,1,4.0
CUST25025,Nisha Verma,261687.0,32797.85060000001,1,5.0
CUST26134,Swati Patel,261669.6,20193.57,1,4.0
CUST24400,Vikas Sharma,261642.0,31536.07,1,3.0
CUST24200,Vivek Sahu,261630.0,17580.51,1,5.0
CUST21127,Kavita Sharma,261619.2,18033.48,1,3.0
CUST22342,Riya Behera,261583.2,27445.833233333382,1,4.0
CUST22889,Manish Patel,261567.0,15867.04,1,3.0
CUST23861,Akash Patel,261545.6,36176.94,1,4.0
CUST22524,Abhishek Yadav,261536.0,53754.71,1,4.0
CUST16129,Amit Mehta,261500.4,23023.74,1,4.0
CUST22915,Arjun Panda,261440.0,14681.05,1,4.0
CUST27385,Nisha Das,261408.0,18848.9,1,4.0
CUST12408,Rohit Mishra,261404.49999999997,26253.96,1,5.0
CUST19171,Suresh Panda,261368.0,43645.06,1,4.0
CUST15660,Rohit Dutta,261353.75,42573.34,1,5.0
CUST15445,Riya Mishra,261222.49999999997,26230.48,1,5.0
CUST14923,Deepak Patel,261177.8,15927.95,1,4.0
CUST20222,Rohit Reddy,261156.0,19408.16,1,4.0
CUST12366,Karan Sahu,261130.19999999998,46297.92,1,4.0
CUST20076,Anjali Yadav,261040.05,35423.72,1,3.0
CUST20835,Suresh Patel,261028.80000000002,53054.54,1,4.0
CUST12470,Anjali Kumar,261018.0,21076.89,1,5.0
CUST15447,Shreya Verma,260917.5,46312.4,1,5.0
CUST13372,Priya Behera,260850.0,41556.65,1,3.0
CUST20686,Kavita Gupta,260701.2,54513.68,1,4.0
CUST17819,Manish Mehta,260611.2,57976.68,1,4.0
CUST26146,Sanjay Behera,260579.19999999998,52924.71,1,4.0
CUST24418,Rohit Mishra,260486.19999999998,28655.14,1,4.0
CUST17646,Riya Nayak,260473.5,28715.43,1,5.0
CUST13940,Sanjay Dutta,260341.8,51825.76,1,4.0
CUST12397,Ankit Behera,260321.59999999998,13811.3,1,4.0
CUST20727,Pooja Pradhan,260311.4,16269.59,1,4.0
CUST17943,Pooja Verma,260271.19999999998,47865.64,1,4.0
CUST18500,Kavita Nayak,260262.0,14683.44,1,4.0
CUST11306,Sanjay Mishra,260256.3,56139.29,1,3.0
CUST24883,Swati Verma,260240.0,37248.35,1,5.0
CUST22656,Vikas Mehta,260235.0,52950.29,1,5.0
CUST16918,Sneha Panda,260231.99999999997,49492.18,1,4.0
CUST28491,Riya Nayak,260173.19999999998,54416.79,1,4.0
CUST21266,Arjun Singh,260110.80000000002,13355.39,1,4.0
CUST17969,Riya Jain,260077.99999999997,47286.46,1,5.0
CUST14689,Manish Panda,260073.6,34466.27146666666,1,4.0
CUST16439,Anjali Sharma,260037.0,18953.23,1,3.0
CUST14299,Sanjay Sahu,259968.44999999998,52567.36,1,3.0
CUST16308,Rohit Das,259959.0,14908.6,1,4.0
CUST12309,Sanjay Mishra,259957.05,31966.45,1,3.0
CUST15303,Riya Patel,259941.6,47113.19,1,4.0
CUST28238,Kavita Kumar,259882.5,37531.91,1,5.0
CUST25763,Karan Panda,259735.0,34937.71,1,5.0
CUST17593,Abhishek Yadav,259666.34999999998,55985.81,1,3.0
CUST21959,Deepak Dutta,259551.0,35858.76,1,3.0
CUST19916,Vivek Nayak,259454.0,20632.11,1,5.0
CUST25904,Sanjay Sharma,259409.8,30456.2087333334,1,4.0
CUST16881,Anjali Patel,259140.0,27802.31,1,5.0
CUST10439,Rohit Rao,259077.6,43668.61,1,4.0
CUST18896,Priya Jain,259068.80000000002,39550.83,1,4.0
CUST27524,Sneha Mishra,259046.25,20501.57,1,5.0
CUST19922,Kavita Mishra,259029.0,49512.6,1,3.0
CUST24098,Abhishek Reddy,259025.0,40417.42,1,5.0
CUST22993,Abhishek Verma,259000.0,50208.96,1,5.0
CUST26212,Akash Kumar,258948.25,52666.91,1,5.0
CUST18590,Akash Sharma,258897.0,46845.02,1,4.0
CUST15103,Kavita Panda,258893.59999999998,34566.83,1,4.0
CUST14968,Anjali Rao,258876.0,53994.57,1,4.0
CUST17941,Suresh Sharma,258864.0,34202.12,1,5.0
CUST19321,Sanjay Dutta,258756.4,37487.32889999996,1,4.0
CUST12108,Shreya Mehta,258750.19999999998,21394.57,1,4.0
CUST18271,Suresh Mishra,258742.0,35471.84,1,4.0
CUST14647,Deepak Das,258736.8,36882.78,1,4.0
CUST28196,Vivek Mehta,258716.0,46544.56,1,5.0
CUST20794,Priya Verma,258695.0,48431.8,1,5.0
CUST14764,Deepak Rao,258692.59999999998,40491.14,1,4.0
CUST19378,Shreya Pradhan,258691.5,16680.75,1,5.0
CUST11055,Abhishek Pradhan,258677.4,55404.02,1,4.0
CUST15384,Kavita Reddy,258597.59999999998,35379.19,1,4.0
CUST21841,Ankit Yadav,258566.40000000002,51254.03,1,4.0
CUST13860,Karan Singh,258560.0,57255.03,1,5.0
CUST21666,Riya Jain,258444.0,44044.15,1,3.0
CUST20156,Akash Mishra,258415.49999999997,41512.07630000012,1,5.0
CUST24847,Abhishek Kumar,258410.0,21778.59,1,5.0
CUST10392,Ankit Panda,258374.5,18931.54,1,5.0
CUST24784,Akash Rao,258345.0,18887.7,1,4.0
CUST26581,Sneha Nayak,258332.0,32094.450166666662,1,4.0
CUST13703,Sanjay Yadav,258296.0,36428.38,1,5.0
CUST21406,Akash Mohanty,258284.7,32650.3,1,3.0
CUST25952,Pooja Rao,258209.6,13294.18,1,4.0
CUST12582,Karan Patel,258206.19999999998,29378.583566666686,1,4.0
CUST28737,Deepak Behera,258064.25,14597.67,1,5.0
CUST24524,Rahul Mehta,258048.0,47056.930166666636,1,4.0
CUST21260,Rahul Behera,258032.8,39149.87,1,4.0
CUST19013,Nisha Behera,258032.0,17630.61,1,5.0
CUST16826,Sanjay Sharma,257972.4,52031.85,1,4.0
CUST28459,Nisha Singh,257868.9,35989.02,1,3.0
CUST20807,Vivek Yadav,257865.6,29915.52,1,4.0
CUST15544,Neha Verma,257811.8,39125.49,1,4.0
CUST24000,Amit Pradhan,257739.0,56085.22,1,4.0
CUST20797,Pooja Patel,257708.0,52126.44,1,4.0
CUST10943,Ankit Mehta,257667.0,36377.95120000001,1,4.0
CUST18318,Vikas Pradhan,257644.0,41334.57,1,5.0
CUST11003,Vivek Pradhan,257500.80000000002,14577.23,1,4.0
CUST25654,Kavita Jain,257452.5,39683.32166666665,1,5.0
CUST15829,Pooja Jain,257424.19999999998,40922.94,1,4.0
CUST13365,Vivek Sharma,257415.0,45888.06,1,4.0
CUST12155,Suresh Das,257395.5,26033.06,1,5.0
CUST15025,Raj Mohanty,257356.4,36004.01,1,4.0
CUST23467,Anjali Kumar,257347.99999999997,47586.13,1,5.0
CUST26364,Ankit Sharma,257323.5,38280.04,1,3.0
CUST28128,Anjali Sharma,257274.6,20689.36,1,4.0
CUST11070,Suresh Singh,257229.59999999998,46814.05,1,3.0
CUST21981,Arjun Mehta,257223.9,21681.45,1,3.0
CUST28761,Kavita Rao,257216.25,54959.19,1,5.0
CUST12632,Priya Das,257191.2,49032.67,1,3.0
CUST22378,Amit Sahu,257169.75,28763.773033333353,1,5.0
CUST21815,Amit Das,257088.0,29262.15723333327,1,4.0
CUST20528,Vivek Jain,257067.19999999998,30726.32,1,4.0
CUST15219,Karan Jain,257036.0,28067.14,1,4.0
CUST28855,Abhishek Verma,257027.25,29327.329466666703,1,5.0
CUST25333,Priya Patel,256892.0,32131.01,1,4.0
CUST12492,Pooja Kumar,256890.0,37839.92,1,3.0
CUST27474,Arjun Sahu,256864.5,49471.89,1,3.0
CUST12595,Rohit Yadav,256788.0,19825.39,1,4.0
CUST18465,Akash Mehta,256785.0,41089.95,1,5.0
CUST24425,Sanjay Kumar,256767.0,51927.65,1,4.0
CUST27727,Anjali Sahu,256740.0,54129.02,1,5.0
CUST28087,Deepak Reddy,256708.80000000002,40453.57,1,4.0
CUST20798,Arjun Rao,256708.0,35115.16,1,5.0
CUST21215,Riya Mehta,256667.59999999998,44257.2,1,4.0
CUST28302,Shreya Mehta,256617.8,55522.73,1,4.0
CUST13781,Ankit Mehta,256614.0,29148.39,1,4.0
CUST20425,Deepak Das,256527.0,46980.08,1,5.0
CUST25936,Rohit Das,256479.99999999997,38476.65,1,5.0
CUST28558,Sneha Patel,256458.0,51839.1,1,4.0
CUST25708,Rahul Yadav,256437.3,54903.93,1,3.0
CUST17584,Ankit Nayak,256399.49999999997,23191.8,1,5.0
CUST25537,Vivek Kumar,256383.8,16482.84,1,4.0
CUST25319,Pooja Rao,256381.2,23666.65,1,3.0
CUST19212,Suresh Yadav,256365.0,14074.05,1,4.0
CUST27825,Rahul Kumar,256359.0,30165.271599999964,1,4.0
CUST21575,Karan Nayak,256329.9,52661.93,1,3.0
CUST17173,Sneha Mehta,256235.4,49575.54,1,3.0
CUST25290,Riya Reddy,256209.0,22858.51,1,4.0
CUST23114,Riya Singh,256204.80000000002,57687.05,1,4.0
CUST24362,Sneha Gupta,256196.0,46299.9,1,5.0
CUST14099,Vivek Patel,256195.0,30760.43,1,5.0
CUST20664,Neha Yadav,256123.8,27121.95,1,3.0
CUST23140,Neha Behera,256112.0,35097.79,1,4.0
CUST11349,Vikas Panda,256057.5,48481.11,1,5.0
CUST11738,Anjali Dutta,256011.30000000002,21139.28,1,3.0
CUST11549,Karan Pradhan,255949.2,43274.53,1,4.0
CUST24381,Ankit Sharma,255786.25,30197.01,1,5.0
CUST19279,Manish Das,255690.4,23685.89,1,4.0
CUST22117,Arjun Pradhan,255688.99999999997,56137.29,1,5.0
CUST15089,Arjun Dutta,255684.0,43131.72,1,3.0
CUST17004,Manish Verma,255675.6,13168.73,1,4.0
CUST19436,Raj Patel,255567.0,15237.39,1,4.0
CUST21443,Riya Nayak,255564.0,33599.26,1,4.0
CUST21669,Abhishek Gupta,255463.2,28795.67,1,3.0
CUST10412,Neha Kumar,255382.8,53314.64,1,4.0
CUST11638,Rohit Jain,255372.0,25859.62,1,3.0
CUST16916,Shreya Das,255322.80000000002,49778.18,1,4.0
CUST25359,Neha Mohanty,255267.75,32408.17,1,5.0
CUST21741,Sneha Kumar,255258.75,23244.26,1,5.0
CUST25969,Anjali Singh,255240.99999999997,36415.89,1,5.0
CUST25242,Neha Dutta,255214.19999999998,38836.9,1,4.0
CUST13061,Ankit Mehta,255204.0,38055.19,1,4.0
CUST25702,Raj Verma,255200.0,21817.66,1,5.0
CUST11979,Vivek Pradhan,255180.0,23518.25,1,4.0
CUST24941,Arjun Nayak,255100.65,30708.96,1,3.0
CUST11699,Arjun Mehta,255085.0,39113.53,1,4.0
CUST21955,Pooja Verma,255037.99999999997,25492.38,1,5.0
CUST21142,Suresh Nayak,255018.0,40285.05,1,3.0
CUST11062,Suresh Panda,254950.2,56991.85,1,3.0
CUST23808,Akash Yadav,254865.0,59174.36,1,4.0
CUST24631,Pooja Jain,254854.80000000002,16269.02,1,4.0
CUST23328,Abhishek Mohanty,254825.75,22024.33,1,5.0
CUST24516,Neha Verma,254788.0,37385.96,1,4.0
CUST27837,Pooja Yadav,254785.99999999997,34795.68,1,4.0
CUST25619,Sanjay Panda,254769.30000000002,52478.99,1,3.0
CUST23428,Nisha Verma,254742.0,56755.78,1,4.0
CUST21373,Karan Mohanty,254735.0,28339.06,1,5.0
CUST26690,Amit Patel,254535.9,44215.49,1,3.0
CUST12372,Deepak Rao,254490.0,31020.88,1,3.0
CUST24932,Abhishek Verma,254380.5,56295.61,1,5.0
CUST19546,Abhishek Mohanty,254376.0,20719.44,1,3.0
CUST26164,Shreya Jain,254364.0,48540.88,1,4.0
CUST16787,Sneha Behera,254347.19999999998,17462.23,1,3.0
CUST15980,Raj Das,254340.0,52945.05,1,4.0
CUST25388,Abhishek Mohanty,254288.0,25967.54,1,4.0
CUST10903,Neha Reddy,254272.25,18964.19,1,5.0
CUST14692,Karan Sharma,254155.4,40409.27986666654,1,4.0
CUST13351,Neha Sahu,254112.0,45237.59,1,4.0
CUST12340,Karan Rao,254061.0,17506.26,1,5.0
CUST19698,Vikas Rao,253988.0,37267.32,1,4.0
CUST27023,Anjali Mishra,253987.65,23728.63,1,3.0
CUST13828,Neha Pradhan,253986.3,39688.54753333328,1,3.0
CUST17140,Priya Verma,253984.0,20368.95,1,4.0
CUST23074,Suresh Dutta,253936.80000000002,39335.7,1,4.0
CUST20577,Ankit Das,253917.0,33433.39,1,3.0
CUST19446,Rohit Jain,253888.0,42543.33,1,4.0
CUST12292,Manish Gupta,253781.49999999997,58812.29,1,5.0
CUST21219,Sneha Verma,253768.75,14690.36,1,5.0
CUST24189,Neha Panda,253761.15,49797.5,1,3.0
CUST28747,Akash Das,253729.8,31799.76,1,3.0
CUST26433,Sneha Patel,253691.0,45571.63,1,4.0
CUST28142,Suresh Rao,253680.0,49708.1,1,5.0
CUST17953,Kavita Dutta,253635.75,54745.34,1,5.0
CUST22885,Rohit Behera,253620.0,24853.33,1,5.0
CUST23536,Suresh Dutta,253563.0,23036.7,1,3.0
CUST25609,Manish Dutta,253538.0,58424.57,1,5.0
CUST12411,Abhishek Nayak,253504.0,32634.6,1,4.0
CUST18675,Manish Rao,253482.0,29584.96,1,3.0
CUST26478,Manish Kumar,253476.0,41845.92,1,5.0
CUST24597,Rohit Verma,253417.5,38787.4,1,5.0
CUST17866,Neha Dutta,253327.5,17807.88,1,5.0
CUST19516,Kavita Dutta,253260.0,30241.9,1,3.0
CUST15280,Rahul Gupta,253249.2,31955.18,1,3.0
CUST17010,Deepak Nayak,253223.59999999998,32219.26409999994,1,4.0
CUST14906,Vikas Das,253153.8,32918.56,1,4.0
CUST23820,Sanjay Verma,253051.5,47276.04,1,5.0
CUST27669,Manish Das,253042.94999999998,40091.18,1,3.0
CUST10192,Manish Gupta,253039.5,33269.42836666664,1,5.0
CUST15137,Manish Patel,253014.40000000002,43824.36,1,4.0
CUST27874,Swati Sahu,252973.6,52025.4,1,4.0
CUST28789,Priya Pradhan,252937.6,53382.79,1,4.0
CUST23576,Akash Mohanty,252837.75,19803.14,1,3.0
CUST16528,Anjali Mishra,252708.75,28300.99,1,5.0
CUST18623,Ankit Nayak,252708.0,32156.22,1,3.0
CUST22269,Vivek Panda,252700.75,41126.0,1,5.0
CUST21642,Anjali Sahu,252657.0,33269.76,1,4.0
CUST19860,Kavita Dutta,252603.0,39929.91,1,4.0
CUST16171,Shreya Reddy,252576.0,38980.77,1,4.0
CUST23188,Kavita Behera,252458.1,28232.61,1,3.0
CUST23436,Pooja Behera,252445.75,17662.63,1,5.0
CUST11995,Amit Kumar,252433.0,39380.79,1,5.0
CUST28045,Shreya Yadav,252404.55,13141.17,1,3.0
CUST16256,Pooja Sahu,252383.59999999998,18585.77,1,4.0
CUST16769,Ankit Patel,252263.7,13525.84,1,3.0
CUST24342,Riya Mishra,252240.0,13497.45,1,4.0
CUST16966,Amit Mohanty,252201.0,49066.35,1,4.0
CUST21397,Pooja Sharma,252168.75,26489.14,1,5.0
CUST16545,Priya Yadav,252165.15,47109.36,1,3.0
CUST14304,Shreya Panda,252098.1,18761.38,1,3.0
CUST18254,Suresh Rao,252069.0,22772.81,1,4.0
CUST27378,Sneha Sharma,251997.0,55547.14,1,3.0
CUST22102,Suresh Singh,251985.6,19936.96,1,3.0
CUST19688,Amit Reddy,251964.0,47820.22,1,5.0
CUST12640,Ankit Nayak,251947.5,22194.9,1,5.0
CUST28199,Riya Mohanty,251944.0,39345.52,1,4.0
CUST22512,Akash Rao,251928.0,21976.86,1,5.0
CUST24264,Rahul Patel,251896.5,27236.32,1,3.0
CUST16231,Rahul Behera,251849.49999999997,59071.61,1,5.0
CUST22348,Suresh Gupta,251817.44999999998,25667.01,1,3.0
CUST28711,Arjun Sharma,251671.4,51781.97,1,4.0
CUST25195,Ankit Mishra,251661.6,26867.49,1,3.0
CUST16797,Arjun Mishra,251640.0,35604.32,1,3.0
CUST14941,Swati Dutta,251556.0,35774.98,1,4.0
CUST13844,Nisha Verma,251519.25,30954.71,1,3.0
CUST20497,Swati Rao,251446.5,23960.25,1,5.0
CUST18058,Abhishek Singh,251314.4,21386.45,1,4.0
CUST21765,Deepak Behera,251290.0,49261.52,1,5.0
CUST28441,Abhishek Singh,251280.0,55822.14,1,5.0
CUST14646,Sneha Sharma,251274.0,48433.78,1,4.0
CUST16625,Suresh Behera,251247.44999999998,43698.25,1,3.0
CUST28759,Nisha Sahu,251188.0,33165.82,1,5.0
CUST21572,Sneha Patel,251171.2,45293.16,1,4.0
CUST19469,Vivek Verma,251147.8,23177.33,1,4.0
CUST12214,Shreya Patel,251115.0,16144.24,1,5.0
CUST13796,Rahul Pradhan,251085.0,28625.93,1,5.0
CUST10290,Priya Reddy,251072.0,13007.46,1,4.0
CUST18419,Sanjay Jain,251005.0,32105.16,1,5.0
CUST22251,Suresh Mohanty,250883.59999999998,28461.66,1,4.0
CUST23885,Deepak Behera,250878.75,55385.66,1,5.0
CUST11457,Nisha Mohanty,250842.0,17496.38,1,4.0
CUST10194,Karan Verma,250830.0,26482.74,1,5.0
CUST17068,Rohit Rao,250800.0,26778.13,1,3.0
CUST18269,Rohit Pradhan,250782.0,39379.26,1,3.0
CUST23754,Deepak Reddy,250740.0,25680.01,1,5.0
CUST23090,Rahul Sharma,250672.8,21618.0,1,4.0
CUST17865,Riya Singh,250665.84280970113,4748.53,1,5.0
CUST26957,Rahul Rao,250665.84280970113,6254.64,1,5.0
CUST27563,Akash Yadav,250652.49999999997,17915.24,1,5.0
CUST28941,Manish Mohanty,250643.25,28127.39,1,3.0
CUST24325,Rohit Mohanty,250608.0,17611.28,1,4.0
CUST21471,Shreya Verma,250483.2,33992.26,1,4.0
CUST20060,Deepak Dutta,250468.0,45301.9,1,5.0
CUST26842,Sanjay Jain,250445.99999999997,50139.38,1,4.0
CUST23686,Swati Yadav,250381.80000000002,15594.45,1,3.0
CUST17048,Rahul Mishra,250340.0,24183.38,1,5.0
CUST18588,Neha Rao,250279.2,22683.65,1,3.0
CUST26085,Akash Mehta,250207.5,54933.16,1,5.0
CUST28905,Akash Mehta,250206.25,45566.24,1,5.0
CUST15430,Swati Mehta,250195.8,31077.25,1,4.0
CUST27404,Unknown,250192.0,32885.10113333333,1,4.0
CUST19223,Riya Gupta,250116.0,23945.22,1,4.0
CUST10078,Arjun Singh,250110.0,14182.86,1,3.0
CUST12242,Pooja Pradhan,250092.0,57538.14,1,4.0
CUST16723,Anjali Das,250092.0,14642.8,1,5.0
CUST16726,Anjali Yadav,250001.25,26463.66,1,5.0
CUST22022,Suresh Nayak,249972.0,15282.51,1,4.0
CUST28824,Vivek Nayak,249929.8,34986.93,1,4.0
CUST11541,Rahul Yadav,249912.0,47817.55,1,4.0
CUST14418,Raj Reddy,249819.0,32563.31,1,3.0
CUST11518,Rahul Mehta,249814.80000000002,35199.3,1,3.0
CUST24507,Manish Panda,249814.40000000002,16136.83,1,4.0
CUST16007,Shreya Sharma,249798.0,15231.42,1,3.0
CUST28282,Akash Reddy,249785.25,40173.18846666664,1,5.0
CUST17563,Sanjay Mishra,249726.0,14548.77,1,4.0
CUST13664,Arjun Mohanty,249663.0,25125.4,1,4.0
CUST22543,Priya Yadav,249654.40000000002,49264.93,1,4.0
CUST22934,Swati Das,249653.59999999998,51882.5,1,4.0
CUST21554,Manish Mohanty,249572.4,23837.19,1,4.0
CUST16091,Nisha Rao,249493.75,44655.59,1,5.0
CUST19288,Swati Das,249489.0,34505.60273333341,1,5.0
CUST18686,Priya Patel,249339.0,58980.07,1,3.0
CUST18928,Rahul Pradhan,249307.2,37234.09,1,3.0
CUST17282,Sanjay Mishra,249267.6,42675.68,1,4.0
CUST17523,Vikas Yadav,249264.0,50851.53,1,3.0
CUST17309,Vivek Nayak,249219.59999999998,15399.81,1,4.0
CUST12356,Swati Yadav,249216.0,21979.96,1,5.0
CUST26605,Vikas Yadav,249186.0,37966.61,1,3.0
CUST10758,Priya Mohanty,249090.8,37148.94,1,4.0
CUST26140,Rohit Jain,248970.0,41783.35,1,5.0
CUST28899,Karan Yadav,248954.8,15331.01,1,4.0
CUST24403,Rohit Reddy,248904.0,13206.38,1,5.0
CUST23239,Akash Rao,248860.49999999997,22403.96,1,5.0
CUST23153,Ankit Gupta,248851.94999999998,43050.52,1,3.0
CUST24186,Priya Mishra,248793.6,54479.91,1,4.0
CUST24017,Rahul Reddy,248752.5,52078.35,1,3.0
CUST22603,Vikas Kumar,248729.59999999998,30335.13,1,4.0
CUST12128,Pooja Rao,248719.5,54536.38,1,5.0
CUST11033,Sneha Yadav,248676.75,34424.53,1,3.0
CUST20826,Vivek Yadav,248575.5,14084.32,1,5.0
CUST21461,Riya Rao,248572.80000000002,53508.64,1,4.0
CUST12949,Vikas Rao,248533.59999999998,41272.63,1,4.0
CUST23157,Raj Patel,248445.0,52633.89,1,5.0
CUST10297,Anjali Singh,248405.4,53945.0,1,3.0
CUST14218,Akash Das,248374.40000000002,39499.34,1,4.0
CUST10044,Karan Verma,248368.5,41294.02,1,5.0
CUST23229,Sneha Panda,248342.4,26163.64,1,4.0
CUST27183,Unknown,248334.75,42704.35,1,3.0
CUST21658,Karan Mishra,248302.0,33918.09,1,5.0
CUST14165,Ankit Patel,248275.99999999997,39844.43,1,4.0
CUST23367,Sanjay Jain,248265.0,16339.4,1,3.0
CUST13504,Rohit Singh,248228.4,38777.81483333329,1,4.0
CUST21615,Karan Behera,248206.8,55181.26,1,3.0
CUST16020,Rahul Rao,248184.0,51692.18,1,5.0
CUST19530,Riya Verma,248138.8,18950.37,1,4.0
CUST11812,Neha Mehta,248095.0,44141.15,1,5.0
CUST21850,Amit Yadav,248076.0,52744.76,1,4.0
CUST28852,Priya Singh,248046.15,19087.23,1,3.0
CUST23183,Priya Mehta,248023.99999999997,43735.94,1,4.0
CUST19335,Nisha Das,247972.8,54892.59,1,4.0
CUST15495,Sanjay Yadav,247964.80000000002,32566.97,1,4.0
CUST25158,Swati Behera,247932.0,38524.89060000002,1,4.0
CUST21261,Sneha Das,247898.69999999998,51724.8,1,3.0
CUST13348,Kavita Behera,247872.75,45524.89,1,3.0
CUST11844,Rohit Mohanty,247773.6,27585.82,1,4.0
CUST22648,Suresh Sahu,247728.0,26869.51,1,4.0
CUST13587,Sneha Singh,247679.25,24724.37,1,3.0
CUST10317,Arjun Mohanty,247590.40000000002,42944.51,1,4.0
CUST17024,Arjun Das,247588.0,51839.13,1,5.0
CUST18848,Suresh Patel,247486.4,27262.62,1,4.0
CUST16092,Sanjay Dutta,247431.6,21145.6,1,4.0
CUST14847,Raj Mohanty,247431.6,33339.57,1,4.0
CUST28001,Priya Kumar,247311.75,15610.46,1,5.0
CUST17159,Nisha Reddy,247271.4,36939.29,1,3.0
CUST24564,Riya Sahu,247256.8,46221.85,1,4.0
CUST18404,Suresh Verma,247177.5,30833.84430000004,1,5.0
CUST11261,Raj Panda,247143.44999999998,43236.9,1,3.0
CUST23450,Rohit Gupta,247139.19999999998,26979.89,1,4.0
CUST13194,Abhishek Dutta,247133.25,32535.25536666675,1,3.0
CUST25540,Karan Nayak,247047.4,23536.33,1,4.0
CUST10776,Nisha Pradhan,247023.6,47645.3,1,4.0
CUST16620,Rahul Singh,247017.0,45344.48,1,3.0
CUST27981,Pooja Sharma,247011.0,46914.72,1,4.0
CUST26269,Vivek Gupta,246921.15,57528.52,1,3.0
CUST12247,Akash Verma,246735.99999999997,54785.54,1,4.0
CUST22026,Amit Singh,246693.0,53805.15,1,3.0
CUST15336,Raj Kumar,246678.0,36766.74,1,4.0
CUST11076,Neha Verma,246663.19999999998,41939.67,1,4.0
CUST15111,Kavita Nayak,246616.0,17308.3,1,4.0
CUST26683,Deepak Mishra,246607.2,37636.94,1,4.0
CUST26527,Riya Das,246539.25,54606.25,1,5.0
CUST17249,Amit Reddy,246460.05,29696.7,1,3.0
CUST26727,Karan Dutta,246416.8,24010.25,1,4.0
CUST16112,Abhishek Mehta,246364.80000000002,15699.79,1,4.0
CUST11399,Neha Sharma,246335.59999999998,36110.5,1,4.0
CUST27696,Suresh Nayak,246292.0,16919.01,1,5.0
CUST12563,Sanjay Yadav,246156.0,52338.19,1,5.0
CUST25651,Swati Kumar,246150.40000000002,57376.55,1,4.0
CUST20997,Anjali Behera,246149.8,50154.15,1,4.0
CUST14037,Swati Singh,246111.0,34477.93,1,3.0
CUST19743,Sneha Pradhan,246092.80000000002,23709.53,1,4.0
CUST21429,Abhishek Mehta,246078.4,53747.56,1,4.0
CUST26009,Deepak Nayak,246074.4,42414.53,1,4.0
CUST13123,Shreya Patel,246073.5,26868.46,1,5.0
CUST28590,Priya Dutta,246056.4,34896.5071,1,4.0
CUST20922,Manish Mishra,246052.0,32892.21,1,4.0
CUST12757,Riya Mohanty,246016.4,20391.6,1,4.0
CUST18387,Pooja Pradhan,245981.59999999998,13950.13,1,4.0
CUST19110,Rohit Panda,245977.2,32716.64,1,4.0
CUST22060,Deepak Mohanty,245940.75,43788.84,1,3.0
CUST22550,Anjali Behera,245885.0,40694.98,1,5.0
CUST17168,Nisha Patel,245880.0,22570.28,1,3.0
CUST28176,Akash Pradhan,245871.49999999997,15142.73,1,5.0
CUST10067,Sneha Singh,245847.0,28884.41,1,3.0
CUST25226,Raj Sahu,245843.8,40439.76,1,4.0
CUST14606,Manish Sahu,245833.6,28947.0,1,4.0
CUST21430,Vivek Gupta,245826.8,42649.11,1,4.0
CUST18638,Arjun Panda,245712.75,53699.42,1,5.0
CUST17409,Neha Pradhan,245701.0,50856.0,1,4.0
CUST11445,Karan Sharma,245689.94999999998,23092.73,1,3.0
CUST27196,Amit Das,245689.0,56103.08,1,5.0
CUST24256,Nisha Pradhan,245676.0,56585.83,1,4.0
CUST21407,Sanjay Dutta,245641.5,13101.07,1,5.0
CUST26426,Karan Mishra,245627.25,46565.21,1,5.0
CUST11784,Riya Jain,245598.75,23378.68,1,5.0
CUST21153,Pooja Das,245540.8,55274.88,1,4.0
CUST12351,Akash Panda,245486.25,41574.48,1,5.0
CUST20534,Amit Rao,245454.0,17321.44,1,4.0
CUST15606,Amit Kumar,245373.0,38778.76,1,4.0
CUST12092,Anjali Reddy,245340.9,13386.18,1,3.0
CUST21813,Akash Singh,245300.4,39012.52,1,4.0
CUST11667,Vivek Das,245295.0,19318.71,1,5.0
CUST27603,Vivek Jain,245293.99999999997,55312.28,1,4.0
CUST15226,Neha Mehta,245285.25,31682.0,1,5.0
CUST25874,Pooja Sharma,245226.8,52835.95,1,4.0
CUST17077,Nisha Das,245210.19999999998,51906.79,1,4.0
CUST17288,Deepak Nayak,245201.59999999998,31943.15,1,4.0
CUST19037,Raj Mehta,245154.0,41559.09,1,4.0
CUST14269,Amit Reddy,245140.0,19477.28,1,5.0
CUST26603,Ankit Mehta,245128.5,30652.4,1,5.0
CUST13160,Swati Panda,245112.0,54840.22,1,3.0
CUST26387,Pooja Mohanty,245088.75,19824.18,1,5.0
CUST21002,Vikas Pradhan,245030.40000000002,58845.98,1,4.0
CUST24865,Shreya Mohanty,245010.0,36165.570266666626,1,3.0
CUST17123,Priya Patel,244974.0,26124.2,1,4.0
CUST14963,Sneha Kumar,244915.2,38330.66,1,4.0
CUST22749,Sanjay Gupta,244879.2,58658.33,1,4.0
CUST18586,Unknown,244877.69999999998,29895.05,1,3.0
CUST10855,Akash Behera,244872.0,50728.1,1,5.0
CUST17228,Arjun Rao,244869.15,45830.52,1,3.0
CUST17466,Sneha Mishra,244868.0,39350.0,1,4.0
CUST27121,Shreya Mohanty,244856.49999999997,28356.03,1,5.0
CUST10527,Suresh Behera,244845.0,22209.15,1,5.0
CUST22025,Priya Singh,244788.75,26840.98,1,5.0
CUST26113,Sanjay Patel,244780.0,22909.96,1,5.0
CUST16456,Pooja Patel,244758.0,48088.7,1,3.0
CUST15300,Vikas Sahu,244691.25,56426.26,1,5.0
CUST26582,Vivek Singh,244616.4,25153.94,1,4.0
CUST16864,Neha Rao,244601.25,55021.82,1,5.0
CUST21969,Sanjay Gupta,244596.5,50315.81,1,5.0
CUST27306,Raj Das,244524.0,16219.3,1,4.0
CUST12966,Riya Mohanty,244509.3,50853.52,1,3.0
CUST19302,Vivek Reddy,244501.5,57974.02,1,3.0
CUST21748,Vikas Das,244479.6,27975.86,1,4.0
CUST21066,Kavita Sahu,244472.0,24782.52,1,5.0
CUST14596,Nisha Singh,244416.0,31750.08,1,5.0
CUST22081,Riya Das,244341.99999999997,36518.65673333328,1,4.0
CUST15610,Anjali Verma,244272.0,15071.39,1,4.0
CUST16863,Ankit Das,244268.49999999997,16780.51,1,5.0
CUST23652,Abhishek Rao,244128.15,36766.81920000003,1,3.0
CUST15335,Akash Das,244093.5,18962.37,1,5.0
CUST25112,Anjali Jain,244089.0,43241.45,1,3.0
CUST25214,Manish Sahu,244075.0,17178.3,1,5.0
CUST18843,Deepak Kumar,243897.0,17695.6,1,4.0
CUST13096,Suresh Singh,243895.4,29891.14,1,4.0
CUST27789,Ankit Dutta,243894.40000000002,20271.38,1,4.0
CUST24868,Swati Jain,243771.0,35726.98666666668,1,3.0
CUST11728,Manish Behera,243707.75,45566.18,1,5.0
CUST23212,Deepak Mehta,243687.0,48137.87,1,4.0
CUST24478,Kavita Reddy,243625.6,15499.2,1,4.0
CUST22098,Anjali Mishra,243609.0,41537.09,1,4.0
CUST13792,Rohit Das,243576.0,43221.06,1,3.0
CUST28442,Vikas Gupta,243472.0,42824.39,1,4.0
CUST26216,Vikas Patel,243468.75,36283.64,1,5.0
CUST21352,Manish Rao,243459.0,30262.91,1,3.0
CUST27718,Raj Mohanty,243435.0,58848.54,1,5.0
CUST21618,Raj Pradhan,243373.19999999998,39966.26,1,4.0
CUST10017,Priya Mohanty,243369.0,19504.45,1,3.0
CUST12263,Arjun Verma,243364.8,23035.9,1,4.0
CUST17767,Nisha Verma,243195.0,33701.56,1,5.0
CUST22615,Anjali Kumar,243162.0,56837.53,1,4.0
CUST20030,Priya Panda,243153.0,22242.61,1,3.0
CUST11662,Karan Rao,243135.4,24288.43,1,4.0
CUST12074,Raj Sharma,243126.9,43089.13,1,3.0
CUST26025,Karan Jain,243111.0,17909.62,1,4.0
CUST12451,Priya Rao,243054.0,28721.3,1,4.0
CUST21893,Vivek Gupta,243040.5,32809.98,1,5.0
CUST22008,Nisha Panda,243036.0,36350.91,1,3.0
CUST18352,Suresh Panda,243022.5,53989.12,1,5.0
CUST15854,Priya Panda,243015.0,12210.72,1,4.0
CUST20527,Rahul Yadav,243008.28,20083.83,1,4.0
CUST14142,Pooja Sahu,243003.0,52212.27,1,3.0
CUST14890,Suresh Kumar,242908.75,23176.1,1,5.0
CUST21986,Sanjay Mehta,242892.19999999998,50619.05,1,4.0
CUST13567,Deepak Pradhan,242828.0,16244.16,1,4.0
CUST28141,Sneha Das,242828.0,43566.91,1,5.0
CUST14141,Abhishek Yadav,242777.0,58014.63,1,5.0
CUST18454,Akash Mehta,242772.0,20921.4,1,4.0
CUST17033,Vikas Sharma,242753.19999999998,49657.39,1,4.0
CUST10208,Arjun Panda,242729.75,32467.21,1,5.0
CUST22483,Karan Rao,242719.2,25206.02,1,4.0
CUST24667,Abhishek Panda,242696.25,50666.06,1,5.0
CUST11141,Sanjay Panda,242683.2,22301.92,1,4.0
CUST23637,Vivek Nayak,242667.0,38200.8,1,4.0
CUST27562,Shreya Jain,242661.0,33756.37,1,3.0
CUST17132,Sneha Nayak,242649.0,46230.63,1,3.0
CUST21383,Suresh Panda,242562.0,21598.61,1,3.0
CUST25141,Suresh Nayak,242559.0,26516.25,1,3.0
CUST21549,Anjali Nayak,242526.25,45084.72,1,5.0
CUST23374,Arjun Jain,242514.0,56142.1,1,4.0
CUST28726,Rohit Patel,242512.65,43381.82,1,3.0
CUST19839,Kavita Verma,242500.8,27206.4,1,3.0
CUST17680,Akash Pradhan,242437.0,15969.03,1,5.0
CUST11014,Kavita Rao,242418.4,22567.67,1,4.0
CUST15629,Pooja Panda,242409.6,43695.52,1,4.0
CUST24191,Pooja Sharma,242398.19999999998,56358.05,1,3.0
CUST28017,Sneha Nayak,242394.0,50136.1,1,4.0
CUST15844,Riya Singh,242360.0,26510.1439333333,1,5.0
CUST14344,Rahul Jain,242341.8,17205.85,1,4.0
CUST16095,Priya Gupta,242294.19999999998,32576.60436666668,1,4.0
CUST22594,Vivek Mohanty,242250.0,12383.84,1,3.0
CUST26108,Arjun Dutta,242247.59999999998,50497.78,1,4.0
CUST28094,Priya Reddy,242195.2,15561.4,1,4.0
CUST28386,Sneha Kumar,242092.80000000002,23712.32,1,3.0
CUST17541,Vivek Gupta,242072.0,19824.39,1,4.0
CUST23770,Rahul Jain,242063.85,42600.39,1,3.0
CUST23344,Rahul Mishra,242043.44999999998,43170.41,1,3.0
CUST23662,Rahul Verma,242006.4,13797.72,1,3.0
CUST21125,Swati Gupta,241984.8,21168.33,1,4.0
CUST10735,Abhishek Yadav,241920.0,55004.46,1,5.0
CUST15006,Priya Mishra,241797.0,33408.51,1,3.0
CUST12810,Akash Rao,241780.8,13305.62,1,3.0
CUST28185,Swati Mehta,241759.8,57852.88,1,3.0
CUST15417,Swati Nayak,241728.0,53311.63,1,4.0
CUST26051,Pooja Nayak,241605.0,43884.96,1,5.0
CUST13652,Suresh Panda,241583.99999999997,30286.87,1,5.0
CUST13810,Neha Mehta,241570.0,49597.14,1,5.0
CUST23373,Suresh Rao,241543.19999999998,56214.91,1,4.0
CUST15799,Kavita Nayak,241504.2,31272.13,1,3.0
CUST21149,Ankit Mishra,241280.0,12722.79,1,4.0
CUST21059,Abhishek Mehta,241210.0,48920.94,1,5.0
CUST20685,Sneha Behera,241185.6,25011.3,1,4.0
CUST17555,Sanjay Rao,241170.5,34822.14,1,5.0
CUST11231,Karan Panda,241092.0,23739.36,1,4.0
CUST10799,Pooja Sharma,241082.1,21861.95,1,3.0
CUST11101,Amit Gupta,241074.0,21464.01,1,3.0
CUST17244,Amit Nayak,241038.75,27375.85,1,3.0
CUST14143,Pooja Pradhan,241020.0,24422.756099999977,1,4.0
CUST25756,Sneha Mishra,240965.19999999998,36748.32,1,4.0
CUST11422,Sneha Reddy,240957.0,19772.62,1,5.0
CUST17195,Anjali Singh,240932.0,31880.92,1,4.0
CUST22358,Amit Sahu,240911.25,36984.56,1,5.0
CUST14331,Rahul Sahu,240900.0,52810.25,1,5.0
CUST20398,Riya Verma,240897.6,15591.5,1,4.0
CUST14650,Nisha Reddy,240895.94999999998,49376.65,1,3.0
CUST18785,Priya Dutta,240873.0,44522.86,1,4.0
CUST10099,Manish Gupta,240759.0,29164.23,1,5.0
CUST22850,Karan Mehta,240758.40000000002,56304.11,1,4.0
CUST13199,Shreya Das,240741.0,47001.15,1,3.0
CUST25597,Akash Sharma,240730.19999999998,50352.11,1,3.0
CUST24078,Arjun Singh,240696.19999999998,35400.831533333294,1,4.0
CUST12374,Pooja Das,240691.2,31058.37,1,4.0
CUST15520,Akash Mehta,240685.34999999998,53268.16,1,3.0
CUST26944,Vikas Sahu,240670.0,16104.09,1,5.0
CUST25647,Ankit Nayak,240665.4,54498.36,1,4.0
CUST11895,Neha Singh,240564.6,57692.78,1,3.0
CUST21633,Nisha Panda,240534.3,35022.6,1,3.0
CUST20314,Karan Behera,240494.8,29350.64,1,4.0
CUST15763,Vikas Reddy,240459.9,36918.79,1,3.0
CUST24849,Kavita Nayak,240269.25,57889.53,1,3.0
CUST25780,Pooja Jain,240225.0,55847.77,1,5.0
CUST26751,Abhishek Nayak,240201.0,45325.54,1,3.0
CUST13591,Deepak Das,240081.0,41697.01,1,4.0
CUST13014,Nisha Kumar,240075.0,57251.78,1,5.0
CUST12666,Vikas Kumar,240067.19999999998,29679.52,1,3.0
CUST19187,Pooja Kumar,240030.0,32719.27,1,5.0
CUST22541,Suresh Jain,240010.4,19368.65,1,4.0
CUST12384,Ankit Sharma,239994.9,26304.52,1,3.0
CUST22472,Rohit Patel,239970.3,32228.85,1,3.0
CUST10288,Suresh Dutta,239958.0,47133.64,1,4.0
CUST10620,Abhishek Gupta,239921.49999999997,28244.1,1,5.0
CUST16750,Akash Nayak,239870.25,42163.54,1,3.0
CUST12003,Karan Behera,239825.59999999998,23613.5,1,4.0
CUST28804,Kavita Sharma,239731.2,19353.19,1,4.0
CUST13151,Neha Sahu,239673.0,57558.34,1,3.0
CUST28798,Sanjay Sahu,239641.6,20781.55,1,4.0
CUST21341,Shreya Reddy,239634.0,55194.18,1,4.0
CUST27013,Neha Sahu,239556.8,23165.26,1,4.0
CUST16907,Neha Sharma,239510.0,42343.46,1,5.0
CUST27907,Rohit Dutta,239495.0,46447.28,1,4.0
CUST28285,Ankit Pradhan,239449.25,51333.81,1,5.0
CUST23029,Suresh Jain,239446.80000000002,41164.64,1,4.0
CUST23151,Unknown,239428.0,29295.81,1,5.0
CUST17474,Sanjay Mehta,239425.0,15030.79,1,5.0
CUST11436,Rohit Panda,239381.25,55808.93,1,3.0
CUST26811,Pooja Behera,239350.65,31235.01,1,3.0
CUST26013,Amit Das,239340.0,12075.45,1,4.0
CUST21368,Shreya Jain,239319.49999999997,41350.59,1,5.0
CUST11315,Akash Rao,239312.49999999997,49884.72,1,5.0
CUST10138,Manish Sahu,239284.0,52462.79,1,5.0
CUST22764,Akash Nayak,239248.0,17985.85,1,4.0
CUST26841,Suresh Panda,239224.25,31492.78,1,5.0
CUST26763,Shreya Sahu,239092.0,53857.64,1,5.0
CUST27672,Vikas Kumar,239080.0,39148.64,1,4.0
CUST11163,Rohit Mohanty,239068.0,28201.75,1,5.0
CUST17571,Riya Pradhan,239007.99999999997,42081.62,1,4.0
CUST16069,Amit Mishra,238992.0,35134.57,1,5.0
CUST17470,Kavita Dutta,238950.0,19128.71,1,5.0
CUST11729,Kavita Rao,238909.99999999997,25403.31,1,4.0
CUST15538,Anjali Patel,238905.0,33757.56,1,4.0
CUST13627,Manish Sharma,238856.8,13671.62,1,4.0
CUST24921,Akash Jain,238826.19999999998,56599.58,1,4.0
CUST16252,Ankit Rao,238824.0,53249.35,1,5.0
CUST11368,Raj Mishra,238794.0,43058.33,1,3.0
CUST27532,Ankit Pradhan,238685.1,56992.98,1,3.0
CUST26022,Priya Patel,238677.30000000002,26985.8,1,3.0
CUST13041,Raj Gupta,238668.0,57095.92,1,4.0
CUST14659,Akash Yadav,238650.44999999998,22400.81,1,3.0
CUST11539,Rahul Nayak,238647.0,30855.88,1,4.0
CUST18238,Neha Dutta,238646.8,16324.02,1,4.0
CUST21338,Raj Sharma,238629.99999999997,45359.8,1,5.0
CUST17910,Shreya Reddy,238614.40000000002,39740.91,1,4.0
CUST11971,Riya Nayak,238600.0,21004.14,1,5.0
CUST22144,Neha Yadav,238594.5,54886.97,1,5.0
CUST22823,Priya Panda,238532.4,39998.47,1,4.0
CUST19511,Rohit Behera,238495.2,54268.95,1,3.0
CUST14860,Sneha Dutta,238455.6,17314.06,1,4.0
CUST23412,Deepak Verma,238440.0,38209.83,1,4.0
CUST13193,Kavita Rao,238393.6,58915.93,1,4.0
CUST22373,Manish Mohanty,238392.0,47506.91,1,3.0
CUST27554,Akash Gupta,238368.9,14592.89,1,3.0
CUST26460,Sneha Behera,238225.5,51030.94,1,5.0
CUST21846,Pooja Rao,238132.55066921606,3437.1,1,5.0
CUST28265,Ankit Panda,238132.55066921606,35952.35,1,5.0
CUST12761,Rohit Yadav,238128.0,49320.5,1,5.0
CUST16407,Raj Mohanty,238041.99999999997,37738.25,1,4.0
CUST25953,Vivek Jain,238020.59999999998,38582.48,1,3.0
CUST14205,Sanjay Das,238018.5,56987.02,1,5.0
CUST28645,Abhishek Reddy,237951.0,24510.51,1,5.0
CUST12145,Kavita Mishra,237861.9,59119.97,1,3.0
CUST14082,Shreya Sahu,237849.6,54494.29,1,3.0
CUST13862,Vivek Behera,237830.0,58769.61,1,5.0
CUST27913,Arjun Sahu,237824.0,24554.76,1,4.0
CUST17852,Raj Rao,237762.0,16601.48,1,5.0
CUST16114,Karan Dutta,237737.5,28904.34,1,5.0
CUST17614,Swati Rao,237726.99999999997,43354.39,1,5.0
CUST11769,Rahul Singh,237713.4,11981.09,1,3.0
CUST24091,Shreya Das,237600.0,17251.17,1,4.0
CUST26001,Pooja Reddy,237574.4,27738.37,1,4.0
CUST25221,Priya Panda,237524.0,27282.74,1,4.0
CUST23746,Shreya Pradhan,237519.0,50747.62,1,4.0
CUST20660,Anjali Mehta,237459.2,34253.04,1,4.0
CUST25947,Rohit Kumar,237428.75,43734.98,1,5.0
CUST22003,Arjun Patel,237371.85,22240.44,1,3.0
CUST12425,Pooja Nayak,237309.0,57666.1,1,3.0
CUST17241,Anjali Kumar,237239.25,23738.9,1,5.0
CUST20045,Akash Mehta,237183.0,14526.96,1,3.0
CUST16607,Sneha Das,237134.8,47859.23,1,4.0
CUST23128,Pooja Behera,237123.2,59033.75,1,4.0
CUST28145,Raj Mohanty,237110.5,45947.11,1,5.0
CUST25208,Kavita Yadav,237059.19999999998,32793.43,1,4.0
CUST19225,Raj Mishra,236961.0,49603.72,1,4.0
CUST21357,Arjun Sahu,236948.0,33470.73,1,5.0
CUST21335,Pooja Nayak,236895.0,52409.54,1,3.0
CUST17897,Karan Das,236858.99999999997,14979.43,1,5.0
CUST22985,Raj Patel,236816.0,30214.36,1,4.0
CUST20207,Rahul Singh,236785.35,29423.0,1,3.0
CUST28264,Anjali Yadav,236768.4,30070.28,1,3.0
CUST12647,Pooja Verma,236716.80000000002,12038.81,1,4.0
CUST17731,Shreya Reddy,236713.6,34181.82,1,4.0
CUST15957,Kavita Reddy,236695.25,16066.71,1,5.0
CUST17672,Pooja Reddy,236678.40000000002,20371.83,1,4.0
CUST20646,Vivek Dutta,236619.0,55659.02,1,3.0
CUST22349,Arjun Panda,236567.09999999998,51734.73,1,3.0
CUST26825,Vivek Kumar,236541.6,18037.47,1,4.0
CUST12751,Arjun Nayak,236493.0,52022.77,1,4.0
CUST23951,Riya Verma,236478.75,21238.4,1,3.0
CUST20160,Nisha Mohanty,236475.0,47348.24,1,5.0
CUST20326,Priya Verma,236473.2,48213.55,1,4.0
CUST15497,Raj Sahu,236451.0,46210.5,1,3.0
CUST16656,Nisha Sahu,236444.55,27719.35,1,3.0
CUST25281,Nisha Rao,236441.6,50698.73,1,4.0
CUST10584,Riya Sharma,236417.0,44161.52,1,4.0
CUST23727,Rohit Sahu,236354.4,38168.78,1,4.0
CUST20433,Karan Reddy,236331.0,32495.43,1,3.0
CUST25905,Deepak Das,236327.19999999998,38892.64,1,4.0
CUST24274,Vivek Dutta,236272.5,17899.99,1,5.0
CUST23555,Suresh Nayak,236272.0,43742.42,1,5.0
CUST19707,Deepak Patel,236268.80000000002,21565.25,1,4.0
CUST25690,Pooja Verma,236230.0,40003.6,1,5.0
CUST22856,Neha Das,236217.0,20527.4,1,3.0
CUST20051,Vivek Nayak,236214.0,42282.6,1,3.0
CUST11545,Rohit Patel,236165.99999999997,41578.63,1,4.0
CUST13344,Raj Behera,236097.8,34684.93,1,4.0
CUST24790,Suresh Verma,236075.0,37807.2,1,5.0
CUST22714,Priya Reddy,236035.2,40400.88,1,4.0
CUST23110,Akash Gupta,236022.75,25388.8,1,3.0
CUST12712,Rahul Yadav,235973.6,41374.5,1,4.0
CUST25987,Priya Panda,235944.0,27804.39,1,5.0
CUST26012,Sanjay Panda,235939.2,47911.25,1,3.0
CUST19134,Arjun Kumar,235890.3,54506.74,1,3.0
CUST28780,Swati Behera,235820.0,46714.68,1,5.0
CUST22977,Sneha Dutta,235773.0,38354.87,1,5.0
CUST14472,Suresh Pradhan,235737.0,40405.32,1,3.0
CUST17938,Kavita Kumar,235731.6,43464.09,1,3.0
CUST17950,Anjali Mishra,235716.0,20997.97,1,4.0
CUST22803,Manish Nayak,235692.0,43145.44,1,5.0
CUST14478,Sneha Kumar,235653.75,53209.95,1,5.0
CUST24428,Vikas Mehta,235620.0,58717.98,1,5.0
CUST21994,Swati Pradhan,235611.0,40026.45,1,3.0
CUST24313,Sanjay Kumar,235579.19999999998,50750.28,1,3.0
CUST18584,Rahul Patel,235416.0,34553.31,1,5.0
CUST16297,Neha Patel,235336.94999999998,56551.34,1,3.0
CUST22893,Rahul Gupta,235286.40000000002,30456.55,1,3.0
CUST23163,Swati Panda,235221.0,36300.5,1,4.0
CUST13189,Kavita Verma,235176.0,42726.138833333316,1,3.0
CUST25147,Sanjay Mohanty,235145.7,19491.08,1,3.0
CUST16206,Suresh Singh,235127.0,12733.8,1,5.0
CUST25980,Rohit Mohanty,235096.5,56022.0,1,5.0
CUST13611,Kavita Behera,235001.5,12468.82,1,5.0
CUST22662,Vikas Reddy,234895.8,25540.18,1,4.0
CUST19812,Amit Kumar,234892.5,22754.96,1,5.0
CUST25880,Riya Pradhan,234884.0,41886.43,1,5.0
CUST18251,Priya Mohanty,234870.30000000002,30145.55,1,3.0
CUST21860,Rahul Rao,234800.0,39177.18,1,5.0
CUST18914,Riya Jain,234766.80000000002,58224.43,1,4.0
CUST11821,Anjali Pradhan,234734.55,16201.22,1,3.0
CUST21091,Karan Rao,234693.0,22428.96,1,3.0
CUST12471,Priya Sharma,234681.6,46101.07,1,4.0
CUST28222,Neha Nayak,234665.1,37156.24,1,3.0
CUST27396,Riya Jain,234659.2,13426.1,1,4.0
CUST18960,Suresh Mishra,234632.7,51616.03,1,3.0
CUST18587,Amit Patel,234611.99999999997,24940.87,1,5.0
CUST16639,Deepak Verma,234309.3,13196.32,1,3.0
CUST23938,Akash Pradhan,234307.2,33235.46,1,4.0
CUST27932,Rahul Mohanty,234245.55,56569.8,1,3.0
CUST19938,Shreya Yadav,234245.0,35860.88,1,5.0
CUST10117,Swati Patel,234173.7,29595.85853333336,1,3.0
CUST20980,Sanjay Patel,234150.0,53862.17,1,3.0
CUST22328,Priya Mehta,234130.34999999998,57131.62,1,3.0
CUST13032,Amit Mohanty,234124.0,56511.39,1,4.0
CUST22812,Swati Mehta,234120.6,35078.06,1,4.0
CUST28481,Vivek Reddy,234105.19999999998,19196.02,1,4.0
CUST11565,Suresh Pradhan,234097.2,35911.2,1,4.0
CUST20031,Neha Rao,234052.80000000002,44371.6,1,3.0
CUST25389,Ankit Gupta,234007.2,13734.39,1,3.0
CUST12473,Raj Reddy,233982.0,57752.42,1,5.0
CUST19661,Deepak Sahu,233896.65,14772.63,1,3.0
CUST27371,Swati Rao,233884.80000000002,18107.6,1,4.0
CUST12138,Akash Kumar,233835.0,58321.95,1,5.0
CUST27577,Arjun Nayak,233829.19999999998,50779.24,1,4.0
CUST20958,Rohit Verma,233799.1,22530.7,1,5.0
CUST10822,Amit Kumar,233777.19999999998,43345.74,1,4.0
CUST28217,Pooja Mehta,233628.0,19560.15,1,3.0
CUST28527,Manish Sharma,233624.0,25897.06,1,5.0
CUST28032,Raj Jain,233569.8,56479.89,1,4.0
CUST25886,Anjali Panda,233559.0,17533.76,1,4.0
CUST16599,Deepak Patel,233544.0,49257.36,1,4.0
CUST22297,Abhishek Reddy,233520.0,31936.49,1,5.0
CUST24799,Manish Kumar,233510.40000000002,16165.55,1,4.0
CUST28470,Anjali Panda,233463.47999999998,14646.95,1,4.0
CUST10783,Pooja Verma,233460.0,43850.48,1,5.0
CUST11982,Manish Sahu,233436.6,18727.87,1,3.0
CUST23553,Abhishek Reddy,233425.80000000002,22877.3,1,3.0
CUST21278,Shreya Verma,233379.0,12403.95,1,4.0
CUST27398,Ankit Nayak,233377.5,22135.57,1,5.0
CUST20623,Manish Verma,233352.9,25132.98,1,3.0
CUST16965,Suresh Mehta,233324.80000000002,19253.32,1,4.0
CUST13057,Riya Patel,233313.75,26362.28,1,5.0
CUST13817,Nisha Mehta,233273.6,40311.94,1,4.0
CUST16366,Pooja Sahu,233252.0,46815.0,1,4.0
CUST13281,Nisha Panda,233220.0,22498.89,1,5.0
CUST10639,Shreya Mishra,233208.0,53258.79,1,4.0
CUST15776,Priya Rao,233124.3,45687.13,1,3.0
CUST24650,Karan Das,233080.2,48184.07,1,3.0
CUST15047,Vivek Nayak,233072.0,42803.52,1,4.0
CUST23262,Pooja Reddy,233061.30000000002,44158.23,1,3.0
CUST18092,Shreya Mishra,233035.0,31675.29,1,5.0
CUST26613,Swati Dutta,232924.8,46338.13,1,4.0
CUST21071,Rohit Pradhan,232915.5,26702.87,1,3.0
CUST25039,Priya Jain,232872.30000000002,37705.3,1,3.0
CUST28806,Manish Panda,232868.99999999997,52206.74,1,5.0
CUST13823,Suresh Nayak,232850.7,41681.64,1,3.0
CUST27330,Karan Mehta,232806.5,22639.47,1,5.0
CUST11213,Karan Kumar,232794.0,31955.69,1,4.0
CUST27180,Kavita Behera,232674.4,57270.58,1,4.0
CUST22559,Abhishek Pradhan,232655.49999999997,57418.7,1,5.0
CUST25991,Amit Reddy,232639.2,48137.19,1,3.0
CUST16518,Swati Pradhan,232596.0,57938.49,1,3.0
CUST17311,Abhishek Pradhan,232556.19999999998,17687.7,1,4.0
CUST14750,Manish Sharma,232497.0,35849.18,1,5.0
CUST15395,Manish Sahu,232495.0,18733.94,1,5.0
CUST28488,Anjali Gupta,232428.0,48131.62,1,3.0
CUST19959,Swati Jain,232416.0,36503.99,1,3.0
CUST20683,Deepak Kumar,232383.6,27908.61,1,3.0
CUST16700,Neha Patel,232380.0,16093.05,1,5.0
CUST25254,Arjun Behera,232377.59999999998,23694.46,1,3.0
CUST23095,Nisha Panda,232375.2,56797.35,1,3.0
CUST12024,Anjali Yadav,232365.25,20068.09,1,5.0
CUST12403,Shreya Verma,232302.6,51293.13,1,3.0
CUST10186,Suresh Pradhan,232297.2,19703.88,1,4.0
CUST25580,Akash Rao,232272.0,5289.65,1,3.0
CUST12178,Deepak Mehta,232263.75,16712.67,1,5.0
CUST28773,Kavita Pradhan,232208.1,57774.24,1,3.0
CUST15194,Sanjay Mohanty,232203.6,18409.48,1,4.0
CUST28008,Rahul Yadav,232184.4,45724.85,1,4.0
CUST26002,Ankit Kumar,232172.4,47235.49,1,4.0
CUST28829,Swati Kumar,232137.0,24963.78,1,3.0
CUST16494,Neha Reddy,232116.30000000002,56420.97,1,3.0
CUST22259,Abhishek Mishra,232103.19999999998,46013.66,1,4.0
CUST16775,Deepak Mishra,232042.5,44045.4,1,5.0
CUST15283,Anjali Rao,232041.3,46316.05,1,3.0
CUST14328,Rohit Jain,231997.5,13650.1,1,3.0
CUST19347,Akash Mohanty,231982.5,19527.87,1,5.0
CUST13648,Priya Mohanty,231928.80000000002,36800.32,1,3.0
CUST16139,Karan Nayak,231925.05,17496.38,1,3.0
CUST14914,Shreya Dutta,231897.0,25930.58,1,3.0
CUST12705,Sneha Behera,231883.59999999998,44244.93,1,4.0
CUST23297,Shreya Kumar,231876.0,12480.66,1,3.0
CUST22631,Suresh Sahu,231858.9,20667.84,1,3.0
CUST22693,Deepak Sahu,231858.75,40196.41,1,5.0
CUST23438,Priya Verma,231795.0,57655.41,1,5.0
CUST19041,Rohit Mishra,231780.0,32150.51,1,5.0
CUST23250,Rahul Mehta,231775.2,47114.61,1,3.0
CUST12254,Manish Panda,231610.5,57326.09,1,5.0
CUST24063,Shreya Pradhan,231550.19999999998,17283.39,1,4.0
CUST14852,Nisha Yadav,231529.5,21840.85,1,5.0
CUST11012,Vivek Das,231508.34999999998,35505.82,1,3.0
CUST19262,Rahul Mohanty,231450.75,46310.53,1,3.0
CUST20483,Pooja Jain,231420.0,26861.3,1,5.0
CUST18639,Deepak Behera,231416.25,20319.39,1,5.0
CUST22496,Swati Mohanty,231398.40000000002,42516.47,1,3.0
CUST25878,Shreya Gupta,231388.80000000002,51643.55,1,3.0
CUST25433,Vivek Yadav,231327.5,14855.28,1,5.0
CUST27871,Neha Jain,231295.5,40633.47,1,3.0
CUST11466,Neha Reddy,231223.34999999998,37873.0,1,3.0
CUST22847,Rahul Patel,231206.25,56770.71,1,5.0
CUST24224,Riya Nayak,231162.0,25474.01,1,4.0
CUST22084,Neha Sharma,231089.4,14784.87,1,4.0
CUST13711,Nisha Patel,231082.75,55540.8,1,5.0
CUST18548,Karan Verma,231064.4,52211.59,1,4.0
CUST11335,Nisha Verma,231063.0,12562.72,1,3.0
CUST23370,Nisha Mohanty,231055.2,48604.37,1,4.0
CUST26190,Amit Mohanty,230983.0,43497.58,1,4.0
CUST28697,Ankit Jain,230853.8,42495.5,1,4.0
CUST15367,Anjali Panda,230844.0,48722.73,1,3.0
CUST17997,Kavita Dutta,230834.8,24951.64,1,4.0
CUST17200,Neha Jain,230824.80000000002,57531.24,1,4.0
CUST27558,Vikas Nayak,230821.75,49697.86,1,5.0
CUST25260,Priya Patel,230781.8,13330.81,1,4.0
CUST19591,Abhishek Sharma,230760.0,22210.25,1,5.0
CUST17496,Rahul Verma,230748.0,15619.79,1,4.0
CUST14940,Vivek Dutta,230746.94999999998,19181.64,1,3.0
CUST17759,Karan Sharma,230742.0,15282.09,1,4.0
CUST21493,Arjun Gupta,230728.4,41326.06,1,4.0
CUST19513,Sneha Nayak,230724.59999999998,41338.02,1,3.0
CUST20085,Vivek Verma,230640.0,39889.45,1,5.0
CUST26476,Kavita Kumar,230569.49999999997,33211.62,1,5.0
CUST28237,Kavita Singh,230535.19999999998,21620.42,1,4.0
CUST12898,Ankit Mohanty,230532.0,49584.5,1,4.0
CUST14669,Sneha Sharma,230477.4,27944.52,1,3.0
CUST26332,Amit Mishra,230457.49999999997,38727.56,1,5.0
CUST25568,Priya Mishra,230431.2,38697.96,1,3.0
CUST14590,Rahul Sharma,230391.0,23611.32,1,3.0
CUST19845,Abhishek Reddy,230388.0,17951.26,1,4.0
CUST15062,Riya Sharma,230385.44999999998,37505.22,1,3.0
CUST10762,Suresh Yadav,230341.75,14978.8,1,5.0
CUST15159,Suresh Gupta,230339.19999999998,50859.55,1,4.0
CUST11431,Suresh Kumar,230338.49999999997,31206.96,1,5.0
CUST10730,Suresh Mehta,230120.8,47077.22,1,4.0
CUST26757,Anjali Das,230071.19999999998,50025.13,1,4.0
CUST11278,Abhishek Jain,230059.19999999998,57436.9,1,4.0
CUST11325,Arjun Das,230052.0,30011.33,1,4.0
CUST15537,Rohit Das,230048.25,47320.67,1,3.0
CUST28698,Manish Sahu,230031.0,21716.69,1,4.0
CUST15515,Manish Sharma,229992.15,30646.07,1,3.0
CUST11212,Vikas Panda,229941.0,55898.0,1,4.0
CUST15189,Swati Verma,229888.80000000002,25940.72,1,3.0
CUST15178,Sneha Singh,229867.19999999998,49043.02,1,3.0
CUST14174,Suresh Singh,229859.1,17424.9,1,3.0
CUST23869,Sneha Jain,229825.0,44095.08,1,5.0
CUST23724,Manish Pradhan,229810.5,15568.91,1,3.0
CUST22718,Vivek Jain,229798.35,31912.94,1,3.0
CUST23485,Suresh Reddy,229795.5,27121.18,1,5.0
CUST11715,Anjali Singh,229698.59999999998,53784.61,1,3.0
CUST26291,Suresh Singh,229689.0,39994.23,1,5.0
CUST11681,Neha Mohanty,229626.0,23162.81,1,5.0
CUST26168,Deepak Panda,229592.19999999998,37914.0,1,4.0
CUST19866,Rohit Reddy,229572.9,9253.79,1,3.0
CUST17896,Deepak Dutta,229571.4,26986.08,1,4.0
CUST16735,Amit Behera,229561.8,16364.26,1,4.0
CUST15602,Neha Reddy,229496.4,15076.64,1,4.0
CUST24369,Suresh Pradhan,229479.15,43737.59,1,3.0
CUST28173,Rahul Mohanty,229451.59999999998,28797.13,1,4.0
CUST12248,Priya Dutta,229448.0,31684.58,1,5.0
CUST16113,Shreya Jain,229440.0,38326.75,1,3.0
CUST18522,Anjali Gupta,229376.0,50104.6,1,4.0
CUST19297,Swati Mehta,229309.5,53819.38,1,5.0
CUST20131,Ankit Dutta,229284.0,55264.45,1,4.0
CUST18401,Suresh Reddy,229164.80000000002,54822.93,1,4.0
CUST20896,Karan Pradhan,229163.4,32356.71,1,4.0
CUST22933,Suresh Reddy,229098.0,32439.17,1,4.0
CUST10515,Swati Kumar,229082.0,22854.09,1,5.0
CUST25434,Abhishek Reddy,229058.0,18230.2,1,4.0
CUST18044,Swati Sharma,229043.55,45772.91,1,3.0
CUST17820,Rohit Nayak,229029.5,56800.19,1,5.0
CUST11235,Sneha Das,229026.0,36974.83,1,4.0
CUST27690,Ankit Mohanty,228978.5,23486.93,1,5.0
CUST24141,Manish Sharma,228977.25,35772.67,1,5.0
CUST24652,Akash Dutta,228965.19999999998,12107.21,1,4.0
CUST12815,Shreya Mohanty,228951.9,40946.82,1,3.0
CUST26211,Raj Reddy,228912.0,20941.41,1,4.0
CUST10865,Karan Yadav,228849.0,50915.89,1,3.0
CUST12169,Swati Dutta,228816.0,44201.5,1,3.0
CUST17749,Karan Mehta,228803.0,23376.65,1,4.0
CUST28271,Amit Verma,228799.19999999998,55180.59,1,4.0
CUST11118,Amit Jain,228720.0,34061.81,1,4.0
CUST17816,Amit Mishra,228696.0,34746.26,1,5.0
CUST27741,Pooja Mehta,228664.8,21411.41,1,4.0
CUST13737,Sanjay Das,228636.5,16310.11,1,5.0
CUST25773,Suresh Panda,228600.4,23410.34,1,4.0
CUST24673,Ankit Mishra,228589.2,48179.16,1,4.0
CUST12778,Sanjay Mohanty,228579.44999999998,38805.93,1,3.0
CUST11161,Sanjay Verma,228514.5,54607.45,1,5.0
CUST14199,Anjali Reddy,228513.0,15766.98,1,3.0
CUST28560,Arjun Rao,228505.0,19320.12,1,5.0
CUST24344,Akash Mohanty,228444.0,39797.79,1,4.0
CUST25258,Riya Mohanty,228429.6,49592.83,1,3.0
CUST28058,Manish Nayak,228426.44999999998,54873.99,1,3.0
CUST11328,Manish Das,228424.0,47835.49,1,4.0
CUST23097,Suresh Kumar,228418.0,44938.93,1,4.0
CUST20546,Raj Mishra,228401.84999999998,31244.26,1,3.0
CUST14159,Akash Dutta,228372.0,48037.56,1,3.0
CUST14298,Swati Sahu,228300.8,23989.73,1,4.0
CUST16850,Vivek Yadav,228285.0,46647.93,1,5.0
CUST24124,Pooja Sahu,228212.0,54120.01,1,4.0
CUST28977,Neha Verma,228171.0,11803.57,1,5.0
CUST19633,Priya Mehta,228068.6,19281.66,1,4.0
CUST24888,Swati Yadav,228042.0,52209.52,1,4.0
CUST23932,Arjun Pradhan,228039.30000000002,27626.18,1,3.0
CUST28469,Neha Mohanty,228030.0,29293.55,1,5.0
CUST22835,Deepak Panda,227980.0,20446.86,1,5.0
CUST16886,Akash Rao,227976.8,40023.9,1,4.0
CUST25374,Raj Reddy,227962.94999999998,16043.57,1,3.0
CUST27857,Manish Dutta,227922.8,32530.14,1,4.0
CUST15531,Nisha Panda,227890.94999999998,55269.13,1,3.0
CUST20200,Vivek Nayak,227886.0,33821.1,1,3.0
CUST19224,Raj Patel,227812.5,19518.53,1,5.0
CUST25482,Akash Pradhan,227804.80000000002,14726.0,1,4.0
CUST28764,Neha Yadav,227804.80000000002,44110.53,1,4.0
CUST22848,Abhishek Jain,227790.5,21060.17,1,5.0
CUST23171,Sneha Jain,227762.5,31012.61,1,5.0
CUST22035,Swati Sahu,227731.5,46449.92,1,5.0
CUST16901,Abhishek Sharma,227653.8,39746.5,1,4.0
CUST19450,Rohit Gupta,227646.0,50514.18,1,4.0
CUST28286,Vikas Gupta,227565.0,21166.81,1,5.0
CUST15685,Swati Singh,227542.40000000002,47370.09,1,4.0
CUST28658,Swati Gupta,227534.5,49824.88,1,5.0
CUST21101,Nisha Verma,227516.25,27801.11,1,5.0
CUST11691,Swati Das,227498.4,51176.33,1,4.0
CUST26716,Suresh Das,227430.0,51434.86,1,4.0
CUST15543,Pooja Gupta,227401.2,48305.84,1,4.0
CUST12994,Akash Patel,227295.0,32791.27,1,4.0
CUST18526,Ankit Pradhan,227278.0,20466.96,1,4.0
CUST14179,Priya Dutta,227275.2,49848.11,1,3.0
CUST23683,Arjun Sahu,227235.6,23740.59,1,4.0
CUST26686,Vikas Mehta,227145.0,19903.3,1,4.0
CUST24817,Amit Behera,227087.0,15122.38,1,5.0
CUST16945,Ankit Jain,226896.0,53835.4,1,3.0
CUST20533,Rohit Behera,226852.0,40058.99,1,4.0
CUST22079,Sanjay Nayak,226800.0,53409.19,1,3.0
CUST14704,Raj Rao,226746.0,16000.52,1,5.0
CUST15012,Abhishek Dutta,226699.2,32933.29,1,4.0
CUST24735,Ankit Verma,226665.25,15948.04,1,5.0
CUST14796,Pooja Mishra,226659.3,20300.99,1,3.0
CUST27868,Swati Jain,226628.0,38709.12,1,5.0
CUST27268,Raj Mehta,226620.0,36512.97,1,4.0
CUST22928,Amit Dutta,226581.0,44308.42,1,4.0
CUST20576,Deepak Das,226499.2,52892.5,1,4.0
CUST17149,Swati Sahu,226410.0,35710.45,1,5.0
CUST15365,Rahul Mohanty,226380.0,41424.83,1,3.0
CUST20724,Deepak Rao,226377.6,42028.06,1,3.0
CUST19582,Anjali Panda,226377.19999999998,23506.86,1,4.0
CUST24966,Nisha Kumar,226358.40000000002,22206.24,1,4.0
CUST27886,Kavita Rao,226335.44999999998,13237.09,1,3.0
CUST25865,Kavita Rao,226335.0,51570.34,1,5.0
CUST16923,Unknown,226230.0,11685.27,1,4.0
CUST16262,Priya Nayak,226224.0,26478.49,1,4.0
CUST26381,Deepak Patel,226089.8,52788.27,1,4.0
CUST14278,Kavita Sharma,226089.6,39977.95,1,4.0
CUST13549,Priya Pradhan,226084.0,22468.44,1,4.0
CUST25116,Priya Rao,226076.4,30205.85,1,4.0
CUST13100,Abhishek Das,226074.0,13956.04,1,3.0
CUST21667,Kavita Kumar,226005.0,53282.24,1,3.0
CUST13984,Riya Panda,225998.40000000002,18024.72,1,3.0
CUST27304,Manish Panda,225986.25,34827.47,1,5.0
CUST27489,Abhishek Das,225963.0,23574.39,1,3.0
CUST26689,Sneha Sharma,225949.5,32010.45,1,3.0
CUST13583,Abhishek Sharma,225912.0,51398.23,1,3.0
CUST16226,Riya Reddy,225909.6,16895.39,1,3.0
CUST27149,Shreya Rao,225900.0,46238.1,1,4.0
CUST13359,Shreya Das,225896.4,17991.86,1,4.0
CUST11736,Abhishek Panda,225873.6,27368.22,1,3.0
CUST20027,Riya Mishra,225811.59999999998,33999.72,1,4.0
CUST12008,Swati Verma,225805.5,20124.19,1,3.0
CUST12339,Arjun Rao,225801.0,50036.02,1,3.0
CUST21075,Suresh Pradhan,225756.0,24143.09,1,3.0
CUST17103,Suresh Nayak,225720.9,54158.82,1,3.0
CUST15922,Akash Reddy,225603.0,22822.82,1,5.0
CUST26153,Neha Mishra,225599.25852873104,36526.26,1,5.0
CUST26677,Akash Yadav,225599.25852873104,39084.72,1,5.0
CUST12377,Nisha Panda,225599.25852873104,2001.81,1,5.0
CUST15431,Vikas Sharma,225532.80000000002,39773.81,1,4.0
CUST27698,Priya Behera,225488.19999999998,12761.14,1,4.0
CUST24398,Swati Singh,225407.0,18259.37,1,5.0
CUST28270,Kavita Sahu,225269.55,45213.36,1,3.0
CUST12614,Priya Jain,225266.4,17776.98,1,4.0
CUST28179,Ankit Rao,225177.0,44676.48,1,4.0
CUST20916,Pooja Sharma,225168.0,52833.94,1,4.0
CUST16530,Vikas Verma,225136.0,13072.15,1,4.0
CUST10253,Neha Gupta,225112.0,39450.17,1,5.0
CUST21750,Suresh Jain,225107.1,47393.71,1,3.0
CUST22773,Amit Das,225088.2,13552.23,1,3.0
CUST18867,Riya Behera,225000.0,20321.91,1,4.0
CUST16493,Neha Kumar,224943.75,18135.32,1,3.0
CUST18004,Akash Mohanty,224902.05,34066.27,1,3.0
CUST13901,Shreya Mohanty,224856.0,29494.31,1,4.0
CUST23838,Pooja Pradhan,224820.0,52554.53,1,4.0
CUST19132,Ankit Mehta,224805.6,27977.26,1,3.0
CUST12481,Suresh Das,224796.0,46162.69,1,3.0
CUST19096,Nisha Jain,224759.25,33946.02,1,3.0
CUST24843,Vivek Panda,224740.0,41594.57,1,5.0
CUST26441,Akash Gupta,224696.84999999998,27665.08,1,3.0
CUST23268,Karan Sharma,224696.25,14413.28,1,5.0
CUST17988,Karan Jain,224633.5,31782.18,1,5.0
CUST15798,Vivek Dutta,224624.4,33331.85,1,4.0
CUST25006,Vivek Sharma,224590.5,16179.89,1,5.0
CUST18170,Shreya Behera,224574.0,26934.19,1,4.0
CUST26461,Raj Yadav,224570.25,35295.7,1,3.0
CUST11605,Abhishek Dutta,224488.80000000002,42771.38,1,4.0
CUST27192,Arjun Das,224425.5,49518.05,1,5.0
CUST11482,Manish Reddy,224388.9,31060.08,1,3.0
CUST17069,Neha Sahu,224379.0,19880.6,1,3.0
CUST12588,Raj Reddy,224303.55,15608.18,1,3.0
CUST26995,Riya Verma,224283.6,55097.91,1,4.0
CUST13534,Sanjay Verma,224274.19999999998,13015.39,1,4.0
CUST27918,Akash Singh,224256.0,26493.94,1,5.0
CUST14033,Arjun Yadav,224255.5,49210.51,1,5.0
CUST12743,Nisha Behera,224253.19999999998,44532.36,1,4.0
CUST28950,Kavita Nayak,224248.0,25279.84,1,5.0
CUST15203,Kavita Gupta,224212.5,53678.73,1,3.0
CUST12067,Vikas Das,224192.0,48476.96,1,4.0
CUST13510,Sneha Pradhan,224181.0,18674.32,1,3.0
CUST22067,Nisha Dutta,224160.3,13119.77,1,3.0
CUST23526,Priya Pradhan,224151.75,30036.52,1,3.0
CUST17111,Sneha Jain,224150.40000000002,35547.15,1,4.0
CUST14767,Kavita Mohanty,224147.75,26678.95,1,5.0
CUST11922,Priya Reddy,224115.44999999998,54567.0,1,3.0
CUST23552,Vivek Das,224092.5,25495.59,1,5.0
CUST17397,Shreya Sahu,224059.2,48718.6,1,3.0
CUST11988,Amit Verma,224050.0,21502.91,1,5.0
CUST19680,Nisha Kumar,224049.0,16835.51,1,5.0
CUST11510,Suresh Sharma,224043.0,39698.19,1,4.0
CUST20966,Manish Rao,224024.25,37885.86,1,5.0
CUST20733,Rahul Patel,223970.75,30478.61,1,5.0
CUST12924,Pooja Das,223943.55,29374.55,1,3.0
CUST11441,Sanjay Mishra,223921.59999999998,41309.34,1,4.0
CUST21775,Vikas Panda,223881.30000000002,35483.45,1,3.0
CUST27281,Akash Rao,223786.75,29638.57,1,5.0
CUST27912,Sanjay Sahu,223773.75,42896.73,1,3.0
CUST22156,Vivek Das,223755.4,53024.99,1,4.0
CUST23931,Sneha Behera,223728.5,20882.06,1,5.0
CUST20743,Ankit Mishra,223704.0,13307.53,1,3.0
CUST20668,Priya Gupta,223693.2,50740.23,1,4.0
CUST14885,Raj Gupta,223677.0,42198.75,1,5.0
CUST18810,Anjali Jain,223665.30000000002,23459.16,1,3.0
CUST12429,Rahul Singh,223593.0,49482.97,1,4.0
CUST22867,Vivek Pradhan,223537.5,40061.16,1,3.0
CUST27547,Priya Verma,223494.40000000002,46903.6,1,4.0
CUST16106,Manish Gupta,223468.0,38244.11,1,4.0
CUST17483,Neha Verma,223457.5,23030.35,1,5.0
CUST28833,Nisha Jain,223455.0,46417.3,1,5.0
CUST19793,Suresh Reddy,223430.40000000002,21953.77,1,3.0
CUST26998,Akash Sharma,223408.80000000002,48188.78,1,4.0
CUST13325,Swati Sharma,223407.0,53114.15,1,3.0
CUST22314,Akash Reddy,223354.5,44878.84,1,3.0
CUST16984,Neha Mishra,223345.0,49593.94,1,5.0
CUST15287,Sneha Gupta,223316.5,31235.25,1,5.0
CUST26545,Raj Mohanty,223256.75,24316.93,1,5.0
CUST16725,Kavita Kumar,223251.75,21354.82,1,3.0
CUST15890,Abhishek Behera,223177.5,52348.83,1,3.0
CUST16558,Karan Gupta,223168.0,40736.93,1,5.0
CUST11693,Ankit Mehta,223074.0,54263.92,1,4.0
CUST19433,Priya Kumar,223052.0,49529.5,1,4.0
CUST20585,Ankit Rao,223046.40000000002,54046.34,1,4.0
CUST23031,Deepak Sahu,223036.80000000002,40869.64,1,3.0
CUST25846,Sanjay Rao,223016.19999999998,28472.13,1,4.0
CUST15470,Vivek Mehta,222996.0,49662.88,1,3.0
CUST11182,Rahul Mishra,222972.0,18912.9,1,3.0
CUST28539,Sanjay Verma,222955.5,28451.29,1,5.0
CUST10170,Sanjay Pradhan,222907.4,42742.26,1,4.0
CUST22617,Ankit Rao,222892.0,35704.72,1,4.0
CUST13800,Suresh Behera,222855.0,34234.9,1,3.0
CUST18075,Ankit Rao,222844.5,39921.97,1,5.0
CUST23481,Manish Pradhan,222799.5,12639.67,1,5.0
CUST20368,Abhishek Kumar,222760.80000000002,35744.89,1,4.0
CUST20491,Amit Yadav,222729.0,38370.02,1,4.0
CUST22549,Rohit Jain,222720.30000000002,43805.25,1,3.0
CUST28792,Pooja Reddy,222670.0,53002.94,1,5.0
CUST24168,Pooja Mehta,222669.0,48078.33,1,3.0
CUST22558,Vikas Das,222658.8,13786.19,1,4.0
CUST18561,Rahul Behera,222649.91999999998,40664.46,1,3.0
CUST24127,Arjun Sharma,222631.2,19576.2,1,3.0
CUST14884,Raj Gupta,222597.15,16221.21,1,3.0
CUST15143,Riya Rao,222582.6,36776.88,1,3.0
CUST17126,Swati Mishra,222564.0,42203.96,1,5.0
CUST13680,Nisha Rao,222534.0,53667.59,1,3.0
CUST21328,Abhishek Patel,222530.0,30937.2,1,5.0
CUST22211,Karan Sharma,222499.4,45809.39,1,4.0
CUST14629,Rahul Yadav,222496.4,51161.94,1,4.0
CUST20947,Shreya Reddy,222467.2,46873.96,1,4.0
CUST19506,Priya Patel,222453.75,55529.38,1,5.0
CUST20047,Deepak Sharma,222444.4,52122.07,1,4.0
CUST26762,Kavita Mohanty,222424.80000000002,50732.71,1,3.0
CUST17788,Vivek Dutta,222391.2,25601.13,1,3.0
CUST28996,Kavita Gupta,222380.4,48296.08,1,4.0
CUST28846,Karan Sharma,222370.56,12003.15,1,4.0
CUST18649,Akash Sahu,222316.80000000002,29071.6,1,3.0
CUST24179,Pooja Kumar,222276.0,25532.61,1,4.0
CUST19475,Unknown,222270.0,47726.35,1,5.0
CUST19788,Vivek Sharma,222237.0,49773.66,1,4.0
CUST25659,Kavita Yadav,222135.75,32813.57,1,3.0
CUST27238,Deepak Patel,222057.6,22835.66,1,3.0
CUST11358,Raj Mishra,222025.94999999998,24920.43,1,3.0
CUST14476,Nisha Patel,222004.0,20397.41,1,4.0
CUST16281,Neha Das,222003.59999999998,26980.69,1,4.0
CUST28418,Nisha Reddy,221992.4,13065.45,1,4.0
CUST14060,Rohit Sahu,221986.0,52021.49,1,4.0
CUST21673,Nisha Verma,221959.2,35818.57,1,3.0
CUST19770,Neha Pradhan,221943.6,40209.13,1,4.0
CUST18127,Sanjay Sahu,221924.75,18528.04,1,5.0
CUST15112,Neha Mehta,221924.25,41814.57,1,3.0
CUST18467,Pooja Dutta,221917.5,50243.68,1,5.0
CUST12311,Pooja Nayak,221913.0,48531.92,1,4.0
CUST23908,Kavita Das,221901.0,53663.89,1,4.0
CUST20023,Nisha Pradhan,221889.0,36493.1,1,3.0
CUST14624,Karan Mishra,221875.5,45425.32,1,5.0
CUST17351,Rohit Panda,221801.25,51921.85,1,5.0
CUST14064,Vivek Jain,221758.19999999998,38470.13943333335,1,4.0
CUST26283,Rohit Jain,221745.6,48206.86,1,4.0
CUST25803,Swati Mishra,221707.2,46865.07,1,3.0
CUST27245,Sanjay Patel,221632.80000000002,40141.68,1,3.0
CUST28587,Unknown,221628.0,37691.31,1,4.0
CUST13637,Akash Kumar,221561.25,45605.34,1,5.0
CUST24743,Anjali Verma,221559.30000000002,26694.81,1,3.0
CUST25088,Swati Mohanty,221558.40000000002,34356.85,1,3.0
CUST24825,Sanjay Mishra,221553.6,19667.56,1,3.0
CUST24266,Deepak Verma,221551.88,33608.67,1,4.0
CUST14777,Shreya Panda,221544.0,49078.23,1,3.0
CUST19729,Amit Rao,221475.0,31808.94,1,3.0
CUST21657,Kavita Rao,221462.4,20841.52,1,4.0
CUST28745,Ankit Kumar,221407.94999999998,21487.95,1,3.0
CUST13213,Vivek Verma,221374.0,41055.33,1,4.0
CUST28507,Karan Behera,221355.0,34894.61,1,4.0
CUST27387,Sanjay Reddy,221343.75,40310.47,1,5.0
CUST12398,Vikas Das,221336.69999999998,38157.6,1,3.0
CUST12229,Suresh Mishra,221288.0,33451.7,1,5.0
CUST18693,Arjun Sharma,221211.0,37156.29,1,3.0
CUST14397,Rahul Gupta,221202.75,30204.4,1,5.0
CUST12879,Nisha Yadav,221199.75,34108.83,1,3.0
CUST18279,Pooja Rao,221193.0,38883.97,1,5.0
CUST20924,Nisha Verma,221187.0,51985.07,1,5.0
CUST22437,Pooja Sharma,221141.25,46681.17,1,3.0
CUST14044,Vikas Pradhan,221093.5,25921.6,1,5.0
CUST19623,Kavita Mishra,221016.0,19221.62,1,4.0
CUST22523,Akash Mehta,221011.2,11566.47,1,4.0
CUST20333,Deepak Yadav,220986.15,16605.06,1,3.0
CUST20647,Deepak Das,220950.0,38296.89,1,5.0
CUST27512,Swati Verma,220896.0,30504.76,1,4.0
CUST13736,Ankit Yadav,220728.0,19558.03,1,4.0
CUST17473,Priya Mehta,220722.0,23970.33,1,3.0
CUST18753,Shreya Pradhan,220695.0,31058.35,1,3.0
CUST22262,Arjun Gupta,220662.0,27680.9,1,4.0
CUST28554,Sneha Mehta,220592.0,40763.53,1,4.0
CUST23426,Suresh Gupta,220518.0,42336.36,1,4.0
CUST14810,Arjun Gupta,220516.8,50671.63,1,4.0
CUST19753,Abhishek Sahu,220483.59999999998,28329.19,1,4.0
CUST12597,Rohit Mishra,220481.69999999998,14694.88,1,3.0
CUST11695,Kavita Dutta,220456.0,27293.1,1,5.0
CUST11748,Vikas Verma,220419.0,46154.63,1,3.0
CUST20005,Manish Sahu,220403.2,20657.93,1,4.0
CUST11567,Nisha Das,220353.75,14539.61,1,3.0
CUST26925,Anjali Panda,220340.0,30461.53,1,5.0
CUST17725,Raj Gupta,220333.5,44377.75,1,5.0
CUST28109,Pooja Panda,220312.35,23433.18,1,3.0
CUST11596,Sneha Reddy,220295.25,17697.76,1,3.0
CUST19363,Sneha Patel,220256.25,50252.81,1,5.0
CUST20808,Suresh Panda,220235.0,45071.14,1,5.0
CUST14092,Priya Behera,220200.0,39710.58,1,4.0
CUST11826,Amit Jain,220186.80000000002,32693.12,1,4.0
CUST11994,Riya Rao,220180.5,15142.46,1,5.0
CUST28297,Swati Sahu,220150.40000000002,46074.72,1,4.0
CUST22774,Neha Verma,220090.5,24129.04,1,3.0
CUST27050,Vivek Nayak,220071.6,17366.43,1,3.0
CUST27140,Akash Singh,220036.0,28597.29,1,4.0
CUST21049,Manish Verma,220001.4,31278.37,1,3.0
CUST13628,Abhishek Mishra,219995.0,28314.94,1,5.0
CUST13210,Suresh Singh,219933.9,48329.4,1,3.0
CUST22668,Sanjay Dutta,219764.0,54620.37,1,5.0
CUST23904,Sanjay Mishra,219687.5,38319.99,1,5.0
CUST28739,Karan Sharma,219674.0,20850.72,1,4.0
CUST16197,Pooja Behera,219632.4,30843.89,1,4.0
CUST26181,Priya Mohanty,219623.0,15597.1,1,4.0
CUST16398,Neha Reddy,219615.0,49216.91,1,5.0
CUST13000,Sanjay Mohanty,219593.5,32975.35,1,5.0
CUST12683,Sanjay Panda,219577.94999999998,14497.34,1,3.0
CUST23647,Deepak Mishra,219492.75,51699.8,1,5.0
CUST21133,Swati Das,219487.0,25835.05,1,5.0
CUST12626,Anjali Kumar,219447.94999999998,42166.44,1,5.0
CUST11612,Priya Panda,219393.0,37938.52,1,3.0
CUST15441,Swati Jain,219375.9,35152.3,1,3.0
CUST14583,Rohit Yadav,219369.6,29392.05,1,4.0
CUST10533,Nisha Das,219321.0,36285.17,1,3.0
CUST25982,Akash Reddy,219305.25,44600.02,1,3.0
CUST28605,Deepak Pradhan,219304.0,19328.81,1,5.0
CUST27944,Deepak Gupta,219245.59999999998,16487.47,1,4.0
CUST28085,Deepak Jain,219212.5,49216.94,1,5.0
CUST25944,Vikas Yadav,219149.0,50136.34,1,5.0
CUST14721,Sneha Dutta,219110.0,40644.45,1,5.0
CUST28410,Arjun Mohanty,219109.5,33361.72,1,5.0
CUST12142,Deepak Kumar,219108.75,24740.11,1,5.0
CUST20040,Deepak Rao,219055.19999999998,41288.7,1,3.0
CUST17804,Riya Mohanty,219051.8,30043.01,1,4.0
CUST11492,Manish Pradhan,219028.80000000002,33892.27,1,3.0
CUST25264,Anjali Jain,218920.05,36331.71,1,3.0
CUST13564,Suresh Mehta,218905.0,50219.01,1,5.0
CUST16534,Rohit Verma,218889.0,31810.01,1,3.0
CUST12390,Abhishek Mehta,218887.2,38948.27,1,4.0
CUST25266,Priya Sahu,218866.5,48589.0,1,5.0
CUST20814,Vikas Mehta,218843.1,48584.92,1,3.0
CUST21637,Amit Behera,218805.0,18698.45,1,5.0
CUST15843,Riya Patel,218775.0,40429.79,1,4.0
CUST22454,Rohit Sahu,218737.5,21876.49,1,5.0
CUST21919,Vivek Nayak,218728.8,12431.26,1,3.0
CUST17078,Sneha Yadav,218700.0,16707.04,1,3.0
CUST28553,Neha Panda,218682.0,29397.99,1,4.0
CUST26590,Deepak Das,218640.0,28348.19,1,4.0
CUST17468,Nisha Yadav,218632.0,17327.26,1,5.0
CUST25056,Vivek Yadav,218629.19999999998,47977.43,1,3.0
CUST17289,Neha Sahu,218616.0,50402.53,1,4.0
CUST12671,Riya Dutta,218556.0,18492.86,1,4.0
CUST18685,Suresh Pradhan,218505.6,34734.89,1,3.0
CUST18925,Nisha Behera,218496.0,11406.16,1,3.0
CUST10678,Vivek Sahu,218494.19999999998,53430.08,1,3.0
CUST27771,Rahul Gupta,218485.75,51670.56,1,5.0
CUST15884,Raj Yadav,218467.5,33875.75,1,5.0
CUST10623,Ankit Pradhan,218416.5,32294.16,1,5.0
CUST14024,Swati Das,218340.0,16743.43,1,5.0
CUST22274,Vivek Das,218310.40000000002,51382.41,1,4.0
CUST14931,Swati Kumar,218307.0,45652.21,1,4.0
CUST25488,Sneha Patel,218244.0,11767.62,1,4.0
CUST11100,Raj Pradhan,218193.0,18635.49,1,3.0
CUST24788,Raj Dutta,218188.0,25950.37,1,4.0
CUST13063,Sanjay Kumar,218160.0,25582.25,1,5.0
CUST12723,Sneha Dutta,218131.2,51380.9,1,4.0
CUST25224,Amit Das,218120.0,33535.48,1,4.0
CUST24142,Rahul Yadav,218070.59999999998,27161.03,1,4.0
CUST15755,Neha Kumar,217985.59999999998,26309.42,1,4.0
CUST26850,Shreya Behera,217982.40000000002,40849.28,1,3.0
CUST18862,Vikas Behera,217979.1,41690.82,1,3.0
CUST23375,Sneha Mohanty,217955.25,53371.1,1,3.0
CUST11317,Nisha Panda,217948.5,35160.49,1,5.0
CUST14356,Suresh Rao,217925.25,49269.11,1,5.0
CUST14425,Akash Sharma,217897.5,17119.71,1,5.0
CUST17481,Suresh Das,217884.0,17575.12,1,3.0
CUST20107,Shreya Kumar,217862.4,26313.53,1,4.0
CUST21683,Arjun Behera,217860.0,25529.72,1,3.0
CUST12618,Nisha Singh,217849.5,33525.84,1,5.0
CUST24558,Vikas Sharma,217761.5,42034.59,1,5.0
CUST18743,Karan Dutta,217721.55,36161.08,1,3.0
CUST25497,Deepak Patel,217689.25,32979.4,1,5.0
CUST23545,Amit Mohanty,217672.80000000002,19738.22,1,3.0
CUST15477,Akash Mohanty,217671.4,14479.7,1,4.0
CUST24570,Neha Sharma,217665.0,11236.45,1,5.0
CUST26543,Unknown,217630.0,30650.19,1,5.0
CUST14882,Neha Pradhan,217572.0,49472.2,1,5.0
CUST18633,Akash Patel,217568.25,40305.82,1,3.0
CUST16628,Swati Yadav,217558.35,25150.17,1,3.0
CUST23614,Riya Patel,217554.75,20663.38,1,3.0
CUST13299,Suresh Mehta,217548.0,40612.47,1,4.0
CUST26650,Sanjay Yadav,217452.0,47882.63,1,3.0
CUST17611,Rohit Dutta,217442.25,53801.55,1,3.0
CUST19925,Vikas Jain,217420.0,18882.12,1,5.0
CUST14119,Sneha Gupta,217419.8,42702.58,1,4.0
CUST12545,Nisha Gupta,217332.0,49993.92,1,5.0
CUST14234,Akash Sahu,217328.0,12438.28,1,5.0
CUST20857,Rohit Behera,217269.0,44251.91,1,5.0
CUST11742,Shreya Rao,217252.0,37832.62,1,4.0
CUST13973,Deepak Mohanty,217246.5,34983.11,1,5.0
CUST13021,Neha Dutta,217238.0,40333.88,1,5.0
CUST11955,Vikas Pradhan,217217.7,43418.32,1,3.0
CUST26214,Suresh Behera,217174.40000000002,34576.09,1,4.0
CUST28093,Sneha Patel,217113.0,29334.45,1,3.0
CUST20463,Vivek Reddy,217094.40000000002,39198.35,1,3.0
CUST18885,Manish Singh,217063.80000000002,52014.91,1,3.0
CUST28321,Vikas Sharma,217059.0,29478.92,1,4.0
CUST27471,Amit Singh,216998.40000000002,35824.08,1,4.0
CUST18013,Pooja Sahu,216981.19999999998,43414.32,1,4.0
CUST18618,Raj Gupta,216939.6,50222.62,1,4.0
CUST18841,Manish Jain,216915.75,36047.62,1,5.0
CUST18524,Vivek Das,216904.8,33131.05,1,4.0
CUST22906,Shreya Behera,216892.80000000002,28747.4,1,3.0
CUST13730,Ankit Mohanty,216840.0,43618.47,1,4.0
CUST15934,Riya Pradhan,216838.80000000002,32256.81,1,4.0
CUST26326,Kavita Reddy,216810.0,50145.35,1,5.0
CUST12053,Vivek Mehta,216788.25,51953.03,1,5.0
CUST25919,Anjali Gupta,216755.0,21186.77,1,5.0
CUST25106,Arjun Pradhan,216739.65,18990.99,1,3.0
CUST22908,Karan Mehta,216734.0,51957.75,1,5.0
CUST27595,Abhishek Behera,216710.40000000002,43577.51,1,4.0
CUST23465,Ankit Singh,216661.5,16559.6,1,3.0
CUST10374,Sneha Mishra,216656.0,29819.61,1,4.0
CUST27040,Sanjay Reddy,216637.5,22078.9,1,5.0
CUST28808,Kavita Reddy,216627.2,11331.07,1,4.0
CUST16047,Sneha Mishra,216564.0,33720.1,1,3.0
CUST25749,Manish Sharma,216546.0,34216.07,1,3.0
CUST24689,Shreya Panda,216507.0,35929.24,1,4.0
CUST14713,Karan Verma,216454.65,11630.9,1,3.0
CUST16303,Akash Reddy,216426.15,19807.58,1,3.0
CUST11134,Neha Mehta,216426.0,35685.55,1,4.0
CUST20403,Kavita Pradhan,216339.0,48078.88,1,4.0
CUST21677,Anjali Nayak,216317.84999999998,51560.13,1,3.0
CUST11714,Shreya Behera,216308.25,40372.13,1,3.0
CUST23992,Riya Mehta,216192.0,42339.52,1,3.0
CUST27736,Amit Kumar,216192.0,32727.97,1,3.0
CUST20665,Sneha Mohanty,216176.0,30993.52,1,5.0
CUST11050,Pooja Mehta,216160.0,31365.96,1,4.0
CUST16715,Arjun Das,216132.0,44632.9,1,3.0
CUST18979,Pooja Mishra,216112.5,30555.47,1,5.0
CUST22562,Shreya Nayak,216102.0,40622.91,1,3.0
CUST25670,Suresh Panda,216090.0,34328.48,1,3.0
CUST16734,Abhishek Dutta,216063.0,48838.74,1,3.0
CUST16277,Kavita Behera,216057.6,18047.36,1,3.0
CUST11854,Karan Gupta,216050.8,17185.9,1,4.0
CUST13553,Swati Behera,216048.75,49971.38,1,3.0
CUST14263,Pooja Verma,215995.8,28544.07,1,3.0
CUST28917,Sneha Jain,215994.8,16121.67,1,4.0
CUST22418,Ankit Pradhan,215980.8,46356.69,1,4.0
CUST11726,Vivek Dutta,215971.4,33989.92,1,4.0
CUST27530,Rohit Jain,215955.0,28921.06,1,3.0
CUST14522,Vikas Jain,215886.6,23312.94,1,3.0
CUST25577,Priya Singh,215786.1,27006.62,1,3.0
CUST14224,Suresh Yadav,215779.2,22588.58,1,4.0
CUST28700,Karan Verma,215728.0,30665.98,1,4.0
CUST26851,Vivek Jain,215715.2,18495.0,1,4.0
CUST22834,Sneha Patel,215703.0,34155.55,1,5.0
CUST22620,Suresh Singh,215650.94999999998,41605.14,1,3.0
CUST21978,Akash Patel,215646.30000000002,50993.87,1,3.0
CUST12612,Swati Kumar,215625.6,19308.92,1,4.0
CUST13252,Priya Kumar,215619.2,53332.42,1,4.0
CUST23077,Anjali Kumar,215605.59999999998,52250.68,1,4.0
CUST24827,Anjali Verma,215593.6,52926.95,1,4.0
CUST24049,Sanjay Kumar,215589.0,41435.27,1,3.0
CUST16692,Vivek Reddy,215548.34999999998,51911.79,1,3.0
CUST23443,Nisha Rao,215542.65,13714.05,1,3.0
CUST15181,Sneha Mishra,215539.8,32077.58,1,3.0
CUST12442,Swati Yadav,215527.19999999998,28394.09,1,4.0
CUST20450,Abhishek Mehta,215525.55,19102.82,1,3.0
CUST18939,Sneha Rao,215513.19999999998,53058.68,1,4.0
CUST17344,Priya Mohanty,215478.0,20223.48,1,4.0
CUST22962,Karan Reddy,215475.0,41348.27,1,3.0
CUST13633,Shreya Jain,215445.75,44614.13,1,3.0
CUST10836,Raj Yadav,215424.9,24598.74,1,3.0
CUST14268,Deepak Singh,215417.25,11385.92,1,5.0
CUST11564,Vivek Panda,215327.25,31163.48,1,3.0
CUST12458,Manish Mehta,215305.6,38045.06,1,4.0
CUST17354,Manish Nayak,215303.4,20094.59,1,3.0
CUST14562,Vivek Dutta,215288.0,19136.57,1,5.0
CUST13525,Abhishek Rao,215286.3,15130.06,1,3.0
CUST22665,Rohit Gupta,215198.75,41430.68,1,5.0
CUST19801,Neha Kumar,215193.6,20898.36,1,4.0
CUST19248,Rahul Nayak,215179.2,41127.99,1,3.0
CUST24135,Sneha Sahu,215136.0,44868.65,1,4.0
CUST14743,Arjun Nayak,215126.55,31274.2,1,3.0
CUST22277,Deepak Behera,215067.0,31339.41,1,3.0
CUST23334,Priya Sharma,215064.8,44147.47,1,4.0
CUST13247,Vikas Panda,215055.0,24808.57,1,4.0
CUST19051,Karan Sahu,215049.59999999998,17277.48,1,4.0
CUST24006,Suresh Gupta,214989.75,34664.71,1,3.0
CUST17945,Manish Behera,214924.0,39072.46,1,4.0
CUST16831,Karan Gupta,214915.5,11852.93,1,3.0
CUST13207,Vivek Das,214876.0,25044.5,1,5.0
CUST13306,Raj Mehta,214791.0,20251.66,1,3.0
CUST17105,Sanjay Singh,214774.0,31592.87,1,4.0
CUST16958,Shreya Reddy,214670.55,42137.21,1,3.0
CUST19449,Riya Behera,214670.25,13615.6,1,3.0
CUST23366,Deepak Reddy,214648.0,29594.65,1,5.0
CUST20277,Kavita Verma,214602.9,34078.58,1,3.0
CUST12624,Sanjay Yadav,214550.0,16135.79,1,5.0
CUST23824,Abhishek Dutta,214531.5,24275.55,1,5.0
CUST24166,Arjun Das,214526.4,19355.06,1,4.0
CUST25230,Shreya Mohanty,214506.0,14554.8,1,5.0
CUST26369,Karan Mohanty,214500.0,26867.22,1,5.0
CUST15883,Anjali Mishra,214488.15,22551.87,1,3.0
CUST20800,Amit Mishra,214469.5,32409.56,1,5.0
CUST26176,Arjun Verma,214456.5,22300.86,1,5.0
CUST27406,Sneha Reddy,214375.5,49260.53,1,5.0
CUST27287,Pooja Mohanty,214368.0,38035.98,1,5.0
CUST14601,Vivek Verma,214356.8,20125.72,1,4.0
CUST19857,Deepak Kumar,214345.65,39678.3,1,3.0
CUST24834,Vikas Sahu,214326.0,34007.43,1,3.0
CUST20659,Riya Nayak,214238.5,14224.87,1,5.0
CUST16451,Nisha Verma,214168.0,30950.79,1,5.0
CUST18351,Neha Singh,214114.8,26391.16,1,4.0
CUST21832,Manish Sahu,214100.55,23378.71,1,3.0
CUST12971,Vikas Kumar,214095.0,11771.1,1,5.0
CUST19515,Sanjay Rao,214062.8,14919.35,1,4.0
CUST22175,Vivek Mehta,214052.1,42392.12,1,3.0
CUST27598,Rohit Singh,213998.4,23088.12,1,4.0
CUST24875,Karan Jain,213968.0,39223.04,1,4.0
CUST24781,Priya Kumar,213945.0,46125.95,1,4.0
CUST19121,Neha Panda,213943.8,18581.84,1,4.0
CUST21206,Arjun Dutta,213900.0,13928.54,1,3.0
CUST18601,Deepak Panda,213880.5,11829.64,1,3.0
CUST17962,Nisha Rao,213845.55,49778.61,1,3.0
CUST21910,Abhishek Yadav,213832.80000000002,46605.91,1,4.0
CUST25115,Neha Mohanty,213830.25,27924.04,1,3.0
CUST26322,Priya Verma,213804.0,32693.09,1,3.0
CUST18570,Ankit Dutta,213776.25,11142.94,1,5.0
CUST23550,Manish Sharma,213724.0,51093.99,1,4.0
CUST25770,Vivek Rao,213707.25,45119.67,1,3.0
CUST28779,Nisha Mishra,213688.80000000002,28732.53,1,3.0
CUST10892,Neha Verma,213687.0,36572.94,1,4.0
CUST16581,Sneha Patel,213667.5,40027.64,1,5.0
CUST24836,Riya Mohanty,213633.75,45072.44,1,5.0
CUST13031,Sneha Patel,213578.40000000002,32368.84,1,3.0
CUST18471,Priya Gupta,213536.25,50246.75,1,5.0
CUST28269,Unknown,213532.0,51486.59,1,4.0
CUST25496,Manish Rao,213531.5,44919.02,1,5.0
CUST16514,Vivek Behera,213487.2,20966.31,1,4.0
CUST13577,Raj Behera,213465.0,46066.68,1,5.0
CUST12755,Neha Mohanty,213459.3,20897.53,1,3.0
CUST18193,Kavita Patel,213456.25,15584.04,1,5.0
CUST26794,Pooja Mishra,213413.4,46502.46,1,3.0
CUST14903,Riya Sharma,213412.05,23729.83,1,3.0
CUST22628,Anjali Pradhan,213410.4,11713.99,1,4.0
CUST28760,Vikas Gupta,213312.0,15461.93,1,3.0
CUST21313,Shreya Nayak,213286.5,19578.92,1,3.0
CUST17443,Rohit Yadav,213282.0,52997.41,1,3.0
CUST24820,Nisha Nayak,213127.59999999998,11119.95,1,4.0
CUST11286,Pooja Dutta,213104.0,12943.82,1,5.0
CUST19800,Rahul Sharma,213081.4,42704.86,1,4.0
CUST26977,Arjun Reddy,213065.96638824596,3422.93,1,5.0
CUST25535,Karan Patel,213065.96638824596,18015.6,1,5.0
CUST25186,Sanjay Sahu,213065.96638824596,26094.21466666663,1,5.0
CUST17580,Vikas Pradhan,213048.0,50100.71,1,3.0
CUST18799,Vikas Behera,213032.7,26873.79,1,3.0
CUST24081,Suresh Panda,213031.4,11346.07,1,5.0
CUST18000,Nisha Sharma,213000.0,45771.2,1,4.0
CUST18577,Manish Jain,212989.5,34072.12,1,5.0
CUST11311,Amit Gupta,212966.25,18241.62,1,3.0
CUST22236,Suresh Verma,212960.69999999998,29732.13,1,3.0
CUST12953,Vikas Rao,212856.8,18638.46,1,5.0
CUST25003,Ankit Verma,212816.25,50830.9,1,3.0
CUST24553,Abhishek Gupta,212784.0,44002.81,1,3.0
CUST12043,Shreya Dutta,212743.94999999998,14820.23,1,3.0
CUST15861,Suresh Sharma,212731.19999999998,46337.86,1,3.0
CUST17386,Anjali Yadav,212700.6,14016.51,1,3.0
CUST18981,Rahul Singh,212694.0,32854.31,1,3.0
CUST11188,Arjun Mohanty,212679.0,50955.22,1,3.0
CUST17452,Ankit Sharma,212674.0,39383.95,1,5.0
CUST19396,Neha Gupta,212663.19999999998,43553.31,1,4.0
CUST17530,Sneha Sharma,212653.0,29965.55,1,4.0
CUST10473,Abhishek Mohanty,212642.43,13065.48,1,3.0
CUST26818,Anjali Nayak,212615.6,51280.51,1,4.0
CUST14652,Sanjay Verma,212581.59999999998,24829.24,1,4.0
CUST28050,Rahul Yadav,212572.80000000002,25484.22,1,3.0
CUST10263,Pooja Jain,212567.25,13896.03,1,3.0
CUST13394,Shreya Mishra,212560.35,22598.34,1,3.0
CUST27844,Nisha Rao,212519.55,28935.48,1,3.0
CUST19011,Karan Patel,212462.6,13666.26,1,4.0
CUST16066,Abhishek Sharma,212458.5,47953.31,1,5.0
CUST23566,Sanjay Das,212454.40000000002,12690.28,1,4.0
CUST28876,Rahul Jain,212432.0,34896.7,1,4.0
CUST12164,Priya Patel,212340.19999999998,27945.89,1,4.0
CUST23204,Riya Kumar,212336.0,32259.91,1,4.0
CUST19852,Vivek Pradhan,212310.75,13678.23,1,5.0
CUST20208,Raj Nayak,212301.6,15571.49,1,3.0
CUST10172,Ankit Patel,212258.6,50118.3,1,4.0
CUST22918,Anjali Sharma,212248.05,25778.58,1,3.0
CUST10378,Amit Rao,212242.8,36065.47,1,4.0
CUST28632,Amit Kumar,212241.0,13388.68,1,4.0
CUST27909,Shreya Sharma,212212.0,45679.84,1,4.0
CUST21730,Abhishek Verma,212170.19999999998,30496.49,1,3.0
CUST10209,Suresh Dutta,212150.40000000002,36427.38,1,3.0
CUST28061,Priya Kumar,212096.25,22631.52,1,3.0
CUST10616,Suresh Rao,212081.8,21660.98,1,4.0
CUST20436,Kavita Jain,212078.25,42327.09,1,3.0
CUST19175,Nisha Nayak,212076.80000000002,30447.97,1,4.0
CUST15428,Neha Patel,212071.5,23992.85,1,3.0
CUST14349,Vivek Das,212070.4,45208.61,1,4.0
CUST24808,Vivek Mohanty,212019.0,13250.03,1,3.0
CUST27047,Rahul Kumar,211932.80000000002,51912.09,1,4.0
CUST19434,Ankit Nayak,211932.0,39499.37,1,5.0
CUST21539,Akash Dutta,211797.0,20607.83,1,5.0
CUST27768,Neha Kumar,211796.0,50915.18,1,4.0
CUST14455,Kavita Gupta,211793.4,32783.9,1,3.0
CUST15840,Swati Sharma,211790.0,11734.85,1,5.0
CUST21710,Arjun Mohanty,211786.0,34105.99,1,4.0
CUST28831,Arjun Sharma,211782.6,22557.83,1,4.0
CUST12084,Rohit Sahu,211779.2,31896.58,1,4.0
CUST25369,Ankit Patel,211756.0,29238.22,1,5.0
CUST23535,Kavita Sahu,211752.0,39524.96,1,4.0
CUST26520,Deepak Verma,211694.0,12029.0,1,4.0
CUST13456,Ankit Jain,211684.0,28790.22,1,5.0
CUST10967,Kavita Behera,211622.8,51660.23,1,4.0
CUST22894,Priya Gupta,211521.6,22552.38,1,3.0
CUST10088,Rahul Jain,211502.25,18641.29,1,3.0
CUST27424,Nisha Singh,211472.8,15193.51,1,4.0
CUST17621,Nisha Mehta,211471.5,22249.73,1,5.0
CUST27462,Shreya Singh,211437.0,47440.47,1,4.0
CUST24904,Karan Yadav,211409.19999999998,16097.56,1,4.0
CUST21517,Vikas Patel,211395.0,31358.47,1,4.0
CUST13369,Arjun Mehta,211386.0,51534.38,1,3.0
CUST16072,Manish Singh,211364.1,32939.06,1,3.0
CUST28092,Arjun Das,211344.0,33084.85,1,4.0
CUST15071,Manish Jain,211253.4,17645.75,1,3.0
CUST10581,Abhishek Gupta,211190.0,49466.78,1,5.0
CUST19682,Neha Singh,211188.6,52448.24,1,3.0
CUST18673,Shreya Rao,211170.0,17219.77,1,3.0
CUST12038,Arjun Patel,211162.0,12422.92,1,4.0
CUST18265,Rahul Rao,211149.0,16434.58,1,4.0
CUST25691,Nisha Panda,211134.0,44121.2,1,5.0
CUST11707,Vivek Gupta,211122.0,34790.6,1,4.0
CUST16212,Priya Reddy,211028.0,31982.25,1,4.0
CUST24207,Manish Pradhan,211027.8,15609.15,1,4.0
CUST26651,Amit Mohanty,210984.0,26641.41,1,4.0
CUST17237,Karan Yadav,210944.0,14335.54,1,4.0
CUST16480,Riya Mishra,210897.0,33715.08,1,5.0
CUST11866,Vikas Patel,210780.0,26443.86,1,4.0
CUST23690,Karan Jain,210775.5,38808.16,1,5.0
CUST23698,Amit Mohanty,210753.75,15539.28,1,5.0
CUST17165,Ankit Gupta,210717.59999999998,21668.87,1,3.0
CUST13153,Sneha Kumar,210670.2,21626.38,1,3.0
CUST20139,Sneha Mehta,210582.0,14726.57,1,3.0
CUST27726,Sanjay Verma,210573.0,28462.79,1,3.0
CUST11927,Sneha Mishra,210554.40000000002,6904.35,1,3.0
CUST12391,Nisha Gupta,210543.75,52132.93,1,5.0
CUST19426,Anjali Gupta,210496.0,12529.1,1,5.0
CUST18090,Swati Rao,210475.34999999998,22559.44,1,3.0
CUST24640,Priya Panda,210451.5,43156.64,1,5.0
CUST28322,Anjali Das,210448.75,24025.05,1,5.0
CUST11403,Deepak Behera,210446.25,19385.37,1,5.0
CUST12109,Nisha Verma,210419.2,25753.38,1,4.0
CUST14492,Anjali Dutta,210416.4,21426.22,1,4.0
CUST11938,Neha Kumar,210394.80000000002,14445.76,1,4.0
CUST18965,Shreya Nayak,210378.0,30688.33,1,5.0
CUST11948,Raj Sahu,210360.0,19432.49,1,5.0
CUST14163,Suresh Pradhan,210336.75,36051.71,1,3.0
CUST24614,Rahul Panda,210314.40000000002,23902.33,1,3.0
CUST26976,Anjali Reddy,210292.2,38339.28,1,3.0
CUST27849,Suresh Reddy,210268.75,18419.76,1,5.0
CUST12452,Abhishek Sharma,210268.75,21409.99,1,5.0
CUST19727,Sneha Singh,210256.0,51245.89,1,5.0
CUST18672,Rohit Das,210246.4,26341.31,1,4.0
CUST27002,Vivek Rao,210132.0,37790.51,1,5.0
CUST18565,Swati Sahu,210111.30000000002,21361.17,1,3.0
CUST12758,Unknown,210104.84999999998,41893.55,1,3.0
CUST13834,Swati Panda,210093.0,17228.08,1,4.0
CUST28300,Rahul Jain,210000.0,32704.6,1,4.0
CUST22053,Arjun Sharma,209986.0,15946.72,1,4.0
CUST23783,Akash Reddy,209930.40000000002,11134.8,1,3.0
CUST19076,Akash Sharma,209925.0,14502.0,1,5.0
CUST18221,Rahul Behera,209871.19999999998,26162.04,1,4.0
CUST12123,Priya Mishra,209838.3,24303.62,1,3.0
CUST20692,Rahul Panda,209810.6,51638.52,1,4.0
CUST27890,Nisha Jain,209790.0,44763.24,1,3.0
CUST14980,Suresh Das,209745.9,33539.19,1,3.0
CUST15645,Abhishek Sharma,209745.0,21708.57,1,3.0
CUST18184,Swati Nayak,209742.6,27031.44,1,3.0
CUST16496,Akash Behera,209732.4,36269.23,1,4.0
CUST18831,Akash Sahu,209731.5,28894.08,1,5.0
CUST20672,Priya Sahu,209697.75,32647.54,1,3.0
CUST18253,Manish Verma,209554.8,14302.56,1,4.0
CUST22612,Nisha Das,209538.0,27859.03,1,3.0
CUST27098,Anjali Mishra,209523.75,26518.61,1,5.0
CUST25127,Akash Yadav,209456.0,29714.99,1,4.0
CUST26701,Raj Singh,209416.0,19588.0,1,5.0
CUST25776,Vikas Mohanty,209409.30000000002,45521.47,1,3.0
CUST14848,Amit Verma,209375.0,21011.75,1,5.0
CUST13361,Manish Gupta,209266.6,17317.19,1,4.0
CUST13751,Sneha Yadav,209189.4,38063.13,1,3.0
CUST28967,Riya Reddy,209171.4,35405.43,1,3.0
CUST22672,Anjali Jain,209132.0,28813.44,1,5.0
CUST15950,Sanjay Panda,209106.4,47483.39,1,4.0
CUST23602,Raj Das,209099.09999999998,50755.65,1,3.0
CUST18389,Manish Kumar,209071.2,50585.58,1,3.0
CUST12437,Vivek Singh,209069.0,44869.24,1,5.0
CUST17806,Swati Verma,208926.0,11490.96,1,3.0
CUST20909,Shreya Nayak,208895.4,43045.71,1,3.0
CUST15358,Raj Dutta,208814.4,40398.12,1,3.0
CUST10212,Raj Kumar,208798.8,31841.93,1,4.0
CUST13593,Deepak Yadav,208790.6,39446.91,1,4.0
CUST13724,Manish Sharma,208712.0,47436.43,1,5.0
CUST22207,Abhishek Pradhan,208676.1,33964.86,1,3.0
CUST26661,Raj Behera,208653.0,45020.6,1,4.0
CUST21234,Nisha Dutta,208638.44999999998,28930.37,1,3.0
CUST19816,Priya Rao,208616.8,43741.17,1,4.0
CUST16043,Deepak Yadav,208591.5,44460.97,1,3.0
CUST23593,Akash Patel,208583.19999999998,26700.11,1,4.0
CUST23180,Arjun Gupta,208562.8,26664.54,1,4.0
CUST18547,Vivek Panda,208539.0,20970.06,1,4.0
CUST11079,Pooja Rao,208511.25,42296.32,1,5.0
CUST24960,Suresh Behera,208509.8,24928.13,1,4.0
CUST12130,Nisha Verma,208470.5,44677.55,1,5.0
CUST16847,Pooja Pradhan,208464.0,40581.07,1,4.0
CUST10082,Rahul Sahu,208460.80000000002,39909.35,1,4.0
CUST17361,Suresh Mohanty,208434.0,33348.53,1,4.0
CUST24228,Anjali Pradhan,208416.0,28078.21,1,5.0
CUST22734,Arjun Behera,208353.6,17964.55,1,3.0
CUST12770,Swati Patel,208341.6,31593.87,1,3.0
CUST14139,Swati Rao,208310.40000000002,10457.47,1,3.0
CUST11435,Deepak Behera,208307.4,15938.41,1,3.0
CUST17575,Swati Reddy,208247.59999999998,17492.51,1,4.0
CUST16157,Abhishek Jain,208237.5,42168.25,1,5.0
CUST13385,Karan Mishra,208231.8,20595.23,1,3.0
CUST13515,Unknown,208156.0,43800.38,1,4.0
CUST12477,Karan Singh,208102.5,42938.95,1,5.0
CUST11968,Kavita Sahu,208094.4,14654.64,1,3.0
CUST22459,Swati Kumar,208019.59999999998,38133.68,1,4.0
CUST18219,Rahul Dutta,207995.0,50341.43,1,5.0
CUST11304,Karan Sharma,207951.30000000002,29403.5,1,3.0
CUST26437,Swati Singh,207945.0,34383.21,1,5.0
CUST20391,Manish Mishra,207943.2,27699.23,1,3.0
CUST12572,Abhishek Yadav,207905.59999999998,41821.28,1,4.0
CUST21058,Swati Yadav,207864.0,13557.65,1,4.0
CUST24156,Rohit Behera,207854.75,35254.64,1,5.0
CUST14725,Manish Das,207840.0,17008.44,1,4.0
CUST11394,Priya Mehta,207832.5,35017.41,1,3.0
CUST12817,Raj Panda,207816.0,37470.46,1,5.0
CUST11858,Vivek Panda,207814.40000000002,26569.48,1,4.0
CUST19459,Pooja Mohanty,207791.0,36860.67,1,5.0
CUST22194,Priya Verma,207785.25,49296.06,1,3.0
CUST17184,Sanjay Verma,207765.59999999998,46755.96,1,4.0
CUST15416,Suresh Gupta,207747.0,24561.29,1,4.0
CUST23057,Shreya Behera,207735.75,14590.5,1,5.0
CUST22461,Akash Singh,207699.2,34404.66,1,4.0
CUST18735,Raj Jain,207684.0,14858.88,1,5.0
CUST27377,Sanjay Singh,207672.0,45616.4,1,4.0
CUST24694,Priya Verma,207651.6,33090.69,1,4.0
CUST10886,Sneha Verma,207613.80000000002,49704.42,1,3.0
CUST10901,Nisha Pradhan,207556.80000000002,15093.0,1,3.0
CUST27637,Ankit Kumar,207487.5,25920.02,1,5.0
CUST22599,Priya Behera,207472.0,44013.56,1,5.0
CUST26349,Sanjay Sahu,207471.59999999998,47545.28,1,4.0
CUST27431,Vikas Dutta,207437.25,21504.87,1,3.0
CUST15719,Riya Gupta,207400.19999999998,11221.54,1,3.0
CUST20325,Arjun Reddy,207399.5,25636.48,1,5.0
CUST18890,Ankit Sharma,207383.0,20209.37,1,4.0
CUST21886,Pooja Behera,207342.8,43466.48,1,4.0
CUST24688,Priya Behera,207337.5,50809.38,1,5.0
CUST23145,Amit Mehta,207336.25,21087.62,1,5.0
CUST23427,Rohit Mehta,207324.80000000002,42807.03,1,4.0
CUST19567,Rohit Pradhan,207312.0,51803.77,1,3.0
CUST22189,Ankit Panda,207300.0,51581.22,1,4.0
CUST12639,Swati Dutta,207179.85,10428.35,1,3.0
CUST13669,Priya Das,207160.0,28097.27,1,5.0
CUST21632,Suresh Mohanty,207146.8,35567.33,1,4.0
CUST27911,Unknown,207120.0,42152.54,1,5.0
CUST27365,Ankit Panda,207118.8,26624.17,1,4.0
CUST15996,Vikas Dutta,207049.8,24241.42,1,4.0
CUST18972,Amit Reddy,206982.0,17842.72,1,5.0
CUST14359,Suresh Das,206976.0,12482.76,1,4.0
CUST23873,Anjali Sharma,206963.2,36319.62,1,4.0
CUST19878,Amit Mehta,206962.5,41236.93,1,5.0
CUST11367,Akash Behera,206943.0,30198.45,1,3.0
CUST11609,Sneha Gupta,206940.0,30292.22,1,4.0
CUST21596,Kavita Singh,206907.0,51214.43,1,4.0
CUST28119,Neha Nayak,206900.0,46847.2,1,4.0
CUST25731,Sanjay Das,206880.0,50504.32,1,5.0
CUST28150,Riya Verma,206839.0,16685.51,1,5.0
CUST15023,Swati Rao,206817.75,21949.02,1,3.0
CUST13083,Deepak Sharma,206810.25,36252.51,1,5.0
CUST12932,Pooja Mohanty,206803.80000000002,44275.83,1,3.0
CUST18926,Kavita Verma,206779.5,11667.72,1,5.0
CUST15742,Deepak Mehta,206769.0,29897.73,1,4.0
CUST28304,Vikas Mehta,206766.0,34437.1,1,3.0
CUST18852,Sanjay Sharma,206705.55,35239.82,1,3.0
CUST24918,Akash Mehta,206691.75,35223.11,1,3.0
CUST25435,Suresh Sahu,206688.0,15621.94,1,3.0
CUST23104,Manish Sharma,206664.75,10902.02,1,5.0
CUST10534,Ankit Singh,206616.9,47932.23,1,3.0
CUST21897,Suresh Kumar,206473.5,17394.23,1,3.0
CUST25276,Swati Sahu,206430.75,25899.28,1,3.0
CUST10490,Ankit Nayak,206397.0,11176.73,1,3.0
CUST21320,Amit Patel,206366.4,50668.81,1,4.0
CUST21301,Kavita Mohanty,206321.0,20580.22,1,5.0
CUST23270,Arjun Gupta,206304.0,17733.87,1,3.0
CUST26697,Priya Singh,206272.5,34975.92,1,3.0
CUST17067,Raj Jain,206223.5,11100.37,1,5.0
CUST14415,Anjali Sahu,206192.0,19605.58,1,4.0
CUST20364,Riya Das,206172.6,32699.2,1,4.0
CUST15584,Sanjay Mishra,206171.84999999998,47172.55,1,3.0
CUST28275,Vivek Nayak,206100.3,24423.73,1,3.0
CUST24154,Priya Mehta,206092.05,15585.23,1,3.0
CUST11909,Suresh Gupta,206082.9,24922.13,1,3.0
CUST23201,Ankit Singh,206076.0,35942.75,1,4.0
CUST17720,Arjun Rao,206058.3,49121.33,1,3.0
CUST12653,Ankit Pradhan,206057.84999999998,17569.74,1,3.0
CUST19192,Pooja Yadav,206036.6,39666.87,1,4.0
CUST22438,Abhishek Mehta,206024.0,38481.06,1,4.0
CUST23573,Swati Patel,205963.8,41413.91,1,4.0
CUST25827,Suresh Sahu,205903.94999999998,26488.22,1,3.0
CUST25170,Ankit Verma,205874.25,28723.4,1,3.0
CUST27811,Arjun Sahu,205872.30000000002,38459.67,1,3.0
CUST10737,Raj Patel,205866.0,41478.92,1,3.0
CUST16358,Amit Kumar,205844.09999999998,25788.32,1,3.0
CUST18152,Arjun Mishra,205843.65,12883.81,1,3.0
CUST23038,Abhishek Mehta,205833.6,30447.34,1,4.0
CUST16566,Manish Mohanty,205821.6,25554.45,1,3.0
CUST28443,Rahul Mehta,205806.3,43107.55,1,3.0
CUST20761,Anjali Patel,205751.0,25633.7,1,4.0
CUST24165,Amit Singh,205731.0,18530.13,1,4.0
CUST12505,Rahul Behera,205655.09999999998,27608.58,1,3.0
CUST26083,Vivek Mishra,205604.0,31363.15,1,4.0
CUST19144,Ankit Mehta,205555.0,31933.87,1,5.0
CUST22961,Neha Pradhan,205533.4,13153.42,1,4.0
CUST18792,Pooja Gupta,205515.9,46459.6,1,3.0
CUST12364,Vivek Singh,205514.4,22457.85,1,3.0
CUST23806,Vikas Singh,205513.5,34263.49,1,5.0
CUST10110,Rohit Jain,205500.0,47689.94,1,5.0
CUST26889,Abhishek Mohanty,205489.19999999998,39593.93,1,3.0
CUST11069,Rohit Reddy,205428.0,40951.1,1,5.0
CUST23050,Abhishek Mehta,205411.5,14607.73,1,3.0
CUST21118,Suresh Das,205363.2,12840.3,1,3.0
CUST23846,Nisha Pradhan,205293.6,25221.03,1,3.0
CUST18371,Abhishek Nayak,205290.0,10493.08,1,3.0
CUST17099,Rohit Patel,205260.0,29422.1,1,5.0
CUST12564,Swati Behera,205229.7,49330.59,1,3.0
CUST11148,Abhishek Mehta,205220.0,17431.36,1,5.0
CUST27326,Sanjay Mishra,205136.4,28051.2,1,3.0
CUST15345,Akash Gupta,205135.2,21107.88,1,4.0
CUST12133,Manish Sahu,205065.0,42340.42,1,3.0
CUST27259,Akash Gupta,205015.5,26581.65,1,5.0
CUST24520,Shreya Reddy,204991.94999999998,22760.05,1,3.0
CUST17699,Vivek Reddy,204975.0,11928.91,1,3.0
CUST23768,Karan Mohanty,204946.34999999998,11928.7,1,3.0
CUST20348,Rohit Patel,204925.5,47095.74,1,3.0
CUST12279,Suresh Jain,204846.6,31775.23,1,4.0
CUST20344,Karan Nayak,204829.5,17844.34,1,5.0
CUST15123,Karan Sahu,204823.65,37526.75,1,3.0
CUST14748,Anjali Das,204818.55,46004.22,1,3.0
CUST21570,Raj Nayak,204802.4,40351.34,1,4.0
CUST15151,Priya Singh,204777.75,36821.61,1,5.0
CUST25627,Amit Sahu,204777.0,44484.88,1,3.0
CUST18078,Rohit Sharma,204767.75,41036.38,1,5.0
CUST27821,Sanjay Reddy,204749.69999999998,12911.42,1,3.0
CUST10939,Riya Das,204680.66999999998,51065.16,1,3.0
CUST23070,Akash Pradhan,204643.59999999998,33898.37,1,4.0
CUST19947,Deepak Gupta,204608.6,10262.46,1,4.0
CUST24065,Neha Sahu,204603.75,19126.84,1,3.0
CUST24613,Kavita Gupta,204529.5,18850.9,1,3.0
CUST20446,Raj Mohanty,204517.59999999998,46130.33,1,4.0
CUST20644,Raj Rao,204514.8,32591.51,1,4.0
CUST16993,Abhishek Panda,204475.5,11646.83,1,5.0
CUST22333,Karan Singh,204464.0,43000.69,1,4.0
CUST19455,Ankit Jain,204394.4,50159.7,1,4.0
CUST20763,Vivek Gupta,204388.80000000002,32046.24,1,3.0
CUST19254,Pooja Verma,204363.0,34783.01,1,3.0
CUST19864,Suresh Mohanty,204309.0,21870.47,1,3.0
CUST17887,Arjun Sharma,204259.5,21770.05,1,3.0
CUST28723,Amit Mohanty,204252.3,48238.46,1,3.0
CUST25111,Swati Rao,204224.0,41708.29,1,4.0
CUST23581,Shreya Mehta,204177.0,20217.52,1,3.0
CUST15081,Sneha Mohanty,204096.0,46819.86,1,3.0
CUST24733,Rohit Rao,204082.2,35070.61,1,3.0
CUST26637,Neha Reddy,204052.0,45394.78,1,4.0
CUST23926,Raj Mehta,204038.40000000002,33108.51,1,3.0
CUST10358,Nisha Rao,203966.40000000002,50020.19,1,3.0
CUST13913,Raj Reddy,203941.35,43312.15,1,3.0
CUST13815,Swati Nayak,203935.19999999998,46139.88,1,3.0
CUST18118,Vikas Kumar,203816.4,28125.1,1,4.0
CUST12132,Vikas Rao,203760.0,30648.14,1,5.0
CUST19981,Anjali Patel,203760.0,43803.64,1,4.0
CUST19891,Shreya Reddy,203720.4,43484.89,1,3.0
CUST27486,Karan Verma,203683.8,27250.96,1,4.0
CUST20875,Arjun Mehta,203661.6,37188.7,1,3.0
CUST14010,Akash Gupta,203592.0,36370.7,1,5.0
CUST17268,Manish Kumar,203566.0,40804.23,1,5.0
CUST22352,Anjali Jain,203561.25,40147.38,1,5.0
CUST14303,Suresh Mehta,203532.5,23925.4,1,5.0
CUST21450,Raj Rao,203515.5,44935.53,1,5.0
CUST25216,Manish Yadav,203511.0,20509.0,1,3.0
CUST14536,Neha Jain,203481.0,16879.41,1,5.0
CUST28101,Swati Kumar,203456.0,23132.26,1,4.0
CUST10804,Suresh Mohanty,203427.0,29077.43,1,5.0
CUST14351,Riya Sahu,203378.0,10397.38,1,4.0
CUST11157,Pooja Nayak,203375.19999999998,15813.47,1,4.0
CUST18204,Arjun Rao,203299.2,35124.03,1,4.0
CUST16068,Sanjay Verma,203286.0,12306.45,1,4.0
CUST18771,Swati Sahu,203212.80000000002,40486.98,1,4.0
CUST11269,Ankit Verma,203208.0,34898.49,1,4.0
CUST13266,Suresh Nayak,203174.59999999998,24448.44,1,4.0
CUST25810,Raj Jain,203149.8,27974.85,1,3.0
CUST14152,Sneha Jain,203044.0,42917.7,1,4.0
CUST18937,Rohit Patel,203007.4,37310.85,1,4.0
CUST11478,Kavita Reddy,202980.0,50076.0,1,3.0
CUST17464,Ankit Dutta,202979.69999999998,30374.47,1,3.0
CUST20275,Vivek Verma,202975.75,11880.19,1,5.0
CUST18032,Anjali Verma,202931.4,48742.14,1,4.0
CUST14247,Pooja Singh,202912.0,49881.76,1,4.0
CUST20957,Rahul Reddy,202908.0,42134.5,1,4.0
CUST10108,Amit Patel,202906.19999999998,10530.24,1,3.0
CUST14204,Sanjay Rao,202904.09999999998,19794.47,1,3.0
CUST14332,Ankit Yadav,202855.4,44037.81,1,4.0
CUST14919,Suresh Kumar,202851.2,31011.92,1,4.0
CUST13626,Vivek Mohanty,202800.0,35471.45,1,4.0
CUST20782,Akash Pradhan,202797.0,25549.89,1,4.0
CUST23825,Sneha Dutta,202744.80000000002,47491.63,1,4.0
CUST17921,Sanjay Mehta,202732.0,41688.15,1,4.0
CUST23311,Rohit Singh,202721.4,20847.48,1,3.0
CUST13857,Deepak Verma,202695.0,47191.76,1,5.0
CUST19431,Shreya Mishra,202694.40000000002,16406.1,1,4.0
CUST15092,Kavita Yadav,202680.0,33033.29,1,5.0
CUST15732,Ankit Reddy,202624.0,24348.81,1,4.0
CUST27806,Sanjay Reddy,202619.6,31245.9,1,4.0
CUST11551,Unknown,202520.25,40270.55,1,3.0
CUST20493,Suresh Das,202492.0,15411.32,1,4.0
CUST17471,Nisha Mehta,202470.0,31768.64,1,3.0
CUST21318,Sanjay Yadav,202461.0,35373.91,1,4.0
CUST18172,Sneha Yadav,202452.59999999998,37335.89,1,3.0
CUST19307,Vikas Mehta,202429.19999999998,19479.07,1,3.0
CUST21233,Pooja Mohanty,202404.0,37697.25,1,4.0
CUST28043,Deepak Das,202352.84999999998,20202.16,1,3.0
CUST18919,Manish Reddy,202311.0,31207.74,1,3.0
CUST24064,Rohit Mohanty,202308.30000000002,25903.35,1,3.0
CUST13592,Anjali Patel,202308.19999999998,45887.92,1,4.0
CUST28534,Raj Mehta,202294.4,11638.85,1,4.0
CUST22984,Karan Sahu,202263.59999999998,21719.24,1,3.0
CUST28713,Amit Das,202260.0,41345.69,1,4.0
CUST17389,Arjun Verma,202251.6,14208.35,1,3.0
CUST17520,Amit Verma,202241.69999999998,43455.47,1,3.0
CUST24871,Rahul Panda,202228.4,33550.48,1,4.0
CUST12948,Priya Behera,202175.4,24981.45,1,3.0
CUST21804,Amit Pradhan,202164.9,45998.05,1,3.0
CUST21381,Kavita Reddy,202157.19999999998,48062.05,1,4.0
CUST12780,Priya Mohanty,202117.5,28063.77,1,3.0
CUST21505,Amit Mohanty,202083.0,39421.99,1,3.0
CUST22145,Shreya Gupta,202065.4,41896.93,1,4.0
CUST20395,Sneha Mishra,202045.0,37750.27,1,5.0
CUST22165,Shreya Gupta,202008.0,20146.32,1,4.0
CUST19229,Rohit Gupta,201993.6,12533.91,1,3.0
CUST16637,Shreya Gupta,201987.0,40123.56,1,4.0
CUST19178,Karan Sharma,201926.0,40154.79,1,5.0
CUST27732,Arjun Yadav,201897.0,42175.54,1,4.0
CUST23064,Riya Patel,201861.0,36179.65,1,4.0
CUST16207,Manish Panda,201845.0,27941.40719999994,1,5.0
CUST18418,Amit Gupta,201834.0,24824.59,1,5.0
CUST20458,Akash Sharma,201820.80000000002,24319.36,1,3.0
CUST18943,Unknown,201813.75,10961.84,1,5.0
CUST20404,Manish Gupta,201794.25,10531.71,1,3.0
CUST21547,Karan Mehta,201748.5,22483.4,1,3.0
CUST26949,Pooja Rao,201730.5,29911.61,1,5.0
CUST25023,Abhishek Jain,201705.75,15238.23,1,3.0
CUST13692,Rohit Yadav,201695.4,38694.08,1,3.0
CUST24747,Karan Mohanty,201642.25,44709.72,1,5.0
CUST13287,Kavita Mehta,201637.5,44121.71,1,3.0
CUST14605,Vikas Sharma,201630.0,23635.32,1,3.0
CUST15774,Sanjay Jain,201495.0,19413.41,1,5.0
CUST11218,Akash Pradhan,201454.4,47816.17,1,4.0
CUST23850,Shreya Pradhan,201429.0,14694.35,1,5.0
CUST22710,Pooja Reddy,201406.8,18078.95,1,4.0
CUST18377,Anjali Yadav,201325.59999999998,37351.52,1,4.0
CUST22479,Nisha Nayak,201312.0,38641.15,1,4.0
CUST10236,Raj Sharma,201300.0,29159.85,1,3.0
CUST17236,Amit Mishra,201288.0,25431.04,1,3.0
CUST14027,Vikas Jain,201271.5,12523.69,1,3.0
CUST16010,Anjali Singh,201251.8,35074.04,1,4.0
CUST21382,Suresh Nayak,201240.9,49613.08,1,3.0
CUST20044,Suresh Mohanty,201200.0,25704.99,1,5.0
CUST25397,Anjali Dutta,201196.8,36223.15,1,4.0
CUST10988,Karan Verma,201148.80000000002,33786.34,1,3.0
CUST28214,Riya Patel,201139.2,18340.77,1,3.0
CUST18346,Swati Jain,201043.5,33740.66,1,3.0
CUST10339,Pooja Sahu,200969.1,38450.79,1,3.0
CUST11557,Pooja Behera,200966.4,17925.35,1,3.0
CUST12256,Deepak Mohanty,200962.80000000002,43751.1,1,4.0
CUST23301,Shreya Mishra,200962.5,30551.23,1,5.0
CUST19482,Swati Dutta,200923.0,42060.74,1,4.0
CUST16667,Swati Mohanty,200923.0,32533.1,1,5.0
CUST21797,Pooja Pradhan,200919.3,12144.21,1,3.0
CUST17552,Akash Nayak,200907.0,44625.36,1,3.0
CUST16460,Riya Das,200821.0,46194.74,1,5.0
CUST13992,Karan Verma,200818.8,20541.56,1,3.0
CUST23483,Vikas Mishra,200790.0,35781.67,1,3.0
CUST18034,Rohit Singh,200763.0,32223.51,1,5.0
CUST10864,Nisha Rao,200740.25,19193.25,1,5.0
CUST15874,Suresh Mehta,200718.0,25584.76,1,4.0
CUST15281,Vivek Jain,200649.5,32364.34,1,5.0
CUST12636,Raj Patel,200648.0,17919.61,1,4.0
CUST10355,Neha Das,200634.0,34079.78,1,3.0
CUST14759,Manish Sharma,200620.80000000002,41946.75,1,3.0
CUST16645,Nisha Sharma,200573.5,24691.54,1,5.0
CUST18602,Manish Rao,200532.6742477609,29520.15963333332,1,5.0
CUST28561,Neha Reddy,200532.6742477609,39255.09,1,5.0
CUST11544,Karan Mohanty,200501.69999999998,10834.91,1,3.0
CUST17673,Swati Rao,200389.5,39246.42,1,5.0
CUST24707,Karan Patel,200369.25,48414.03,1,3.0
CUST25820,Sanjay Behera,200342.40000000002,25006.2,1,4.0
CUST10313,Amit Patel,200289.59999999998,48126.52,1,3.0
CUST15767,Manish Behera,200272.5,20760.89,1,5.0
CUST23217,Anjali Mehta,200229.59999999998,17108.64,1,3.0
CUST10025,Vivek Das,200205.0,13027.19,1,3.0
CUST21954,Anjali Verma,200190.0,18931.9,1,4.0
CUST24047,Nisha Sharma,200178.0,20845.66,1,3.0
CUST23937,Shreya Nayak,200160.0,36357.76,1,5.0
CUST22724,Pooja Reddy,200068.0,41250.78,1,5.0
CUST14413,Neha Dutta,200034.75,28338.64,1,5.0
CUST12275,Raj Sharma,200018.40000000002,46175.48,1,3.0
CUST12947,Arjun Mohanty,200006.69999999998,44856.06,1,3.0
CUST13076,Vikas Sharma,199932.0,23067.04,1,3.0
CUST11464,Rohit Mehta,199899.0,43252.78,1,4.0
CUST20649,Priya Rao,199896.15,23888.86,1,3.0
CUST18158,Rahul Pradhan,199892.0,10602.65,1,2.0
CUST24349,Vivek Behera,199879.19999999998,43310.09,1,3.0
CUST18114,Arjun Sahu,199847.69999999998,36567.07,1,3.0
CUST25487,Vikas Mishra,199740.6,23091.3,1,3.0
CUST27747,Priya Reddy,199728.0,25735.9,1,4.0
CUST23923,Suresh Mehta,199728.0,26217.29,1,3.0
CUST26540,Sanjay Jain,199705.19999999998,28676.91,1,3.0
CUST12592,Manish Pradhan,199635.0,10221.34,1,5.0
CUST14454,Anjali Behera,199606.40000000002,26369.94,1,4.0
CUST18911,Anjali Sahu,199593.6,46399.05,1,4.0
CUST13695,Suresh Mishra,199586.0,45458.36,1,2.0
CUST23005,Nisha Mohanty,199560.8,34860.56,1,4.0
CUST22281,Vikas Gupta,199542.6,40054.84,1,4.0
CUST23833,Rahul Rao,199541.25,27738.0,1,5.0
CUST19942,Riya Gupta,199527.75,12650.12,1,3.0
CUST15026,Kavita Pradhan,199524.0,40060.97,1,3.0
CUST14801,Ankit Dutta,199511.4,13407.83,1,4.0
CUST25178,Sanjay Patel,199505.19999999998,28835.84,1,4.0
CUST13238,Priya Rao,199488.0,36024.92,1,4.0
CUST19237,Ankit Verma,199482.0,34969.13,1,4.0
CUST15744,Arjun Mehta,199466.40000000002,29522.58,1,3.0
CUST23084,Pooja Pradhan,199430.1,33709.98,1,3.0
CUST14676,Vikas Verma,199415.25,38475.21,1,3.0
CUST25249,Kavita Sharma,199408.0,13035.36,1,5.0
CUST11963,Nisha Gupta,199399.8,29938.11,1,4.0
CUST24709,Rohit Rao,199370.0,38631.13,1,5.0
CUST12584,Kavita Mehta,199357.5,10865.65,1,5.0
CUST15896,Sanjay Pradhan,199320.75,19220.75,1,3.0
CUST19042,Swati Patel,199274.84999999998,43471.34,1,3.0
CUST11975,Sanjay Verma,199272.0,30013.09,1,4.0
CUST12540,Suresh Reddy,199264.0,35544.22,1,5.0
CUST28875,Akash Das,199245.0,15928.84,1,5.0
CUST17825,Amit Dutta,199228.4,37786.5,1,4.0
CUST11486,Manish Nayak,199227.6,30843.32,1,4.0
CUST15318,Suresh Sahu,199208.0,35371.77,1,2.0
CUST18662,Kavita Das,199206.0,41347.67,1,3.0
CUST14325,Karan Dutta,199146.5,49703.83,1,5.0
CUST12623,Neha Kumar,199086.75,26175.26,1,3.0
CUST24900,Arjun Singh,199043.2,11489.64,1,4.0
CUST14843,Anjali Verma,198996.0,25398.9,1,5.0
CUST23232,Ankit Pradhan,198951.0,34386.04,1,5.0
CUST17365,Neha Rao,198939.0,38559.91,1,3.0
CUST17981,Vikas Singh,198928.05,24040.51,1,3.0
CUST20898,Abhishek Mehta,198909.6,20312.23,1,3.0
CUST28369,Nisha Panda,198908.5,33262.62,1,5.0
CUST24173,Suresh Mishra,198870.0,36230.19,1,3.0
CUST26200,Riya Rao,198810.0,14646.66,1,2.0
CUST16340,Rahul Nayak,198756.15,36058.17209999999,1,3.0
CUST23582,Suresh Pradhan,198755.1,14465.27,1,3.0
CUST28303,Deepak Mohanty,198744.44999999998,21916.62,1,3.0
CUST15866,Riya Jain,198736.0,15483.19,1,4.0
CUST18335,Akash Gupta,198716.4,13778.79,1,4.0
CUST12255,Anjali Mishra,198700.80000000002,46520.38,1,4.0
CUST18779,Rohit Behera,198674.0,37425.45,1,4.0
CUST13968,Riya Pradhan,198625.0,16381.55,1,5.0
CUST25707,Sanjay Jain,198491.09999999998,43518.72,1,3.0
CUST13455,Riya Nayak,198477.0,22180.5,1,4.0
CUST28440,Sneha Behera,198447.9,26741.82,1,3.0
CUST17053,Raj Mishra,198444.4,11562.02,1,4.0
CUST22838,Kavita Kumar,198442.80000000002,34881.48,1,4.0
CUST20595,Deepak Sharma,198397.65,38984.28,1,3.0
CUST17402,Sneha Mohanty,198395.4,18785.04,1,3.0
CUST27970,Raj Sahu,198366.75,17925.07,1,3.0
CUST18988,Priya Panda,198366.30000000002,12053.02,1,3.0
CUST24357,Manish Rao,198317.0,47758.13,1,5.0
CUST10576,Suresh Reddy,198265.19999999998,42408.76,1,4.0
CUST26114,Kavita Sharma,198249.0,15585.13,1,4.0
CUST11709,Shreya Singh,198229.35,18462.74,1,3.0
CUST13324,Ankit Behera,198205.2,37645.34,1,4.0
CUST15963,Raj Das,198144.0,26623.28,1,4.0
CUST14998,Shreya Reddy,198133.59999999998,48473.76,1,4.0
CUST13192,Manish Nayak,198104.4,50575.05,1,4.0
CUST23684,Ankit Gupta,198080.0,40319.38,1,5.0
CUST13332,Deepak Mishra,198051.75,15719.09,1,3.0
CUST22519,Manish Kumar,198035.2,31923.61,1,4.0
CUST24038,Sneha Rao,198022.8,10820.0,1,4.0
CUST13766,Kavita Sharma,198012.6,16653.59,1,4.0
CUST22047,Rohit Mohanty,198007.2,10200.83,1,3.0
CUST12800,Anjali Verma,197995.5,28301.5,1,3.0
CUST24389,Suresh Behera,197961.0,43863.88,1,3.0
CUST23333,Vikas Mehta,197950.0,14681.71,1,5.0
CUST22779,Sneha Yadav,197937.0,48551.69,1,3.0
CUST27021,Sneha Yadav,197912.7,32994.61,1,3.0
CUST27220,Nisha Yadav,197912.55,32457.02,1,3.0
CUST13516,Vikas Mohanty,197912.0,29434.69,1,5.0
CUST24794,Anjali Patel,197846.85,33553.13,1,3.0
CUST20438,Manish Nayak,197831.7,42853.69,1,3.0
CUST18797,Vivek Yadav,197770.0,10409.48,1,2.0
CUST28817,Karan Kumar,197709.75,40767.37,1,3.0
CUST11839,Deepak Sahu,197699.75,30313.72,1,5.0
CUST22339,Karan Mishra,197664.0,41666.32,1,3.0
CUST26615,Neha Singh,197646.25,25880.98,1,5.0
CUST17929,Anjali Mehta,197596.80000000002,18406.47,1,4.0
CUST14603,Manish Patel,197594.0,48684.53,1,2.0
CUST17883,Rahul Reddy,197582.69999999998,36835.95,1,3.0
CUST28622,Shreya Yadav,197580.0,46800.42,1,5.0
CUST20015,Rohit Sharma,197528.1,10788.65,1,3.0
CUST24352,Manish Singh,197488.80000000002,6531.85,1,3.0
CUST15804,Rahul Jain,197488.19999999998,15948.4,1,3.0
CUST19993,Abhishek Kumar,197457.5,40597.48,1,5.0
CUST23624,Sneha Rao,197428.05,22808.475833333257,1,3.0
CUST12336,Deepak Mishra,197426.25,46107.95,1,5.0
CUST12313,Arjun Mishra,197417.6,35786.43,1,4.0
CUST10940,Priya Rao,197398.80000000002,34419.42,1,4.0
CUST25898,Arjun Yadav,197372.0,36456.94,1,2.0
CUST16257,Priya Nayak,197364.0,47029.08,1,4.0
CUST26434,Nisha Jain,197354.0,33464.28,1,2.0
CUST22390,Shreya Singh,197351.25,43163.85,1,5.0
CUST19822,Riya Sahu,197348.4,34989.05,1,4.0
CUST26253,Sanjay Reddy,197280.0,11626.29,1,4.0
CUST21298,Shreya Reddy,197259.75,19794.83,1,3.0
CUST18104,Manish Nayak,197235.0,35923.06,1,4.0
CUST27787,Kavita Behera,197200.0,27372.88,1,5.0
CUST10655,Kavita Rao,197155.0,35895.45,1,5.0
CUST17812,Karan Mohanty,197134.0,20588.68,1,5.0
CUST16663,Rahul Mehta,197108.19999999998,33414.78,1,4.0
CUST20416,Sanjay Dutta,197053.8,34865.17,1,4.0
CUST22261,Karan Pradhan,197050.5,28309.04,1,5.0
CUST17900,Suresh Jain,196998.0,40940.34,1,2.0
CUST11795,Raj Yadav,196975.80000000002,25529.881066666665,1,3.0
CUST11782,Ankit Das,196975.2,18292.21,1,3.0
CUST16957,Kavita Verma,196962.0,22700.28,1,3.0
CUST17296,Neha Mishra,196876.80000000002,28114.64,1,4.0
CUST14799,Rohit Pradhan,196855.19999999998,39716.58,1,4.0
CUST25772,Ankit Yadav,196843.5,24116.02,1,5.0
CUST12388,Neha Sahu,196830.0,31229.28,1,2.0
CUST25674,Nisha Behera,196810.0,13784.94,1,2.0
CUST23856,Anjali Panda,196805.6,34928.51,1,4.0
CUST15636,Pooja Kumar,196787.2,41484.39,1,4.0
CUST14460,Arjun Verma,196780.0,18748.89,1,2.0
CUST25536,Arjun Reddy,196745.0,39775.63,1,5.0
CUST15121,Anjali Pradhan,196737.0,19592.0,1,3.0
CUST10966,Amit Das,196731.0,20187.34,1,3.0
CUST23767,Neha Panda,196722.19999999998,40023.28,1,4.0
CUST22829,Rahul Jain,196702.0,44756.25,1,2.0
CUST28371,Sneha Mishra,196691.8,28473.0,1,4.0
CUST13557,Shreya Kumar,196665.56,27101.82,1,4.0
CUST14043,Shreya Nayak,196635.59999999998,28546.44,1,3.0
CUST17994,Vikas Nayak,196634.75,54612.52,1,5.0
CUST11574,Arjun Panda,196632.0,17331.77,1,2.0
CUST23094,Anjali Yadav,196608.0,21522.87,1,2.0
CUST20150,Karan Behera,196596.0,24061.03,1,4.0
CUST11820,Raj Panda,196560.0,13790.84,1,5.0
CUST18157,Akash Yadav,196531.2,11619.14,1,3.0
CUST13044,Suresh Yadav,196519.5,9996.51,1,3.0
CUST22493,Neha Rao,196506.4,21695.35,1,4.0
CUST13715,Shreya Dutta,196473.75,16637.15,1,5.0
CUST17742,Suresh Behera,196416.3,43148.78,1,3.0
CUST24896,Deepak Jain,196384.5,35448.59,1,3.0
CUST16097,Karan Verma,196302.0,24188.57,1,4.0
CUST12383,Nisha Dutta,196286.0,12916.9,1,2.0
CUST11239,Manish Yadav,196278.0,36158.82,1,2.0
CUST13527,Vikas Mehta,196220.0,43814.05,1,4.0
CUST20118,Swati Sahu,196209.0,32120.17,1,4.0
CUST11447,Vivek Kumar,196152.19999999998,40524.44,1,4.0
CUST16624,Kavita Mehta,196141.5,31486.58,1,3.0
CUST10582,Riya Yadav,196064.4,29151.12,1,3.0
CUST16052,Riya Nayak,196042.0,37269.83,1,5.0
CUST17983,Kavita Pradhan,196026.75,42353.72,1,3.0
CUST27809,Swati Dutta,196022.25,11733.25,1,3.0
CUST16780,Nisha Reddy,196002.0,13036.55,1,5.0
CUST19273,Vikas Rao,195982.2,10334.02,1,3.0
CUST14353,Manish Mishra,195916.0,29566.72,1,4.0
CUST10956,Swati Reddy,195888.0,24253.13,1,3.0
CUST13668,Akash Patel,195870.5,16271.27,1,5.0
CUST13116,Anjali Mohanty,195852.75,45966.51,1,3.0
CUST10547,Ankit Das,195745.59999999998,13332.6,1,4.0
CUST21256,Sneha Jain,195728.4,29908.12,1,4.0
CUST13729,Rohit Nayak,195703.2,35548.23,1,3.0
CUST17438,Neha Rao,195700.5,26682.03,1,3.0
CUST21865,Anjali Dutta,195683.84999999998,42405.92,1,3.0
CUST24004,Nisha Dutta,195627.5,15424.54,1,5.0
CUST16925,Akash Mohanty,195583.5,28073.64,1,3.0
CUST21928,Rahul Jain,195555.0,31518.19,1,3.0
CUST22574,Arjun Jain,195554.40000000002,48746.36,1,3.0
CUST15169,Swati Pradhan,195520.0,28316.92,1,4.0
CUST27155,Suresh Jain,195514.19999999998,20179.72,1,3.0
CUST26463,Sanjay Reddy,195507.0,34945.76,1,3.0
CUST28088,Ankit Sharma,195489.6,22624.71,1,3.0
CUST23357,Akash Verma,195440.5,45404.53,1,5.0
CUST26901,Akash Jain,195432.0,35579.51,1,2.0
CUST21560,Arjun Das,195430.0,26253.7,1,5.0
CUST18824,Akash Singh,195417.9,19394.86,1,3.0
CUST17832,Karan Dutta,195417.0,31812.74,1,3.0
CUST19914,Amit Mishra,195415.0,22240.15,1,5.0
CUST12831,Priya Reddy,195333.75,27116.6,1,3.0
CUST21050,Anjali Behera,195307.05,25279.51,1,3.0
CUST15872,Sneha Gupta,195248.0,20319.82,1,4.0
CUST13126,Sneha Panda,195169.5,27938.05,1,3.0
CUST17954,Pooja Das,195156.5,37498.6,1,5.0
CUST20559,Kavita Gupta,195129.4,39412.85,1,4.0
CUST22214,Sneha Kumar,195129.0,41877.58,1,3.0
CUST28954,Riya Behera,195058.75,11585.24,1,5.0
CUST10429,Priya Jain,195039.3,31247.28,1,3.0
CUST23679,Nisha Mishra,195027.4,26633.61,1,4.0
CUST23089,Arjun Behera,195026.25,40614.55,1,5.0
CUST16331,Akash Gupta,194977.25,18020.18,1,5.0
CUST27263,Kavita Mohanty,194974.5,15467.86,1,5.0
CUST23639,Riya Sharma,194964.5,11633.69,1,5.0
CUST22539,Akash Pradhan,194901.0,27366.31,1,5.0
CUST22159,Kavita Panda,194900.0,26692.3,1,2.0
CUST22788,Swati Panda,194899.5,32433.45,1,5.0
CUST19143,Deepak Reddy,194877.6,14564.08,1,3.0
CUST14378,Pooja Behera,194873.0,32876.63,1,4.0
CUST10845,Nisha Sahu,194831.25,26994.45,1,5.0
CUST16594,Rahul Verma,194764.80000000002,48322.56,1,3.0
CUST27699,Sanjay Mehta,194763.0,13661.1,1,4.0
CUST17974,Anjali Nayak,194759.5,17464.25,1,5.0
CUST24419,Suresh Pradhan,194608.4,43679.47,1,4.0
CUST20999,Kavita Verma,194541.19999999998,38284.01,1,4.0
CUST21190,Arjun Kumar,194524.0,11305.05,1,2.0
CUST21654,Pooja Dutta,194502.0,43863.11,1,3.0
CUST24687,Arjun Singh,194450.4,37952.17,1,4.0
CUST19977,Nisha Jain,194436.9,28528.16,1,3.0
CUST21956,Vikas Jain,194428.5,28078.0,1,5.0
CUST25946,Ankit Panda,194419.2,40201.96,1,4.0
CUST27216,Vikas Das,194368.0,19609.24,1,4.0
CUST17882,Raj Pradhan,194367.59999999998,20193.13,1,3.0
CUST28391,Nisha Behera,194352.0,26496.89,1,4.0
CUST20504,Amit Kumar,194343.75,22429.61,1,5.0
CUST18517,Swati Verma,194294.25,33298.13476666661,1,3.0
CUST27122,Raj Nayak,194278.5,29898.6,1,3.0
CUST10682,Arjun Panda,194262.0,41119.74,1,2.0
CUST28291,Ankit Sharma,194252.19999999998,27976.09,1,4.0
CUST13754,Abhishek Das,194230.40000000002,21527.51,1,4.0
CUST16982,Ankit Sharma,194229.0,37488.89,1,5.0
CUST10751,Neha Nayak,194220.0,48274.2,1,3.0
CUST15927,Anjali Sahu,194135.0,22549.36,1,5.0
CUST14258,Pooja Jain,194124.0,39430.16,1,4.0
CUST19819,Karan Reddy,194097.6,32209.61,1,4.0
CUST28703,Neha Gupta,194056.5,18799.58,1,3.0
CUST16600,Nisha Kumar,193991.69999999998,26099.71,1,3.0
CUST19424,Arjun Gupta,193991.25,10291.98,1,5.0
CUST27048,Neha Pradhan,193976.69999999998,10737.46,1,3.0
CUST11246,Vivek Das,193960.0,27276.86,1,5.0
CUST16274,Nisha Mohanty,193955.8,46182.93,1,4.0
CUST13707,Swati Reddy,193934.40000000002,32841.58,1,3.0
CUST28315,Raj Mehta,193924.80000000002,30500.27,1,3.0
CUST11350,Sanjay Behera,193888.0,23291.74,1,4.0
CUST13267,Akash Nayak,193850.0,47260.76,1,5.0
CUST16310,Ankit Pradhan,193831.34999999998,11037.79,1,3.0
CUST23710,Neha Jain,193781.0,24003.3,1,4.0
CUST15987,Amit Rao,193780.0,34761.43,1,2.0
CUST19145,Vivek Rao,193745.6,30320.03,1,4.0
CUST22386,Arjun Pradhan,193734.0,43205.34,1,3.0
CUST22587,Anjali Panda,193701.19999999998,40035.33,1,4.0
CUST21920,Pooja Mehta,193626.3,12142.21,1,3.0
CUST15408,Manish Mohanty,193624.19999999998,42375.39,1,3.0
CUST21753,Vivek Rao,193546.80000000002,38987.83,1,4.0
CUST15933,Sneha Panda,193486.5,40924.34,1,5.0
CUST24209,Nisha Behera,193484.0,31137.32,1,5.0
CUST11479,Neha Mohanty,193471.2,11240.7,1,3.0
CUST21548,Sanjay Yadav,193466.8,20647.02,1,4.0
CUST17668,Riya Verma,193442.40000000002,48354.48,1,3.0
CUST24893,Amit Nayak,193388.80000000002,13910.51,1,4.0
CUST20281,Shreya Dutta,193377.25,24011.04,1,5.0
CUST19232,Akash Dutta,193368.0,18692.25,1,4.0
CUST20055,Sanjay Mehta,193320.0,16743.09,1,3.0
CUST27803,Abhishek Mishra,193244.0,11751.78,1,4.0
CUST16476,Karan Yadav,193220.0,45561.27,1,4.0
CUST28568,Akash Patel,193208.0,44546.35,1,2.0
CUST18809,Abhishek Reddy,193205.0,26015.98,1,4.0
CUST10264,Kavita Panda,193163.59999999998,45556.79,1,4.0
CUST24891,Shreya Pradhan,193108.5,24429.95,1,3.0
CUST26503,Pooja Dutta,193065.0,24674.94,1,5.0
CUST27067,Riya Mohanty,193011.0,27113.62,1,3.0
CUST20101,Vivek Pradhan,192998.7,24803.62,1,3.0
CUST18190,Rahul Sharma,192993.0,30530.7,1,3.0
CUST22015,Anjali Patel,192987.0,28674.87,1,5.0
CUST18653,Ankit Mohanty,192914.59999999998,36024.13,1,4.0
CUST18868,Neha Patel,192907.5,27908.68,1,5.0
CUST28786,Vikas Sahu,192859.2,33982.89216666667,1,4.0
CUST15947,Riya Verma,192852.8,13083.92,1,4.0
CUST14938,Manish Verma,192795.0,17440.17,1,3.0
CUST17340,Manish Behera,192790.0,21342.45,1,2.0
CUST26403,Neha Nayak,192777.6,17170.64,1,3.0
CUST22450,Priya Sahu,192765.0,34929.66,1,5.0
CUST26502,Neha Das,192764.25,25654.37,1,3.0
CUST28016,Riya Pradhan,192746.4,37379.98,1,4.0
CUST21180,Shreya Sahu,192736.65,44619.29,1,3.0
CUST12330,Karan Sahu,192732.0,40476.31,1,4.0
CUST12392,Riya Patel,192724.44999999998,28871.22,1,5.0
CUST13463,Priya Pradhan,192701.59999999998,37955.78,1,4.0
CUST15653,Riya Behera,192655.05,34672.04,1,3.0
CUST23397,Priya Das,192604.5,11795.39,1,3.0
CUST28344,Sneha Panda,192580.5,33149.57,1,5.0
CUST19065,Deepak Mehta,192541.25,17268.36,1,5.0
CUST16098,Raj Panda,192525.0,26234.53,1,5.0
CUST21226,Raj Singh,192518.0,14176.56,1,2.0
CUST18734,Deepak Verma,192517.2,41514.03,1,4.0
CUST26649,Karan Patel,192491.25,41046.0,1,5.0
CUST21356,Vikas Mehta,192448.0,30115.52,1,5.0
CUST19987,Arjun Nayak,192430.0,14523.5,1,5.0
CUST10230,Akash Patel,192428.19999999998,35322.3,1,4.0
CUST13392,Kavita Behera,192383.09999999998,21768.43,1,3.0
CUST17065,Abhishek Pradhan,192382.4,38880.58,1,4.0
CUST17146,Manish Mohanty,192342.0,30975.71,1,2.0
CUST15061,Neha Behera,192330.0,18923.53,1,3.0
CUST14403,Karan Dutta,192306.8,30246.96,1,4.0
CUST19046,Raj Mohanty,192280.94999999998,37911.15,1,3.0
CUST26592,Arjun Mohanty,192278.09999999998,3722.02,1,3.0
CUST28948,Abhishek Sharma,192273.6,45883.92,1,3.0
CUST24421,Deepak Kumar,192263.19999999998,28385.44,1,4.0
CUST27439,Shreya Panda,192259.8,29047.08,1,4.0
CUST25861,Priya Mehta,192253.0,16757.27,1,5.0
CUST22119,Raj Mehta,192248.75,43299.33,1,5.0
CUST17928,Akash Gupta,192229.8,21634.3,1,3.0
CUST18600,Ankit Nayak,192223.0,26440.83,1,5.0
CUST19074,Vikas Reddy,192221.25,16955.29,1,5.0
CUST17062,Arjun Verma,192201.6,11370.63,1,4.0
CUST26508,Swati Behera,192165.6,13629.85,1,3.0
CUST24020,Swati Kumar,192156.0,13225.52,1,4.0
CUST20270,Riya Sharma,192138.0,43998.75,1,4.0
CUST24660,Deepak Panda,192129.75,35084.38,1,5.0
CUST11594,Vivek Mehta,192067.19999999998,47687.02,1,4.0
CUST11007,Rohit Singh,192062.25,28707.55,1,3.0
CUST13777,Manish Dutta,192041.25,12207.85,1,5.0
CUST11440,Raj Behera,191978.84999999998,10178.26,1,3.0
CUST14558,Rohit Jain,191948.4,13070.36,1,3.0
CUST20849,Kavita Singh,191924.69999999998,14283.98,1,3.0
CUST28003,Sanjay Mehta,191905.35,32789.56,1,3.0
CUST12763,Amit Mohanty,191899.2,47175.18,1,3.0
CUST24522,Ankit Dutta,191856.0,21050.29,1,3.0
CUST27232,Akash Nayak,191851.2,9889.98,1,3.0
CUST13271,Sanjay Mehta,191840.0,12543.66,1,4.0
CUST14643,Ankit Das,191823.75,17347.49,1,5.0
CUST18962,Vivek Jain,191820.3,12049.65,1,3.0
CUST26601,Suresh Reddy,191774.25,46002.4,1,3.0
CUST14427,Akash Sharma,191742.0,16992.32,1,3.0
CUST17510,Sanjay Dutta,191712.0,19188.53,1,3.0
CUST21976,Sneha Gupta,191707.59999999998,21348.92,1,4.0
CUST10693,Riya Sharma,191688.75,29524.49,1,5.0
CUST12051,Akash Verma,191675.85,39125.3,1,3.0
CUST14969,Anjali Mehta,191612.0,25748.83,1,2.0
CUST28602,Amit Gupta,191595.6,40015.7,1,4.0
CUST20479,Shreya Panda,191595.0,26175.972433333387,1,3.0
CUST11465,Vikas Mohanty,191531.4,28735.38,1,3.0
CUST11760,Deepak Panda,191525.59999999998,24369.22,1,4.0
CUST17117,Neha Behera,191520.0,31027.13,1,4.0
CUST24697,Abhishek Kumar,191491.5,18924.01,1,5.0
CUST17537,Vivek Jain,191488.0,9814.85,1,5.0
CUST14551,Vikas Yadav,191430.0,41288.78,1,4.0
CUST20880,Nisha Patel,191425.94999999998,38060.08,1,3.0
CUST28926,Arjun Jain,191416.5,39356.06,1,3.0
CUST27090,Amit Dutta,191300.0,33200.01,1,4.0
CUST15704,Anjali Sharma,191298.75,13777.61,1,5.0
CUST13824,Sanjay Sahu,191292.0,37720.48,1,4.0
CUST24003,Karan Singh,191289.0,14655.5,1,5.0
CUST19659,Vikas Behera,191241.6,40265.47,1,4.0
CUST11600,Raj Singh,191187.0,34785.23,1,5.0
CUST24693,Rohit Nayak,191148.3,13517.85,1,3.0
CUST20580,Abhishek Sharma,191138.5,45887.76,1,5.0
CUST18443,Deepak Rao,191094.75,43615.54,1,3.0
CUST12379,Akash Panda,191062.80000000002,27034.12,1,3.0
CUST13662,Riya Rao,191052.0,9656.08,1,3.0
CUST13288,Raj Nayak,191031.75,21525.95,1,3.0
CUST24413,Manish Pradhan,191010.3,38513.03,1,3.0
CUST22257,Ankit Panda,191007.0,28775.67,1,3.0
CUST18394,Arjun Dutta,191003.19999999998,19762.41,1,4.0
CUST23085,Rahul Das,191002.0,43845.75,1,2.0
CUST19545,Suresh Das,190987.35,18851.03,1,3.0
CUST10872,Rahul Pradhan,190927.8,32790.82,1,3.0
CUST13989,Riya Mehta,190883.69999999998,35686.91,1,3.0
CUST27580,Anjali Das,190883.2,22197.87,1,4.0
CUST19287,Ankit Behera,190876.0,34671.62,1,5.0
CUST28801,Amit Sahu,190866.0,17182.14,1,3.0
CUST16701,Kavita Das,190860.0,21377.07,1,5.0
CUST20681,Neha Sharma,190856.0,36389.34,1,4.0
CUST21635,Rohit Yadav,190851.2,22088.19,1,4.0
CUST19605,Nisha Sahu,190833.0,11782.33,1,3.0
CUST26895,Sneha Behera,190771.2,22105.3,1,4.0
CUST22917,Rohit Das,190711.80000000002,22332.52,1,3.0
CUST20274,Riya Nayak,190698.30000000002,37800.97,1,3.0
CUST25648,Rahul Yadav,190649.6,44173.52,1,4.0
CUST28767,Shreya Reddy,190636.5,41077.25,1,3.0
CUST16162,Amit Pradhan,190627.5,45495.99,1,5.0
CUST27908,Anjali Dutta,190606.5,34200.6,1,5.0
CUST19668,Amit Reddy,190515.2,23140.79,1,4.0
CUST17063,Ankit Verma,190506.04053537286,17226.74,1,4.0
CUST26406,Suresh Yadav,190503.0,46321.43,1,4.0
CUST20892,Sneha Yadav,190480.0,37522.38,1,4.0
CUST10659,Kavita Nayak,190479.75,46431.9,1,5.0
CUST13902,Vivek Patel,190370.26,33207.87,1,2.0
CUST24851,Sanjay Nayak,190355.19999999998,40188.2,1,4.0
CUST10998,Neha Gupta,190344.0,21386.2,1,3.0
CUST23898,Vivek Singh,190336.5,28069.73,1,5.0
CUST17492,Riya Gupta,190323.0,12107.85,1,3.0
CUST15575,Anjali Mehta,190268.25,47443.6,1,5.0
CUST16003,Akash Verma,190251.75,16219.42,1,5.0
CUST21186,Ankit Yadav,190180.5,19980.37,1,5.0
CUST16975,Pooja Nayak,190117.8,16935.87,1,4.0
CUST11652,Vivek Kumar,190073.09999999998,31244.18,1,3.0
CUST22901,Rahul Dutta,190066.5,24095.59,1,3.0
CUST18343,Akash Verma,190057.6,37738.53,1,4.0
CUST14535,Nisha Das,190044.0,33826.11,1,4.0
CUST14392,Deepak Yadav,190038.0,43291.06,1,3.0
CUST22101,Shreya Singh,189980.0,13551.8,1,4.0
CUST21299,Arjun Rao,189953.4,26569.29,1,3.0
CUST10977,Kavita Sharma,189950.4,17490.12,1,3.0
CUST21742,Deepak Verma,189946.8,46617.64,1,2.0
CUST23704,Anjali Sharma,189928.0,14581.47,1,4.0
CUST16343,Suresh Nayak,189903.0,22469.05,1,4.0
CUST11099,Ankit Dutta,189868.0,18695.38,1,4.0
CUST16200,Akash Rao,189828.0,39998.57,1,5.0
CUST22457,Raj Behera,189824.4,43596.87,1,4.0
CUST13554,Sanjay Sahu,189816.0,17033.87,1,5.0
CUST27636,Shreya Yadav,189787.19999999998,12230.4,1,4.0
CUST19085,Riya Jain,189780.0,44184.63,1,4.0
CUST12869,Rahul Sharma,189760.59999999998,32881.01,1,4.0
CUST12865,Manish Sahu,189758.69999999998,30660.68,1,3.0
CUST28823,Rahul Reddy,189751.5,10993.74,1,3.0
CUST17805,Raj Kumar,189743.8,33992.44,1,4.0
CUST24496,Unknown,189625.5,16166.79,1,5.0
CUST22020,Akash Das,189590.0,34271.08,1,2.0
CUST25073,Neha Singh,189540.19999999998,34047.27,1,2.0
CUST26096,Anjali Panda,189502.19999999998,14712.15,1,2.0
CUST14818,Riya Patel,189492.0,46247.15,1,5.0
CUST15993,Pooja Sahu,189483.19999999998,34315.2,1,4.0
CUST20271,Suresh Reddy,189475.59999999998,37986.53,1,2.0
CUST13182,Vikas Verma,189463.5,43394.42,1,3.0
CUST23264,Ankit Nayak,189437.8,19196.33,1,4.0
CUST14714,Raj Yadav,189403.19999999998,22123.78,1,4.0
CUST17218,Anjali Reddy,189374.9,42294.23,1,2.0
CUST18273,Priya Singh,189205.8,30136.84,1,3.0
CUST15803,Rahul Rao,189180.0,38174.66,1,4.0
CUST25697,Rohit Pradhan,189148.8,23315.95,1,2.0
CUST27684,Unknown,189083.7,14344.04,1,3.0
CUST27513,Rohit Gupta,189081.0,17431.01,1,3.0
CUST18125,Riya Dutta,189033.75,21862.46,1,3.0
CUST12895,Sneha Sharma,188962.65,32044.92,1,3.0
CUST22246,Sanjay Sahu,188954.5,14083.62,1,5.0
CUST17300,Nisha Rao,188863.5,45819.12,1,3.0
CUST25718,Akash Panda,188852.0,31977.53,1,4.0
CUST14878,Kavita Dutta,188842.5,35438.67,1,5.0
CUST24860,Sneha Mehta,188808.9,25237.75,1,3.0
CUST19108,Sneha Mohanty,188760.0,11373.12,1,3.0
CUST24723,Abhishek Dutta,188750.75,10515.57,1,5.0
CUST21722,Amit Singh,188741.69999999998,27686.87,1,3.0
CUST25177,Abhishek Singh,188729.75,17114.37,1,5.0
CUST13360,Shreya Gupta,188708.0,40205.86,1,2.0
CUST12730,Nisha Singh,188700.30000000002,34906.6,1,3.0
CUST13699,Karan Mehta,188694.40000000002,19700.05,1,4.0
CUST24393,Raj Dutta,188692.80000000002,16470.85,1,3.0
CUST23218,Neha Mohanty,188613.3,23620.33,1,3.0
CUST24859,Ankit Das,188563.59999999998,36637.18,1,2.0
CUST25413,Sanjay Verma,188546.5,17042.28,1,2.0
CUST10226,Pooja Sahu,188543.25,26786.65,1,3.0
CUST18298,Rohit Das,188489.5,43738.07,1,5.0
CUST18195,Karan Sahu,188459.09999999998,11476.3,1,2.0
CUST14069,Akash Behera,188456.25,23648.31,1,5.0
CUST15875,Manish Kumar,188430.30000000002,44577.31,1,3.0
CUST19761,Akash Jain,188418.75,16646.91,1,5.0
CUST28312,Vivek Reddy,188319.59999999998,18380.79,1,4.0
CUST11723,Vikas Gupta,188311.5,43623.81,1,3.0
CUST10843,Neha Mohanty,188267.19999999998,44383.22,1,4.0
CUST22953,Anjali Jain,188236.0,26707.58,1,2.0
CUST19484,Neha Singh,188233.2,29723.18,1,3.0
CUST22193,Sneha Yadav,188209.0,41226.02,1,5.0
CUST18144,Sneha Singh,188203.2,23874.63,1,3.0
CUST16499,Priya Mehta,188193.6,39524.15,1,3.0
CUST18736,Neha Yadav,188165.7,23963.66,1,3.0
CUST15548,Sanjay Pradhan,188105.0,37982.51,1,5.0
CUST20064,Rohit Kumar,188019.0,31099.19,1,3.0
CUST17635,Swati Rao,188014.5,13741.52,1,3.0
CUST27262,Swati Das,187999.38210727586,39992.87,1,5.0
CUST10219,Priya Nayak,187999.38210727586,35335.54,1,5.0
CUST18388,Neha Sharma,187999.38210727586,48943.81,1,5.0
CUST18559,Neha Mohanty,187992.9,31052.31,1,3.0
CUST20721,Shreya Rao,187910.09999999998,36259.08,1,3.0
CUST23817,Manish Sharma,187900.80000000002,17013.22,1,4.0
CUST11733,Deepak Mohanty,187896.8,41451.56,1,4.0
CUST18726,Nisha Dutta,187873.2,39437.59,1,4.0
CUST13801,Pooja Jain,187794.0,23814.09,1,2.0
CUST23621,Swati Mehta,187771.5,13476.18,1,3.0
CUST21781,Swati Patel,187739.5,46177.97,1,5.0
CUST27676,Nisha Patel,187714.3,30834.18,1,2.0
CUST24422,Swati Nayak,187712.1,13257.89,1,3.0
CUST19638,Akash Mishra,187698.0,12860.09,1,3.0
CUST15989,Swati Reddy,187635.0,24919.32,1,4.0
CUST12304,Vikas Verma,187633.59999999998,39894.86,1,4.0
CUST13495,Anjali Kumar,187606.0,9743.55,1,5.0
CUST13502,Neha Verma,187602.75,24004.33,1,3.0
CUST12198,Ankit Sharma,187600.0,17744.96,1,5.0
CUST20519,Sanjay Behera,187582.25,15308.04,1,5.0
CUST22044,Suresh Rao,187562.25,36754.0,1,3.0
CUST20278,Abhishek Sharma,187501.5,23017.608500000013,1,3.0
CUST21687,Rahul Kumar,187501.5,27298.56,1,5.0
CUST13320,Raj Reddy,187443.0,22155.6,1,5.0
CUST12674,Vivek Nayak,187380.0,41439.32,1,4.0
CUST16039,Sanjay Mishra,187350.0,45738.44,1,3.0
CUST19782,Suresh Mohanty,187331.25,33679.18,1,5.0
CUST28082,Nisha Dutta,187316.0,9693.7,1,5.0
CUST23126,Akash Mehta,187315.2,40963.89,1,4.0
CUST19057,Kavita Panda,187290.59999999998,31594.63,1,3.0
CUST25983,Kavita Singh,187288.69999999998,14253.01,1,2.0
CUST23142,Pooja Behera,187286.40000000002,36797.82,1,3.0
CUST27723,Amit Yadav,187242.15,20576.99,1,3.0
CUST22154,Kavita Patel,187231.5,38011.03,1,5.0
CUST27584,Swati Dutta,187193.8,26247.51,1,4.0
CUST27931,Vivek Panda,187153.8,44376.43,1,2.0
CUST24964,Shreya Sahu,187143.75,44705.94,1,3.0
CUST10362,Karan Gupta,187136.0,11698.43,1,4.0
CUST16335,Amit Reddy,187135.75,26279.63,1,5.0
CUST14527,Manish Behera,187123.5,36989.57,1,5.0
CUST15500,Nisha Sharma,187119.59999999998,46556.33,1,4.0
CUST28191,Swati Mishra,187116.75,18858.81,1,5.0
CUST19528,Rohit Das,187068.0,39181.33,1,2.0
CUST22657,Karan Mohanty,187060.69999999998,13940.44,1,2.0
CUST25939,Shreya Mohanty,187019.0,28967.98,1,5.0
CUST22355,Kavita Sahu,186967.19999999998,44335.37,1,3.0
CUST16603,Nisha Sahu,186940.80000000002,32735.36,1,4.0
CUST13618,Riya Yadav,186912.0,27535.15,1,5.0
CUST13541,Rahul Singh,186906.8,19552.43,1,4.0
CUST21520,Swati Yadav,186876.80000000002,19214.86,1,4.0
CUST12598,Deepak Mehta,186853.5,32038.24,1,3.0
CUST10945,Ankit Rao,186841.6,19296.16,1,4.0
CUST28856,Manish Rao,186823.2,38038.75,1,3.0
CUST28373,Swati Pradhan,186795.0,33046.49,1,5.0
CUST23408,Pooja Dutta,186793.6,34712.71,1,4.0
CUST17411,Priya Mishra,186748.8,31179.95,1,4.0
CUST10984,Arjun Mishra,186673.19999999998,36857.79,1,4.0
CUST14984,Neha Dutta,186639.0,45518.34,1,4.0
CUST27321,Neha Sharma,186596.25,31801.39,1,3.0
CUST10813,Rahul Reddy,186584.0,13277.33,1,4.0
CUST13621,Pooja Mehta,186558.15,45008.56,1,3.0
CUST14311,Karan Das,186547.19999999998,17545.89,1,4.0
CUST27691,Anjali Verma,186543.0,39596.43,1,5.0
CUST21316,Raj Gupta,186528.0,45264.67,1,2.0
CUST23792,Nisha Rao,186527.59999999998,34340.97,1,4.0
CUST21179,Neha Patel,186508.80000000002,33999.95,1,4.0
CUST19723,Karan Jain,186494.0,42510.54,1,2.0
CUST18717,Priya Sharma,186475.0,12788.7,1,5.0
CUST26363,Anjali Nayak,186474.0,38760.84,1,3.0
CUST20850,Sneha Das,186454.8,13806.85,1,3.0
CUST15569,Priya Pradhan,186451.2,31885.51,1,4.0
CUST28187,Shreya Patel,186450.0,23731.45,1,2.0
CUST12007,Akash Mehta,186410.7,11923.3,1,3.0
CUST21309,Amit Das,186405.19999999998,11841.51,1,2.0
CUST18886,Akash Behera,186369.6,40858.12,1,3.0
CUST20243,Manish Jain,186306.4,25956.36,1,4.0
CUST17089,Manish Kumar,186290.25,11668.92,1,5.0
CUST21409,Vivek Kumar,186282.0,44377.24,1,4.0
CUST10160,Manish Reddy,186278.4,33082.49,1,3.0
CUST17374,Pooja Pradhan,186259.5,12656.25,1,3.0
CUST21420,Manish Reddy,186228.0,9913.72,1,3.0
CUST23502,Deepak Dutta,186177.6,33660.4,1,4.0
CUST12346,Vikas Nayak,186153.4,17560.38,1,4.0
CUST26555,Amit Behera,186115.5,30417.76,1,5.0
CUST16626,Sanjay Singh,186030.0,29683.45,1,3.0
CUST12454,Manish Sahu,186014.5,21357.5,1,5.0
CUST22468,Suresh Verma,185988.5,45440.02,1,5.0
CUST12530,Anjali Jain,185964.0,20860.87,1,2.0
CUST22770,Vikas Mohanty,185929.8,23226.45,1,3.0
CUST11395,Ankit Behera,185928.3,22643.64,1,2.0
CUST17793,Nisha Yadav,185910.9,43039.05,1,3.0
CUST19829,Nisha Singh,185873.75,46453.27,1,5.0
CUST25321,Swati Yadav,185850.0,18546.51,1,5.0
CUST14169,Abhishek Behera,185809.5,11347.51,1,3.0
CUST15224,Vikas Singh,185791.5,21361.06,1,3.0
CUST23687,Shreya Behera,185788.80000000002,45843.82,1,3.0
CUST16657,Amit Sharma,185776.3,16685.37,1,2.0
CUST27748,Shreya Nayak,185774.4,44821.83,1,4.0
CUST20784,Rahul Sharma,185772.5,27675.17,1,2.0
CUST21449,Akash Yadav,185759.85,41142.07,1,3.0
CUST27728,Ankit Kumar,185744.0,42705.23,1,2.0
CUST20750,Riya Nayak,185734.5,31837.76,1,3.0
CUST16623,Rahul Patel,185733.0,34827.88,1,4.0
CUST15692,Anjali Patel,185701.59999999998,34482.73,1,4.0
CUST25453,Deepak Mehta,185696.0,13027.03,1,4.0
CUST24220,Vivek Jain,185685.0,16351.65,1,5.0
CUST26704,Deepak Sharma,185652.0,32119.24,1,5.0
CUST22586,Rohit Verma,185623.0,15053.4,1,4.0
CUST10569,Arjun Panda,185564.0,28362.6,1,2.0
CUST20787,Priya Dutta,185554.94999999998,34723.16,1,3.0
CUST13635,Manish Reddy,185543.4,29144.62,1,3.0
CUST28503,Amit Gupta,185541.0,30790.95,1,3.0
CUST18874,Amit Nayak,185526.59999999998,44871.15,1,3.0
CUST27042,Anjali Mohanty,185516.09999999998,20988.4,1,3.0
CUST10372,Sneha Jain,185482.5,27349.96,1,5.0
CUST16093,Karan Yadav,185454.0,35304.42,1,3.0
CUST13286,Shreya Yadav,185451.4,32140.3,1,4.0
CUST21043,Sneha Singh,185426.69999999998,28791.29,1,3.0
CUST26672,Deepak Jain,185419.1,10342.27,1,2.0
CUST13024,Amit Sahu,185395.0,11495.33,1,5.0
CUST12114,Ankit Nayak,185390.6,42966.8,1,2.0
CUST19989,Kavita Yadav,185376.0,9638.83,1,3.0
CUST18519,Riya Yadav,185370.0,39057.71,1,5.0
CUST17659,Karan Rao,185339.69999999998,45330.31,1,3.0
CUST26896,Abhishek Singh,185298.4,28643.57,1,4.0
CUST11650,Karan Sahu,185295.0,38803.88,1,4.0
CUST26049,Raj Gupta,185284.0,9780.62,1,4.0
CUST19025,Swati Mohanty,185260.0,34068.25,1,2.0
CUST20169,Rohit Singh,185228.6,18199.32,1,4.0
CUST26671,Manish Patel,185191.19999999998,25823.89,1,3.0
CUST19154,Swati Verma,185133.6,17053.47,1,3.0
CUST10633,Arjun Nayak,185114.40000000002,12992.87,1,3.0
CUST23476,Sanjay Singh,185107.05,43018.34,1,3.0
CUST15522,Unknown,185068.80000000002,42546.94,1,3.0
CUST11759,Priya Mishra,185064.0,17499.91,1,3.0
CUST25050,Pooja Yadav,185052.4,34471.76,1,4.0
CUST15277,Sanjay Mehta,185028.0,15769.92,1,4.0
CUST19090,Vikas Yadav,184952.0,38094.68,1,2.0
CUST26668,Suresh Dutta,184918.5,10974.61,1,3.0
CUST17549,Rahul Mehta,184908.0,24365.66,1,4.0
CUST16386,Nisha Mishra,184870.75,21994.21,1,5.0
CUST17476,Vikas Rao,184836.75,40409.86,1,5.0
CUST16119,Raj Mohanty,184833.0,32155.59,1,4.0
CUST26297,Rahul Panda,184790.0,27554.26,1,5.0
CUST28388,Vikas Mehta,184762.0,29650.11,1,2.0
CUST17798,Rahul Mishra,184755.0,39728.49,1,3.0
CUST15202,Rohit Reddy,184716.0,39364.33,1,5.0
CUST27195,Akash Sharma,184712.3,30596.27,1,2.0
CUST11223,Suresh Behera,184698.5,18273.56,1,5.0
CUST14899,Rohit Nayak,184674.0,24469.71,1,2.0
CUST20470,Deepak Nayak,184665.6,39068.45,1,4.0
CUST17098,Neha Panda,184660.0,31805.63,1,5.0
CUST15020,Rohit Sharma,184620.0,36695.62,1,2.0
CUST26395,Nisha Kumar,184618.25,28387.14,1,5.0
CUST13390,Kavita Yadav,184586.25,26289.41,1,5.0
CUST18084,Vivek Gupta,184569.0,28882.37,1,4.0
CUST25603,Anjali Patel,184554.0,25122.35,1,4.0
CUST15917,Nisha Kumar,184548.75,18382.76,1,5.0
CUST13326,Abhishek Dutta,184545.0,39383.88,1,5.0
CUST11637,Rahul Panda,184520.0,41676.49,1,5.0
CUST17475,Nisha Patel,184512.0,13462.28,1,2.0
CUST27459,Swati Nayak,184501.0,31453.81,1,5.0
CUST28268,Shreya Singh,184500.0,25735.29,1,2.0
CUST19996,Nisha Sahu,184442.0,27772.01,1,2.0
CUST27801,Nisha Mohanty,184439.8,30220.16,1,4.0
CUST21772,Riya Panda,184435.2,44522.49,1,3.0
CUST15217,Rohit Gupta,184410.0,13027.11,1,3.0
CUST25378,Karan Singh,184405.5,14169.45,1,5.0
CUST18362,Shreya Kumar,184362.44999999998,9600.27,1,3.0
CUST15463,Vivek Sharma,184296.19999999998,33812.83,1,4.0
CUST14271,Shreya Jain,184204.0,18997.35,1,2.0
CUST23247,Neha Sharma,184192.80000000002,40621.24,1,3.0
CUST22535,Arjun Gupta,184157.6,16209.6,1,4.0
CUST21762,Kavita Singh,184149.0,27495.15,1,3.0
CUST24244,Neha Verma,184094.8,22135.47,1,2.0
CUST17436,Arjun Jain,184094.4,18211.86,1,3.0
CUST10011,Anjali Reddy,184089.6,10361.64,1,4.0
CUST15351,Shreya Mishra,184053.0,18793.96,1,3.0
CUST26749,Raj Kumar,184002.0,30658.42,1,5.0
CUST10246,Amit Patel,183958.94999999998,22812.84,1,3.0
CUST11185,Sanjay Singh,183956.0,27932.31,1,4.0
CUST20593,Vivek Rao,183955.0,20926.67,1,5.0
CUST21870,Raj Gupta,183909.6,23279.39,1,3.0
CUST25967,Priya Panda,183886.5,15593.22,1,5.0
CUST12772,Sanjay Kumar,183876.0,21476.14,1,3.0
CUST17626,Neha Dutta,183834.0,10251.89,1,5.0
CUST18906,Rohit Panda,183816.0,13396.32,1,4.0
CUST19861,Rahul Gupta,183804.59999999998,24195.24,1,3.0
CUST19639,Raj Panda,183771.0,35080.71,1,5.0
CUST25593,Suresh Pradhan,183752.8,32850.89,1,4.0
CUST23981,Vikas Yadav,183720.0,32842.98,1,4.0
CUST21799,Deepak Patel,183715.6,28525.81,1,4.0
CUST12999,Vivek Verma,183634.0,26230.7,1,4.0
CUST19150,Unknown,183612.75,27893.29,1,3.0
CUST26337,Sneha Mishra,183612.0,24397.68,1,4.0
CUST19906,Priya Nayak,183595.5,21078.6,1,3.0
CUST24295,Arjun Behera,183570.0,31367.51,1,5.0
CUST24475,Neha Pradhan,183525.3,43200.62,1,3.0
CUST26222,Arjun Patel,183514.5,20399.08,1,5.0
CUST14198,Arjun Sahu,183502.94999999998,11488.34,1,3.0
CUST23388,Manish Singh,183420.0,38341.27,1,5.0
CUST22955,Riya Yadav,183413.85,19877.68,1,3.0
CUST18951,Vikas Singh,183397.5,33848.15,1,3.0
CUST24543,Shreya Dutta,183391.2,34467.6,1,3.0
CUST23002,Arjun Sharma,183372.75,23682.76,1,3.0
CUST25471,Priya Dutta,183348.4,30646.88,1,4.0
CUST25974,Pooja Mehta,183301.65,30595.97,1,3.0
CUST10424,Abhishek Rao,183249.0,22231.63,1,5.0
CUST13319,Manish Dutta,183240.75,40254.61,1,3.0
CUST23913,Sneha Behera,183232.19999999998,40546.4,1,4.0
CUST26316,Raj Mehta,183209.59999999998,31826.19,1,4.0
CUST12072,Manish Rao,183198.8,44785.83,1,4.0
CUST23983,Deepak Yadav,183179.0,13991.71,1,5.0
CUST18583,Rahul Sahu,183171.6,36668.64,1,4.0
CUST10478,Shreya Sahu,183155.69999999998,40788.21,1,3.0
CUST17999,Vivek Behera,183121.05,37541.17,1,3.0
CUST11086,Ankit Patel,183105.0,9809.8,1,5.0
CUST18659,Pooja Sharma,183081.0,24713.87,1,4.0
CUST17253,Manish Gupta,183040.0,15983.55,1,5.0
CUST26636,Anjali Rao,183039.75,22956.0,1,3.0
CUST11420,Anjali Patel,182988.0,23629.12,1,4.0
CUST27642,Pooja Singh,182960.0,11619.87,1,4.0
CUST12720,Pooja Singh,182949.1,14553.84,1,2.0
CUST18085,Raj Panda,182892.8,17574.35,1,4.0
CUST27364,Akash Kumar,182862.9,35542.93,1,3.0
CUST24005,Karan Rao,182859.0,24507.27,1,4.0
CUST19935,Kavita Rao,182851.19999999998,40529.76,1,3.0
CUST26301,Swati Mohanty,182821.8,41834.18,1,4.0
CUST11287,Vikas Jain,182781.0,24717.53,1,5.0
CUST26036,Suresh Sharma,182751.0,39533.49,1,4.0
CUST14078,Rahul Patel,182675.5,36805.85,1,2.0
CUST10532,Akash Dutta,182636.80000000002,17991.34,1,4.0
CUST26353,Sneha Mohanty,182634.75,14288.96,1,3.0
CUST13654,Neha Sahu,182628.0,11309.5,1,3.0
CUST16347,Vivek Jain,182611.8,23908.7,1,3.0
CUST21184,Anjali Singh,182609.0,28976.4,1,4.0
CUST28892,Ankit Mehta,182584.80000000002,31874.05,1,3.0
CUST22162,Karan Pradhan,182568.4,17450.09,1,4.0
CUST15340,Akash Mohanty,182560.0,44631.24,1,2.0
CUST10507,Priya Nayak,182557.05,35238.08,1,3.0
CUST20286,Vikas Verma,182551.94999999998,15538.49,1,3.0
CUST26809,Neha Pradhan,182510.19999999998,36987.36,1,2.0
CUST19663,Shreya Sahu,182505.6,44510.88,1,3.0
CUST17849,Priya Das,182504.0,14788.54,1,4.0
CUST12929,Amit Nayak,182472.0,29969.09,1,4.0
CUST12249,Rahul Dutta,182448.0,11870.52,1,5.0
CUST28195,Sneha Patel,182412.0,27652.69,1,5.0
CUST16601,Vivek Dutta,182396.0,29539.26,1,5.0
CUST27089,Nisha Jain,182393.1,18779.5,1,3.0
CUST16768,Abhishek Pradhan,182385.0,10583.97,1,5.0
CUST16954,Rohit Patel,182379.0,11038.44,1,4.0
CUST26159,Vikas Yadav,182372.4,21136.26,1,4.0
CUST13403,Amit Singh,182356.3,16728.24,1,2.0
CUST28835,Ankit Mehta,182336.4,31555.98,1,4.0
CUST21816,Rahul Sahu,182309.4,34823.94,1,3.0
CUST15266,Manish Mishra,182286.0,22115.75,1,4.0
CUST11532,Neha Sahu,182252.75,25804.04,1,5.0
CUST24686,Shreya Patel,182230.0,19836.12,1,2.0
CUST28190,Ankit Singh,182193.0,9318.72,1,4.0
CUST17627,Kavita Panda,182170.0,10137.59,1,2.0
CUST26327,Shreya Panda,182153.0,18867.08,1,2.0
CUST15977,Sneha Reddy,182108.0,25413.05,1,2.0
CUST19079,Anjali Mishra,182096.0,40327.83,1,5.0
CUST24702,Kavita Nayak,182042.69999999998,12675.96,1,3.0
CUST16681,Akash Kumar,182039.19999999998,25284.78,1,4.0
CUST22903,Akash Patel,182031.75,23678.05,1,5.0
CUST22990,Vivek Mohanty,182026.65,41471.71,1,3.0
CUST19543,Abhishek Nayak,182004.75,22226.71,1,3.0
CUST19358,Sneha Rao,181965.0,38414.77,1,4.0
CUST12600,Anjali Mehta,181927.19999999998,18096.05,1,3.0
CUST16695,Deepak Panda,181904.1,43780.09,1,2.0
CUST26591,Vikas Reddy,181875.0,34666.77,1,4.0
CUST25084,Anjali Sharma,181858.5,35875.61,1,2.0
CUST22462,Rohit Sharma,181832.85,15416.39,1,3.0
CUST19646,Karan Patel,181791.0,34139.05,1,3.0
CUST21102,Ankit Kumar,181764.0,26935.79,1,5.0
CUST15465,Swati Kumar,181713.0,31476.41,1,3.0
CUST27675,Ankit Kumar,181706.5,42189.78,1,2.0
CUST25960,Sneha Dutta,181682.4,31408.06,1,3.0
CUST12681,Sanjay Nayak,181681.8,43103.42,1,2.0
CUST23003,Akash Patel,181672.5,20567.06,1,5.0
CUST19911,Akash Patel,181643.0,44403.58,1,5.0
CUST10653,Manish Das,181629.0,31912.36,1,3.0
CUST22174,Manish Pradhan,181624.8,22677.31,1,2.0
CUST22108,Arjun Sahu,181606.5,27603.81,1,3.0
CUST10222,Manish Patel,181602.0,17792.42,1,2.0
CUST18156,Abhishek Nayak,181591.19999999998,20281.32,1,3.0
CUST28395,Sneha Mehta,181552.5,40173.98,1,3.0
CUST28352,Deepak Nayak,181548.0,26530.15,1,3.0
CUST10588,Anjali Mohanty,181534.5,13862.22,1,3.0
CUST24374,Sneha Patel,181524.0,16541.53,1,4.0
CUST13866,Raj Yadav,181482.3,32919.09,1,2.0
CUST24196,Riya Rao,181472.8,38942.23,1,2.0
CUST12046,Amit Singh,181452.0,23121.39,1,4.0
CUST13099,Sanjay Kumar,181396.0,36786.24,1,2.0
CUST18333,Sneha Jain,181365.75,12514.24,1,3.0
CUST14943,Rahul Singh,181348.2,38163.82,1,3.0
CUST26688,Kavita Yadav,181322.0,26701.64,1,2.0
CUST21858,Swati Nayak,181267.6,22663.39,1,4.0
CUST19902,Neha Behera,181209.0,39820.91,1,3.0
CUST16301,Amit Pradhan,181176.0,26289.18,1,4.0
CUST22112,Amit Mishra,181169.0,23763.75,1,5.0
CUST10413,Akash Yadav,181142.0,27197.06,1,2.0
CUST20684,Vivek Sharma,181128.9,19038.94,1,2.0
CUST15555,Sanjay Gupta,181124.0,20813.75,1,2.0
CUST24772,Manish Pradhan,181111.19999999998,26296.7,1,4.0
CUST13899,Raj Panda,181104.0,17237.1,1,3.0
CUST20216,Karan Reddy,181095.0,38269.1,1,5.0
CUST24272,Suresh Jain,181089.3,25219.66,1,3.0
CUST10755,Kavita Behera,181010.40000000002,13429.55,1,3.0
CUST10742,Sanjay Patel,180997.2,38930.99,1,4.0
CUST27876,Vikas Mohanty,180992.19999999998,17970.77,1,4.0
CUST10790,Abhishek Nayak,180863.19999999998,12370.48,1,4.0
CUST27275,Amit Kumar,180859.5,44062.29,1,3.0
CUST17697,Neha Sharma,180823.94999999998,44174.08,1,3.0
CUST15911,Raj Reddy,180812.80000000002,35806.04,1,4.0
CUST21027,Manish Gupta,180684.0,17513.83,1,3.0
CUST27832,Karan Jain,180670.0,21700.99,1,2.0
CUST10909,Karan Nayak,180669.6,34032.62,1,3.0
CUST25712,Manish Jain,180667.19999999998,21074.34,1,3.0
CUST14926,Ankit Rao,180659.7,30646.98,1,3.0
CUST25142,Rohit Kumar,180616.5,40411.4,1,3.0
CUST15373,Amit Patel,180540.0,36119.63,1,5.0
CUST26167,Vikas Behera,180517.5,42427.57,1,3.0
CUST13852,Priya Reddy,180515.2,22365.02,1,4.0
CUST17690,Nisha Yadav,180513.0,37204.77,1,4.0
CUST18715,Priya Jain,180479.40682298483,32874.85,1,4.0
CUST13760,Amit Behera,180479.40682298483,31421.65,1,4.0
CUST22661,Ankit Gupta,180479.40682298483,26645.61,1,4.0
CUST12906,Shreya Dutta,180479.40682298483,32306.34940000004,1,4.0
CUST24204,Unknown,180479.40682298483,27936.57,1,4.0
CUST20215,Priya Nayak,180479.40682298483,48461.39,1,4.0
CUST14076,Nisha Mohanty,180479.40682298483,3091.11,1,4.0
CUST14354,Priya Sahu,180472.0,38091.99,1,5.0
CUST10938,Amit Reddy,180458.4,15126.16,1,4.0
CUST22476,Kavita Jain,180420.75,19841.27,1,3.0
CUST24054,Suresh Singh,180324.0,40397.73,1,5.0
CUST25673,Suresh Mehta,180315.24,24388.37,1,3.0
CUST21223,Manish Verma,180314.4,41634.3,1,4.0
CUST13859,Riya Mishra,180308.09999999998,28628.08,1,3.0
CUST13646,Karan Pradhan,180292.5,16500.34,1,5.0
CUST19370,Vivek Pradhan,180256.8,11400.8,1,4.0
CUST23694,Rahul Behera,180243.0,28198.65,1,4.0
CUST26840,Suresh Verma,180228.0,20724.96,1,4.0
CUST23691,Akash Kumar,180216.15,32835.04,1,3.0
CUST21759,Riya Mishra,180206.1,44402.32,1,3.0
CUST12961,Rohit Mehta,180188.4,11818.57,1,2.0
CUST25363,Suresh Jain,180144.75,10843.97,1,5.0
CUST25184,Anjali Yadav,180093.0,9220.73,1,4.0
CUST18538,Rahul Verma,180078.75,39594.7,1,3.0
CUST23734,Sanjay Gupta,180045.59999999998,14468.06,1,3.0
CUST22789,Ankit Kumar,180012.0,34248.28,1,3.0
CUST10251,Shreya Mishra,180000.0,28490.67,1,4.0
CUST20489,Karan Mehta,179994.6,34480.03,1,4.0
CUST13470,Sanjay Behera,179986.65,16061.7,1,3.0
CUST19746,Neha Mishra,179947.1,37166.0,1,2.0
CUST19649,Amit Singh,179945.19999999998,35495.13,1,4.0
CUST25751,Anjali Singh,179944.8,31560.11,1,3.0
CUST18744,Arjun Kumar,179943.0,14299.16,1,3.0
CUST23571,Sanjay Panda,179914.8,22129.91,1,2.0
CUST26600,Pooja Gupta,179905.05,14378.69,1,3.0
CUST28112,Abhishek Behera,179891.2,28327.3,1,4.0
CUST16094,Vivek Reddy,179854.05,11772.37,1,3.0
CUST16221,Pooja Nayak,179848.19999999998,38003.73,1,3.0
CUST19494,Vikas Das,179848.0,32080.52,1,2.0
CUST21701,Raj Pradhan,179834.4,17203.23,1,4.0
CUST12422,Ankit Das,179822.6,9201.22,1,4.0
CUST23482,Neha Dutta,179816.0,27965.53,1,4.0
CUST23708,Arjun Dutta,179774.1,19311.24,1,3.0
CUST18857,Vivek Das,179769.6,30523.44,1,4.0
CUST20641,Swati Verma,179748.8,27682.57,1,4.0
CUST12098,Shreya Singh,179718.0,39881.85,1,2.0
CUST25277,Vikas Nayak,179684.0,41964.22,1,2.0
CUST28827,Riya Patel,179679.19999999998,14055.57,1,4.0
CUST15145,Rohit Rao,179673.0,24407.9,1,4.0
CUST25515,Abhishek Singh,179669.69999999998,23622.87,1,2.0
CUST13764,Ankit Panda,179588.0,38296.31,1,5.0
CUST19479,Amit Das,179570.40000000002,34136.04,1,3.0
CUST12440,Ankit Kumar,179570.25,30862.97,1,3.0
CUST11787,Manish Panda,179537.85,26068.29,1,3.0
CUST20454,Rohit Sharma,179523.0,24040.14,1,2.0
CUST21963,Priya Jain,179456.0,44331.26,1,5.0
CUST20442,Priya Singh,179433.0,40819.34,1,4.0
CUST22884,Manish Sahu,179424.0,31080.86,1,2.0
CUST17871,Rahul Behera,179398.8,16294.4,1,4.0
CUST11719,Nisha Jain,179384.4,16049.21,1,2.0
CUST28048,Raj Rao,179353.80000000002,37106.4,1,2.0
CUST17052,Abhishek Pradhan,179352.4,13591.83,1,2.0
CUST25077,Shreya Singh,179352.0,40478.17,1,5.0
CUST12710,Nisha Behera,179308.0,24259.04,1,5.0
CUST22126,Abhishek Patel,179291.0,13103.78,1,5.0
CUST23260,Pooja Sahu,179280.0,20365.3,1,2.0
CUST18122,Shreya Sahu,179280.0,16579.3,1,5.0
CUST18961,Vivek Jain,179251.4,19258.03,1,4.0
CUST22202,Pooja Dutta,179234.6,17984.89,1,4.0
CUST25144,Pooja Pradhan,179234.4,23277.38,1,4.0
CUST10363,Vikas Dutta,179231.25,36941.57,1,5.0
CUST24864,Neha Verma,179203.8,38824.6,1,4.0
CUST17277,Manish Jain,179174.09999999998,42688.84,1,3.0
CUST24848,Swati Jain,179172.0,31000.0,1,2.0
CUST10176,Vikas Sahu,179139.19999999998,39462.53,1,4.0
CUST21603,Unknown,179133.75,13985.73,1,3.0
CUST15651,Kavita Sharma,179132.0,33337.1,1,2.0
CUST13133,Amit Jain,179118.69999999998,43466.59,1,2.0
CUST21231,Pooja Jain,179056.80000000002,12910.29,1,3.0
CUST11205,Shreya Pradhan,179052.0,20071.83,1,3.0
CUST10946,Neha Gupta,179048.25,16956.87,1,3.0
CUST18973,Vivek Gupta,179028.75,23028.8,1,5.0
CUST18252,Pooja Mohanty,179027.5,25252.58,1,2.0
CUST13476,Deepak Kumar,178995.6,18060.03,1,4.0
CUST10952,Vikas Dutta,178986.5,32879.41,1,5.0
CUST10430,Abhishek Gupta,178959.9,43862.11,1,3.0
CUST10330,Sneha Behera,178946.25,27376.39,1,5.0
CUST13926,Suresh Nayak,178908.0,20943.57,1,4.0
CUST26722,Riya Verma,178906.0,16739.17,1,2.0
CUST16133,Sneha Mohanty,178878.0,35936.71,1,4.0
CUST25649,Karan Kumar,178867.2,21535.35,1,4.0
CUST25399,Deepak Patel,178863.15,40874.43,1,3.0
CUST27458,Raj Verma,178848.0,20474.07,1,4.0
CUST20770,Amit Das,178828.94999999998,40987.48,1,3.0
CUST11294,Riya Mohanty,178825.5,18278.36,1,3.0
CUST17986,Vikas Singh,178788.6,9528.19,1,2.0
CUST26515,Amit Mehta,178762.65,30071.74,1,3.0
CUST28870,Karan Gupta,178714.0,39887.46,1,2.0
CUST27922,Manish Jain,178693.2,10166.22,1,4.0
CUST14154,Arjun Gupta,178629.6,29395.79,1,3.0
CUST12484,Raj Rao,178626.6,27912.57,1,3.0
CUST11030,Riya Mehta,178624.80000000002,8964.93,1,3.0
CUST22057,Neha Kumar,178614.75,22337.69,1,3.0
CUST17889,Kavita Dutta,178610.4,23445.77,1,4.0
CUST28415,Neha Reddy,178594.5,23967.16,1,5.0
CUST25541,Manish Dutta,178569.0,14248.02,1,4.0
CUST28193,Riya Mehta,178552.5,42705.49,1,5.0
CUST16158,Sanjay Patel,178512.0,19109.2,1,2.0
CUST11653,Neha Das,178505.0,14066.92,1,4.0
CUST10603,Shreya Panda,178494.4,16697.26,1,4.0
CUST20821,Vivek Yadav,178468.0,20417.54,1,4.0
CUST11677,Rahul Singh,178467.75,34153.17,1,3.0
CUST13316,Suresh Reddy,178444.0,43963.7,1,5.0
CUST17058,Rohit Verma,178407.0,14253.19,1,5.0
CUST12002,Priya Sahu,178337.8,14463.68,1,4.0
CUST24756,Neha Mohanty,178324.0,13111.32,1,2.0
CUST27350,Rohit Das,178300.75,22707.43,1,5.0
CUST15233,Ankit Singh,178228.0,19440.23,1,2.0
CUST15242,Karan Reddy,178202.7,38973.73,1,3.0
CUST14699,Deepak Kumar,178198.2,12209.78,1,2.0
CUST27836,Rohit Mehta,178180.8,10195.72,1,4.0
CUST23561,Sneha Das,178128.0,33677.28,1,4.0
CUST21562,Rahul Mohanty,178096.5,28193.59,1,5.0
CUST27986,Shreya Mishra,178086.6,30469.39,1,2.0
CUST18425,Abhishek Verma,178054.6,28919.22,1,4.0
CUST27612,Arjun Panda,178044.0,41517.28,1,3.0
CUST19909,Sanjay Mohanty,178013.25,24236.75,1,3.0
CUST16804,Swati Verma,178005.6,31619.08,1,4.0
CUST17232,Priya Dutta,177983.4,38010.04,1,3.0
CUST18964,Nisha Patel,177977.75,34320.98,1,5.0
CUST16928,Ankit Pradhan,177976.4,16150.48,1,4.0
CUST20371,Ankit Mishra,177948.0,31228.8,1,3.0
CUST17181,Rahul Dutta,177928.0,15531.34,1,4.0
CUST17678,Manish Patel,177873.6,31382.196066666667,1,3.0
CUST15237,Manish Yadav,177836.4,31651.22,1,2.0
CUST18873,Kavita Mehta,177806.25,32438.99,1,5.0
CUST12318,Deepak Verma,177798.0,26306.49,1,4.0
CUST12414,Suresh Behera,177737.55,29203.21,1,3.0
CUST23780,Rohit Mishra,177729.9,41280.24,1,3.0
CUST18126,Swati Gupta,177718.0,28981.8,1,4.0
CUST25326,Vikas Rao,177697.5,39333.13,1,5.0
CUST14175,Pooja Verma,177667.0,23841.48,1,4.0
CUST12520,Shreya Das,177636.4,14306.75,1,4.0
CUST22811,Anjali Patel,177630.0,14732.92,1,3.0
CUST22536,Raj Reddy,177616.80000000002,44067.9,1,4.0
CUST27519,Neha Dutta,177604.4,24946.15,1,4.0
CUST10609,Deepak Kumar,177603.0,9999.51,1,3.0
CUST28095,Ankit Verma,177583.5,16904.91,1,5.0
CUST24907,Riya Mohanty,177561.0,27554.85,1,4.0
CUST18698,Neha Rao,177481.80000000002,28723.93,1,2.0
CUST24391,Sneha Dutta,177480.0,24234.98,1,2.0
CUST15229,Arjun Singh,177465.6,40451.74,1,3.0
CUST15292,Vivek Yadav,177463.80000000002,11178.0,1,2.0
CUST17330,Priya Das,177459.2,22548.62,1,4.0
CUST25507,Shreya Mishra,177450.5,39094.68,1,2.0
CUST12105,Amit Yadav,177445.8,43847.29,1,3.0
CUST10399,Rohit Verma,177424.0,16354.46,1,4.0
CUST15570,Amit Mehta,177412.5,15765.83,1,3.0
CUST22497,Shreya Das,177399.0,36391.67,1,5.0
CUST24257,Rohit Pradhan,177343.2,37889.06,1,3.0
CUST25677,Deepak Mehta,177285.6,17451.75,1,2.0
CUST22273,Amit Mishra,177278.0,20298.16,1,2.0
CUST27546,Amit Behera,177240.0,31001.29,1,5.0
CUST11138,Sneha Pradhan,177233.0,44171.61,1,5.0
CUST25761,Arjun Das,177216.8,24762.13,1,2.0
CUST26633,Raj Rao,177205.4,18481.31,1,4.0
CUST25327,Neha Mohanty,177112.8,9189.26,1,4.0
CUST11299,Shreya Patel,177022.80000000002,34302.21,1,4.0
CUST20161,Amit Mishra,177007.2,30241.85,1,3.0
CUST23585,Nisha Behera,176982.30000000002,10910.65,1,3.0
CUST25635,Amit Reddy,176977.5,27949.39,1,5.0
CUST19855,Vivek Behera,176956.0,21295.56,1,5.0
CUST13257,Priya Nayak,176944.80000000002,12286.54,1,3.0
CUST16765,Raj Singh,176937.5,36500.52,1,5.0
CUST19028,Manish Yadav,176932.0,38099.94,1,4.0
CUST17387,Deepak Mohanty,176888.0,41195.66,1,5.0
CUST11920,Akash Pradhan,176875.2,39010.84,1,3.0
CUST16168,Shreya Yadav,176850.8,19070.84,1,4.0
CUST23829,Vivek Mohanty,176842.80000000002,40703.07,1,4.0
CUST25778,Akash Patel,176826.0,33584.7,1,2.0
CUST28301,Riya Verma,176806.8,27412.8,1,4.0
CUST10728,Riya Mehta,176760.0,42741.42,1,4.0
CUST25043,Akash Nayak,176758.2,28811.65,1,2.0
CUST11117,Pooja Yadav,176756.4,33390.77,1,4.0
CUST17013,Shreya Mohanty,176751.0,17228.8,1,2.0
CUST10978,Shreya Das,176742.0,42286.04,1,3.0
CUST26065,Kavita Sharma,176729.0,14288.85,1,5.0
CUST17056,Abhishek Verma,176683.5,35650.7,1,5.0
CUST15770,Kavita Verma,176682.9,32636.45,1,2.0
CUST23827,Vivek Yadav,176651.25,24592.46,1,3.0
CUST25848,Nisha Mehta,176614.2,21069.23,1,2.0
CUST11098,Vikas Dutta,176556.0,12143.87,1,2.0
CUST14123,Nisha Sahu,176533.2,30065.61,1,2.0
CUST27308,Arjun Mehta,176464.4,35187.5,1,2.0
CUST21626,Deepak Dutta,176451.75,41301.62,1,3.0
CUST11106,Amit Patel,176450.0,9133.58,1,2.0
CUST17393,Manish Singh,176448.3,18275.77,1,3.0
CUST10838,Swati Kumar,176388.30000000002,43627.77,1,3.0
CUST27344,Nisha Yadav,176380.2,24279.97,1,3.0
CUST14769,Pooja Behera,176293.80000000002,24360.29,1,2.0
CUST18597,Akash Mohanty,176272.80000000002,41005.9,1,3.0
CUST15806,Swati Mehta,176272.2,13468.3,1,3.0
CUST11944,Karan Nayak,176229.0,34875.14,1,5.0
CUST13258,Shreya Patel,176210.0,12403.55,1,5.0
CUST16302,Pooja Sharma,176208.0,36860.98,1,4.0
CUST26987,Pooja Sahu,176164.0,42611.64,1,5.0
CUST20607,Suresh Jain,176134.5,40106.51,1,3.0
CUST13378,Vikas Mohanty,176134.0,33472.85,1,4.0
CUST11198,Rahul Mohanty,176127.0,11635.53,1,3.0
CUST28213,Amit Behera,176125.5,33168.13,1,3.0
CUST23451,Priya Panda,176125.25,28707.18,1,5.0
CUST18530,Deepak Mehta,176071.0,30942.65,1,5.0
CUST25532,Vikas Dutta,176044.80000000002,9229.81,1,4.0
CUST14782,Shreya Mohanty,176044.5,36702.88,1,5.0
CUST13043,Kavita Nayak,176028.3,41237.01,1,3.0
CUST11104,Anjali Rao,176028.3,31536.89,1,3.0
CUST19620,Rahul Nayak,176017.5,26031.25,1,5.0
CUST19917,Sneha Dutta,176014.0,25025.5,1,2.0
CUST24708,Karan Reddy,175998.9,24444.1,1,3.0
CUST27641,Deepak Nayak,175990.5,18456.04,1,5.0
CUST18826,Arjun Mehta,175989.4,38193.76,1,4.0
CUST10833,Anjali Singh,175974.75,27446.21,1,3.0
CUST27030,Karan Mehta,175966.6,17660.98,1,2.0
CUST26198,Akash Mohanty,175955.5,19429.57,1,5.0
CUST24703,Shreya Kumar,175933.8,11620.95,1,3.0
CUST10294,Nisha Pradhan,175905.0,14959.73,1,5.0
CUST12353,Manish Rao,175856.8,33735.43,1,4.0
CUST27978,Vikas Jain,175830.75,23350.9,1,3.0
CUST13782,Nisha Mohanty,175827.9,11681.36,1,3.0
CUST10662,Vivek Sahu,175824.0,30940.54,1,4.0
CUST22564,Sneha Yadav,175821.6,37443.66,1,3.0
CUST18316,Deepak Reddy,175795.19999999998,12435.5,1,4.0
CUST26203,Vikas Reddy,175746.19999999998,36223.71,1,2.0
CUST27435,Vivek Nayak,175664.5,31327.85,1,5.0
CUST27865,Amit Behera,175662.9,30550.08,1,3.0
CUST14421,Manish Yadav,175648.0,42546.93,1,5.0
CUST16307,Kavita Das,175622.4,17174.25,1,2.0
CUST19081,Kavita Das,175604.0,25386.22,1,2.0
CUST26819,Sneha Verma,175562.1,31671.84,1,3.0
CUST27210,Sanjay Mehta,175542.0,9401.01,1,2.0
CUST14111,Neha Rao,175539.1,13112.63,1,2.0
CUST21358,Shreya Gupta,175518.0,39061.78,1,4.0
CUST10163,Akash Mohanty,175479.0,22493.11,1,3.0
CUST13831,Anjali Reddy,175466.08996679078,41028.13,1,5.0
CUST14688,Akash Pradhan,175466.08996679078,20334.39,1,5.0
CUST25676,Raj Singh,175466.08996679078,1807.34,1,5.0
CUST13019,Neha Dutta,175466.08996679078,12107.63,1,5.0
CUST26611,Anjali Dutta,175413.0,43309.74,1,5.0
CUST24211,Raj Panda,175412.0,34754.79,1,4.0
CUST20162,Sanjay Kumar,175336.0,18708.02,1,5.0
CUST12808,Nisha Mohanty,175305.6,34616.24,1,2.0
CUST26274,Riya Reddy,175288.5,34198.72,1,3.0
CUST23303,Pooja Mishra,175276.0,41875.34,1,4.0
CUST19014,Anjali Sharma,175195.2,13180.32,1,3.0
CUST27126,Akash Sahu,175194.0,42737.38,1,3.0
CUST10129,Anjali Sahu,175191.8,28325.45,1,4.0
CUST14017,Abhishek Reddy,175183.8,15889.45,1,4.0
CUST12236,Vikas Patel,175155.0,25221.97,1,3.0
CUST17894,Priya Mohanty,175135.5,15382.07,1,5.0
CUST26802,Neha Mehta,175095.75,27708.16,1,5.0
CUST14545,Manish Rao,175059.0,26764.95,1,2.0
CUST24014,Swati Kumar,175050.0,13396.32,1,3.0
CUST26643,Deepak Mohanty,175010.40000000002,25594.45,1,3.0
CUST23484,Abhishek Mehta,175000.0,26526.8,1,5.0
CUST10897,Karan Jain,174909.0,13976.95,1,3.0
CUST21974,Akash Sharma,174837.0,26058.07,1,4.0
CUST19681,Akash Mohanty,174836.1,19170.46,1,3.0
CUST24074,Abhishek Pradhan,174811.4,21357.49,1,4.0
CUST27770,Kavita Sahu,174800.0,43290.71,1,5.0
CUST26861,Swati Verma,174726.0,25788.39,1,4.0
CUST28051,Vivek Mehta,174663.0,11398.06,1,2.0
CUST28882,Kavita Patel,174642.75,31410.45,1,3.0
CUST12887,Nisha Mehta,174641.4,13247.27,1,2.0
CUST25543,Riya Sharma,174620.6,18562.85,1,4.0
CUST27006,Rohit Nayak,174596.09999999998,34517.92,1,3.0
CUST23281,Ankit Mishra,174573.0,37968.2,1,4.0
CUST22926,Sneha Rao,174570.1,13731.91,1,2.0
CUST19421,Neha Sharma,174552.6,17222.77,1,4.0
CUST14391,Amit Nayak,174549.19999999998,20216.64,1,4.0
CUST24828,Pooja Dutta,174489.75,30267.65,1,3.0
CUST14979,Pooja Patel,174433.5,37557.55,1,3.0
CUST21163,Sneha Gupta,174430.80000000002,23976.83,1,4.0
CUST16608,Nisha Das,174408.6,25439.6,1,3.0
CUST26275,Nisha Mishra,174407.25,38585.33,1,5.0
CUST17803,Ankit Nayak,174392.8,39723.16,1,4.0
CUST28634,Ankit Kumar,174392.0,41701.51,1,5.0
CUST20532,Neha Sharma,174366.0,34911.92770000003,1,3.0
CUST27327,Rohit Yadav,174342.1,9568.68,1,2.0
CUST19833,Sanjay Rao,174304.80000000002,19493.26,1,3.0
CUST12331,Deepak Reddy,174244.0,22249.68,1,4.0
CUST17683,Manish Yadav,174188.8,36743.6,1,4.0
CUST20695,Riya Das,174114.0,19883.2,1,3.0
CUST24754,Swati Rao,174087.9,34244.8,1,3.0
CUST18521,Shreya Mehta,174066.75,36699.31,1,3.0
CUST25901,Rohit Patel,174065.4,33609.94,1,2.0
CUST21203,Neha Sahu,174045.0,16106.85,1,5.0
CUST18823,Sneha Reddy,174026.25,15430.24,1,5.0
CUST20956,Sneha Mehta,174021.75,24822.53,1,3.0
CUST25227,Manish Dutta,174010.5,28154.16,1,5.0
CUST28857,Nisha Kumar,173982.0,39362.56,1,4.0
CUST26935,Vikas Mishra,173950.69999999998,16624.58,1,2.0
CUST15252,Abhishek Kumar,173944.80000000002,20979.84,1,3.0
CUST22216,Manish Singh,173939.4,30268.8,1,2.0
CUST26451,Suresh Nayak,173938.8,26335.75,1,4.0
CUST21535,Vikas Singh,173913.75,32916.88,1,3.0
CUST10627,Priya Gupta,173911.5,18597.22,1,3.0
CUST10660,Manish Mehta,173911.5,32528.46,1,3.0
CUST26966,Raj Nayak,173901.0,20909.99,1,3.0
CUST11454,Raj Yadav,173900.0,19501.27,1,2.0
CUST20182,Pooja Mishra,173895.75,38401.88,1,3.0
CUST24949,Nisha Singh,173887.2,19328.48,1,3.0
CUST27855,Rahul Reddy,173869.5,14440.55,1,5.0
CUST18089,Nisha Gupta,173786.25,42805.82,1,5.0
CUST28722,Abhishek Yadav,173774.0,39796.55,1,2.0
CUST11314,Sanjay Sharma,173748.0,19934.55,1,3.0
CUST16575,Suresh Nayak,173724.0,13212.46,1,5.0
CUST25291,Raj Das,173707.5,20470.85,1,3.0
CUST20225,Neha Mohanty,173666.40000000002,30838.01,1,3.0
CUST27296,Amit Yadav,173644.8,28197.09,1,3.0
CUST14393,Akash Singh,173637.0,36672.84,1,3.0
CUST13012,Vivek Verma,173628.9,23720.74,1,3.0
CUST26099,Suresh Rao,173561.19999999998,9257.42,1,2.0
CUST20089,Suresh Behera,173511.8,15015.64,1,4.0
CUST12997,Amit Behera,173490.9,10290.39,1,2.0
CUST24309,Ankit Gupta,173480.75,16333.52,1,5.0
CUST10801,Neha Patel,173480.0,16651.25,1,2.0
CUST15494,Ankit Singh,173451.0,30226.8,1,5.0
CUST25996,Abhishek Behera,173427.19999999998,25522.48,1,4.0
CUST14468,Riya Rao,173406.0,18119.95,1,3.0
CUST11013,Amit Jain,173346.0,37174.91,1,2.0
CUST17488,Rahul Sharma,173320.0,35573.11,1,4.0
CUST15751,Neha Sharma,173290.5,26031.79,1,3.0
CUST13681,Rohit Singh,173288.0,37642.08,1,5.0
CUST17679,Arjun Reddy,173274.0,20719.26,1,4.0
CUST12086,Pooja Singh,173259.0,35187.46,1,3.0
CUST14830,Ankit Behera,173217.3,37471.6,1,3.0
CUST28753,Akash Nayak,173215.0,21704.45,1,5.0
CUST15655,Nisha Rao,173213.0,14309.5,1,4.0
CUST10679,Neha Verma,173128.0,40851.0,1,4.0
CUST17118,Kavita Rao,173036.8,21451.264333333325,1,4.0
CUST15148,Rohit Patel,172995.0,8891.28,1,5.0
CUST13682,Abhishek Patel,172972.80000000002,22150.18,1,2.0
CUST18721,Vivek Das,172964.4,21690.83,1,3.0
CUST26792,Rahul Verma,172960.0,9105.71,1,5.0
CUST17748,Suresh Behera,172936.4,38934.74,1,4.0
CUST14288,Ankit Das,172925.69999999998,8205.05,1,3.0
CUST26086,Abhishek Jain,172920.6,41061.58,1,3.0
CUST15451,Ankit Yadav,172900.0,9182.8,1,2.0
CUST12942,Amit Rao,172863.0,19896.56,1,4.0
CUST26558,Shreya Sharma,172837.3,13744.13,1,2.0
CUST18700,Deepak Sharma,172715.75,12776.84,1,5.0
CUST17293,Amit Kumar,172695.0,42576.97,1,3.0
CUST22423,Amit Reddy,172689.3,11432.76,1,3.0
CUST12491,Rahul Kumar,172646.40000000002,33955.04,1,4.0
CUST15964,Shreya Singh,172642.65,36201.39,1,3.0
CUST25477,Sanjay Yadav,172558.4,18203.9,1,4.0
CUST26341,Suresh Yadav,172539.0,20637.04,1,3.0
CUST17658,Manish Mohanty,172499.2,29183.3,1,4.0
CUST18217,Manish Mohanty,172495.80000000002,12244.17,1,2.0
CUST11039,Vikas Mishra,172440.8,9720.72,1,4.0
CUST20316,Shreya Jain,172435.25,35147.72,1,5.0
CUST13529,Vivek Mehta,172400.4,36698.22,1,2.0
CUST28444,Pooja Sahu,172399.5,15798.07,1,3.0
CUST19088,Shreya Yadav,172399.5,13492.18,1,3.0
CUST22869,Raj Singh,172397.13,39974.72,1,3.0
CUST23844,Deepak Sahu,172395.0,28618.26,1,5.0
CUST26627,Swati Sahu,172390.4,16930.77,1,4.0
CUST10274,Vikas Jain,172357.2,19497.99,1,4.0
CUST19454,Raj Jain,172353.0,9680.63,1,3.0
CUST20662,Vikas Panda,172347.0,36752.63,1,4.0
CUST13634,Shreya Jain,172261.0,33045.03,1,4.0
CUST28784,Ankit Pradhan,172256.0,42199.46,1,4.0
CUST17920,Manish Patel,172254.0,28745.73,1,3.0
CUST28479,Shreya Reddy,172242.0,31463.12,1,5.0
CUST23207,Riya Dutta,172196.0,38672.89,1,4.0
CUST22571,Abhishek Mohanty,172186.19999999998,27799.27,1,4.0
CUST26594,Sneha Patel,172143.3,10886.3,1,3.0
CUST21481,Suresh Singh,172106.25,15021.78,1,5.0
CUST14013,Swati Rao,172103.75,11828.0,1,5.0
CUST12276,Shreya Mishra,172090.0,31268.97,1,2.0
CUST20817,Priya Das,172065.6,19627.8,1,2.0
CUST18805,Deepak Mehta,172065.0,33758.72,1,4.0
CUST20702,Abhishek Dutta,171973.80000000002,26235.52,1,2.0
CUST12370,Vikas Singh,171882.0,37399.93,1,2.0
CUST12897,Kavita Reddy,171834.0,21313.5,1,2.0
CUST21197,Manish Rao,171815.1,12483.66,1,2.0
CUST24870,Deepak Das,171801.0,23764.45,1,3.0
CUST25909,Riya Kumar,171798.75,19328.44,1,5.0
CUST10416,Pooja Patel,171767.6,28353.99,1,2.0
CUST18320,Nisha Behera,171752.0,30927.0,1,2.0
CUST20693,Arjun Rao,171729.0,22286.6,1,5.0
CUST19939,Suresh Jain,171713.6,39434.62,1,4.0
CUST15174,Neha Behera,171693.19999999998,20999.86,1,4.0
CUST22034,Manish Sharma,171686.4,31222.09,1,3.0
CUST15961,Swati Das,171648.0,40727.77,1,3.0
CUST26530,Amit Jain,171646.0,35620.63,1,2.0
CUST15689,Kavita Sahu,171644.80000000002,16134.17,1,4.0
CUST16193,Karan Nayak,171612.0,11897.14,1,2.0
CUST20842,Manish Reddy,171600.0,24209.04,1,4.0
CUST12802,Pooja Mehta,171585.25,17843.14,1,5.0
CUST25855,Anjali Gupta,171540.0,37564.5,1,3.0
CUST24927,Rahul Mohanty,171453.6,37312.64,1,2.0
CUST11262,Rohit Sahu,171452.80000000002,40950.6,1,4.0
CUST27177,Vivek Pradhan,171439.2,39019.94,1,2.0
CUST24221,Arjun Mohanty,171439.05,20691.8,1,3.0
CUST17213,Arjun Pradhan,171406.80000000002,16934.6,1,2.0
CUST12570,Abhishek Rao,171376.0,12139.92,1,5.0
CUST24608,Vikas Jain,171363.2,16881.39,1,4.0
CUST18249,Swati Verma,171360.0,39009.38,1,4.0
CUST22113,Unknown,171319.19999999998,8851.06,1,2.0
CUST18470,Sneha Pradhan,171288.0,10266.73,1,5.0
CUST18514,Vivek Nayak,171276.44999999998,17620.43,1,3.0
CUST23843,Riya Kumar,171267.75,39744.8,1,3.0
CUST10714,Nisha Behera,171195.0,41736.24,1,3.0
CUST23439,Riya Singh,171182.4,25987.37,1,4.0
CUST22943,Amit Verma,171135.0,27794.65,1,3.0
CUST17515,Shreya Das,171112.65,19097.69,1,3.0
CUST15789,Riya Behera,171106.4,14707.35,1,4.0
CUST24125,Abhishek Yadav,171045.6,14892.48,1,4.0
CUST14561,Rahul Gupta,171026.0,12709.35,1,2.0
CUST16526,Rahul Mishra,171011.5,32806.47,1,5.0
CUST28932,Kavita Sharma,170935.2,11045.84,1,2.0
CUST11654,Suresh Das,170934.0,32140.08,1,4.0
CUST15401,Deepak Nayak,170926.0,16236.2,1,4.0
CUST17295,Vikas Mehta,170917.5,11913.54,1,5.0
CUST12410,Abhishek Verma,170892.0,39440.36,1,4.0
CUST16418,Pooja Singh,170872.69999999998,15234.09,1,2.0
CUST10149,Abhishek Rao,170870.0,41987.25,1,5.0
CUST14693,Raj Behera,170869.5,26791.86,1,3.0
CUST19125,Kavita Nayak,170866.80000000002,27548.5,1,3.0
CUST13572,Manish Verma,170866.80000000002,29017.140466666686,1,4.0
CUST19713,Manish Sharma,170851.2,18159.23,1,3.0
CUST12591,Sneha Sahu,170829.6,18303.07,1,3.0
CUST24576,Deepak Panda,170824.5,14411.96,1,3.0
CUST12777,Swati Dutta,170777.69999999998,27684.38,1,3.0
CUST11864,Deepak Behera,170775.0,32921.71,1,5.0
CUST15709,Vivek Mehta,170758.40000000002,16987.87,1,4.0
CUST15821,Swati Panda,170735.52,10361.27,1,4.0
CUST24085,Karan Patel,170707.5,32625.08,1,3.0
CUST25282,Vikas Yadav,170702.1,15140.06,1,3.0
CUST16752,Abhishek Behera,170692.19999999998,22684.75,1,3.0
CUST28557,Arjun Jain,170689.5,42487.95,1,5.0
CUST12148,Riya Patel,170680.5,26195.37,1,5.0
CUST21704,Amit Das,170679.59999999998,13688.96,1,4.0
CUST16404,Swati Reddy,170669.25,34250.78,1,3.0
CUST11347,Anjali Singh,170628.0,25647.58,1,2.0
CUST14783,Suresh Mehta,170602.9,27262.58,1,2.0
CUST16525,Suresh Jain,170590.5,32962.96,1,3.0
CUST12607,Riya Verma,170575.35,9426.16,1,3.0
CUST23453,Pooja Reddy,170532.0,36426.47,1,2.0
CUST25024,Sanjay Kumar,170525.59999999998,37765.18,1,4.0
CUST12885,Riya Verma,170466.75,4953.96,1,3.0
CUST20972,Swati Patel,170452.77311059675,1271.85,1,4.0
CUST13958,Deepak Mohanty,170452.77311059675,18562.45,1,4.0
CUST22083,Sneha Sharma,170452.77311059675,14613.47,1,4.0
CUST27712,Sneha Kumar,170452.77311059675,29505.12,1,4.0
CUST11900,Raj Das,170405.19999999998,15344.1,1,4.0
CUST27091,Amit Rao,170376.8,34291.88,1,2.0
CUST23793,Vikas Mohanty,170375.09999999998,36656.85,1,3.0
CUST27777,Riya Kumar,170373.0,32667.43,1,3.0
CUST28389,Karan Reddy,170255.85,13838.94,1,3.0
CUST25356,Vikas Verma,170250.0,23424.91,1,2.0
CUST20175,Karan Pradhan,170227.8,28804.5,1,3.0
CUST20262,Karan Kumar,170216.0,26616.73,1,2.0
CUST10743,Sneha Sharma,170199.9,27311.57,1,3.0
CUST23407,Vivek Singh,170175.0,32991.33,1,5.0
CUST24814,Manish Sharma,170103.75,33732.34,1,5.0
CUST12017,Rohit Sahu,170094.0,11912.4,1,4.0
CUST14723,Karan Gupta,170064.0,26043.94,1,3.0
CUST24615,Karan Jain,170034.0,11087.61,1,4.0
CUST13333,Priya Jain,170027.19999999998,32783.05,1,4.0
CUST11364,Akash Jain,169988.0,22251.99,1,5.0
CUST25499,Deepak Pradhan,169977.8,18704.58,1,4.0
CUST24331,Anjali Reddy,169956.0,22001.87,1,3.0
CUST15220,Suresh Pradhan,169894.80000000002,21568.74,1,3.0
CUST27972,Ankit Mishra,169891.35,24371.69,1,3.0
CUST19458,Kavita Pradhan,169811.2,9168.11,1,4.0
CUST12818,Manish Gupta,169803.0,32154.52,1,4.0
CUST10368,Anjali Singh,169799.69999999998,27876.95,1,3.0
CUST23323,Arjun Pradhan,169790.40000000002,35063.71,1,3.0
CUST17640,Neha Gupta,169780.19999999998,24950.11,1,3.0
CUST13531,Karan Mishra,169779.0,21088.51,1,3.0
CUST17188,Amit Panda,169737.0,27510.23,1,4.0
CUST17462,Nisha Jain,169657.2,14275.02,1,2.0
CUST13051,Anjali Patel,169630.2,19263.23,1,2.0
CUST12928,Vikas Mehta,169627.5,17690.84,1,3.0
CUST18167,Suresh Verma,169593.6,40341.31,1,3.0
CUST12814,Rahul Sahu,169506.15,33452.35,1,3.0
CUST11499,Karan Verma,169504.0,21918.2,1,4.0
CUST22172,Akash Reddy,169473.0,13814.71,1,4.0
CUST22329,Raj Sharma,169457.4,38715.09,1,2.0
CUST26479,Ankit Sahu,169449.0,36705.7,1,5.0
CUST19228,Kavita Pradhan,169438.5,10199.15,1,3.0
CUST13050,Kavita Behera,169388.85,27050.29,1,3.0
CUST13367,Sanjay Verma,169372.69999999998,21386.29,1,2.0
CUST25172,Abhishek Nayak,169360.0,17227.64,1,4.0
CUST22340,Sanjay Pradhan,169299.2,32725.14,1,4.0
CUST13808,Swati Gupta,169288.80000000002,25909.26,1,3.0
CUST16685,Raj Dutta,169270.0,36743.65,1,5.0
CUST11758,Kavita Pradhan,169269.1,33716.87,1,2.0
CUST10169,Kavita Mehta,169266.0,42062.04,1,4.0
CUST12593,Manish Mehta,169220.8,28970.14,1,4.0
CUST20630,Arjun Verma,169218.0,12324.44,1,2.0
CUST16709,Raj Singh,169213.8,20768.5,1,3.0
CUST10617,Arjun Nayak,169164.6,29540.8,1,2.0
CUST27227,Priya Nayak,169110.0,19039.42,1,3.0
CUST14953,Abhishek Mohanty,169098.0,27859.45,1,3.0
CUST13726,Rahul Jain,169079.4,42266.46,1,2.0
CUST10116,Suresh Behera,169020.0,41966.83,1,5.0
CUST12211,Vivek Singh,169012.0,17389.64,1,2.0
CUST17325,Ankit Behera,168992.75,28818.57,1,5.0
CUST12985,Priya Mishra,168991.2,36317.22,1,4.0
CUST11751,Riya Dutta,168955.6,21300.04,1,2.0
CUST24092,Ankit Gupta,168952.75,34623.01,1,5.0
CUST26675,Ankit Dutta,168946.0,12540.74,1,4.0
CUST19554,Vikas Reddy,168930.0,24651.43,1,5.0
CUST24630,Arjun Mehta,168871.5,25329.45,1,5.0
CUST18725,Suresh Verma,168810.0,38813.46,1,3.0
CUST10635,Raj Dutta,168810.0,20281.16,1,5.0
CUST12797,Priya Mishra,168777.0,33695.8,1,3.0
CUST20975,Sanjay Panda,168735.0,37039.19,1,3.0
CUST15879,Rahul Sahu,168731.4,18940.1,1,4.0
CUST25726,Deepak Behera,168722.4,39103.4,1,4.0
CUST26189,Vikas Mehta,168721.0,23353.41,1,5.0
CUST28601,Arjun Behera,168670.80000000002,25911.75,1,4.0
CUST17875,Manish Panda,168657.0,20937.39,1,5.0
CUST24647,Karan Sahu,168644.69999999998,10929.36,1,3.0
CUST27957,Riya Das,168642.59999999998,30442.87,1,3.0
CUST18605,Neha Nayak,168636.3,21190.67,1,3.0
CUST20983,Sneha Mohanty,168630.75,32786.29,1,3.0
CUST21541,Swati Panda,168610.4,19413.47,1,4.0
CUST28535,Rahul Behera,168607.80000000002,17089.85,1,2.0
CUST14160,Sanjay Behera,168544.8,19319.56,1,2.0
CUST28449,Amit Behera,168517.80000000002,42018.35,1,3.0
CUST27685,Sneha Das,168490.80000000002,35840.99,1,3.0
CUST28515,Sneha Mehta,168449.25,11000.17,1,3.0
CUST26435,Anjali Yadav,168441.1,37627.5,1,2.0
CUST11279,Amit Singh,168440.25,16046.66,1,3.0
CUST22671,Suresh Dutta,168435.0,36967.04,1,5.0
CUST22441,Rohit Dutta,168431.19999999998,21170.04,1,4.0
CUST27419,Swati Pradhan,168373.1,37302.56,1,2.0
CUST27125,Rahul Reddy,168368.5,21185.82,1,5.0
CUST25196,Abhishek Reddy,168368.5,29760.8,1,5.0
CUST18765,Priya Nayak,168366.6,27899.19,1,3.0
CUST25138,Akash Das,168336.0,27499.97,1,5.0
CUST10510,Vikas Nayak,168326.25,12057.38,1,5.0
CUST15147,Arjun Yadav,168302.0,30293.7,1,2.0
CUST25297,Anjali Gupta,168273.0,37299.0,1,3.0
CUST27998,Ankit Pradhan,168205.5,14767.05,1,5.0
CUST21078,Anjali Mishra,168201.9,26683.32,1,3.0
CUST17147,Vikas Reddy,168159.5,37402.29,1,5.0
CUST23326,Suresh Mohanty,168158.9,12607.7,1,2.0
CUST25061,Anjali Nayak,168144.3,32264.86,1,2.0
CUST27285,Ankit Patel,168140.0,25947.95,1,4.0
CUST28598,Karan Patel,168092.0,21084.38,1,2.0
CUST21823,Amit Nayak,168090.0,28192.04,1,2.0
CUST22688,Swati Das,168057.0,39478.83,1,3.0
CUST26942,Vikas Mishra,168052.5,37827.95,1,3.0
CUST21477,Shreya Dutta,168051.6,18373.33,1,4.0
CUST24227,Shreya Mishra,168039.19999999998,12145.8,1,4.0
CUST15724,Sneha Nayak,167993.6,16878.16,1,4.0
CUST18485,Priya Behera,167948.6,15625.22,1,4.0
CUST20358,Manish Dutta,167913.0,11954.88,1,3.0
CUST15291,Kavita Panda,167912.5,22454.04,1,5.0
CUST14740,Anjali Reddy,167912.0,31431.28,1,4.0
CUST19744,Priya Patel,167910.88,34834.85,1,2.0
CUST28958,Ankit Panda,167903.4,20181.34,1,3.0
CUST19994,Manish Nayak,167839.2,33173.83,1,2.0
CUST16416,Riya Mohanty,167835.6,40783.2,1,4.0
CUST24677,Pooja Mehta,167795.59999999998,27956.04,1,4.0
CUST25027,Neha Patel,167779.8,39727.88,1,3.0
CUST12097,Sanjay Pradhan,167779.5,14818.4,1,3.0
CUST21752,Karan Reddy,167740.0,34864.57,1,5.0
CUST18722,Pooja Pradhan,167715.0,33267.53,1,5.0
CUST15422,Rahul Verma,167673.6,40346.02,1,4.0
CUST14406,Suresh Jain,167651.25,10726.67,1,3.0
CUST14883,Karan Gupta,167611.5,39056.13,1,5.0
CUST20122,Sanjay Yadav,167610.0,38205.78,1,3.0
CUST13798,Priya Sharma,167508.0,29449.85,1,3.0
CUST10058,Shreya Kumar,167502.0,25593.95,1,2.0
CUST27980,Suresh Pradhan,167494.5,25935.94,1,3.0
CUST21469,Sneha Reddy,167494.19999999998,18409.02,1,3.0
CUST27372,Sanjay Patel,167443.19999999998,21523.33,1,2.0
CUST18317,Swati Behera,167408.0,31604.44,1,4.0
CUST26416,Ankit Pradhan,167394.75,32216.07,1,3.0
CUST17088,Arjun Das,167392.5,30449.33,1,5.0
CUST15126,Shreya Sharma,167377.65,27633.68,1,3.0
CUST23854,Priya Rao,167364.0,11170.86,1,4.0
CUST18796,Akash Panda,167361.5,14697.1,1,5.0
CUST19687,Vivek Verma,167330.40000000002,19424.14,1,3.0
CUST15331,Priya Mehta,167310.0,26496.55,1,3.0
CUST25222,Anjali Jain,167296.80000000002,12190.92,1,3.0
CUST14946,Anjali Sahu,167277.59999999998,10729.75,1,4.0
CUST13693,Sneha Jain,167257.9,33284.74,1,2.0
CUST14075,Raj Panda,167228.0,41329.52,1,4.0
CUST21716,Abhishek Rao,167218.05,40342.61,1,3.0
CUST10810,Pooja Patel,167215.5,27658.13,1,5.0
CUST18713,Nisha Mehta,167208.0,26156.69,1,4.0
CUST12960,Swati Sahu,167198.40000000002,16220.7,1,3.0
CUST21715,Pooja Verma,167137.19999999998,23962.02,1,3.0
CUST24923,Pooja Kumar,167122.5,23202.21,1,5.0
CUST10636,Amit Rao,167118.0,21032.92,1,4.0
CUST10356,Manish Dutta,167110.0,28732.81,1,2.0
CUST13714,Priya Mehta,167099.8,9978.03,1,4.0
CUST20411,Manish Singh,167086.0,22135.82,1,5.0
CUST18399,Akash Patel,167084.0,12146.54,1,4.0
CUST13314,Priya Panda,167080.80000000002,32242.2,1,3.0
CUST24481,Vikas Panda,167067.0,39202.26,1,4.0
CUST10750,Deepak Behera,167052.0,24468.31,1,4.0
CUST23222,Riya Patel,167027.4,20651.68,1,3.0
CUST12707,Vivek Jain,167024.0,26352.17,1,4.0
CUST22004,Ankit Jain,166977.6,22278.32,1,3.0
CUST26782,Abhishek Yadav,166940.0,31701.11,1,4.0
CUST17836,Raj Kumar,166940.0,11577.45,1,5.0
CUST18025,Anjali Patel,166924.8,35325.14,1,3.0
CUST10057,Sanjay Mohanty,166921.2,38497.07,1,2.0
CUST11360,Swati Nayak,166895.0,17444.88,1,5.0
CUST13712,Swati Sahu,166894.94999999998,9776.3,1,3.0
CUST21645,Rohit Reddy,166878.59999999998,18457.43,1,3.0
CUST16616,Vikas Yadav,166867.2,21152.41,1,2.0
CUST24505,Sanjay Singh,166781.9,36385.18,1,2.0
CUST23950,Ankit Sahu,166757.25,37095.14,1,3.0
CUST11172,Vivek Sharma,166741.94999999998,26020.0,1,3.0
CUST20351,Kavita Patel,166739.4,33922.88,1,3.0
CUST27475,Suresh Rao,166716.0,35357.11,1,4.0
CUST10112,Karan Pradhan,166712.0,40253.29,1,2.0
CUST10661,Riya Verma,166711.5,39897.35,1,3.0
CUST10337,Swati Kumar,166683.75,28497.288200000003,1,5.0
CUST14297,Vivek Reddy,166672.0,35082.18,1,2.0
CUST18957,Nisha Reddy,166613.6,33174.7,1,2.0
CUST17440,Arjun Singh,166557.8,12244.68,1,2.0
CUST11845,Rahul Kumar,166557.5,37805.67,1,2.0
CUST28052,Rohit Panda,166547.5,8889.84,1,5.0
CUST21595,Karan Kumar,166530.0,18450.89,1,3.0
CUST23463,Amit Mishra,166498.0,33782.95,1,2.0
CUST23972,Karan Sharma,166466.40000000002,8866.67,1,3.0
CUST12804,Priya Kumar,166441.05,11769.24,1,3.0
CUST25065,Anjali Behera,166434.0,41257.5,1,2.0
CUST20968,Deepak Panda,166428.3,13115.2,1,2.0
CUST23044,Swati Pradhan,166423.19999999998,40483.77,1,2.0
CUST10538,Swati Jain,166408.65,19736.95,1,3.0
CUST15298,Raj Sahu,166385.0,34858.22,1,5.0
CUST21791,Suresh Das,166376.0,32969.75,1,5.0
CUST22831,Manish Das,166368.8,14687.09,1,2.0
CUST16361,Priya Yadav,166360.5,29364.17,1,5.0
CUST19874,Neha Mehta,166357.35,36708.01,1,3.0
CUST14821,Priya Nayak,166354.5,17599.56,1,2.0
CUST17054,Vikas Panda,166339.2,11765.24,1,3.0
CUST23814,Sanjay Yadav,166328.0,31610.17,1,2.0
CUST26100,Karan Verma,166315.5,9836.64,1,3.0
CUST17176,Raj Das,166311.59999999998,21217.97,1,4.0
CUST24983,Rohit Verma,166299.4,29474.9,1,2.0
CUST17996,Ankit Mohanty,166267.80000000002,18081.71,1,2.0
CUST22738,Amit Gupta,166267.1,21995.96,1,2.0
CUST27549,Manish Sharma,166258.4,19775.85,1,4.0
CUST24741,Pooja Mohanty,166201.2,32350.15,1,2.0
CUST11029,Manish Mohanty,166140.0,18647.34,1,4.0
CUST24886,Kavita Verma,166092.5,20121.47,1,5.0
CUST13738,Sneha Pradhan,166076.4,14068.21,1,2.0
CUST22105,Nisha Das,166040.0,24519.17,1,5.0
CUST16935,Rahul Kumar,166018.0,37178.95,1,2.0
CUST15332,Nisha Reddy,166017.59999999998,12126.45,1,4.0
CUST11340,Karan Patel,165981.6,35548.39,1,4.0
CUST18589,Raj Mehta,165942.1,20667.06,1,2.0
CUST25665,Arjun Rao,165927.0,24108.58,1,3.0
CUST25458,Nisha Sahu,165900.0,40185.8,1,5.0
CUST19383,Sanjay Yadav,165894.40000000002,21467.75,1,4.0
CUST22500,Shreya Mohanty,165888.8,31748.03,1,4.0
CUST21431,Vivek Mohanty,165862.19999999998,21379.65,1,4.0
CUST23661,Suresh Das,165825.0,24587.45,1,2.0
CUST14063,Vikas Mishra,165810.15,22188.38,1,3.0
CUST21845,Akash Verma,165778.8,35466.93,1,2.0
CUST24771,Swati Sahu,165716.0,36976.91,1,2.0
CUST14189,Amit Jain,165715.2,22283.84,1,3.0
CUST19912,Suresh Rao,165712.4,30627.63,1,4.0
CUST15740,Deepak Mishra,165685.0,9561.6,1,5.0
CUST20022,Neha Jain,165652.0,19171.84,1,4.0
CUST19811,Nisha Sahu,165642.0,17786.56,1,3.0
CUST14576,Priya Behera,165622.5,38599.81,1,3.0
CUST27835,Manish Patel,165594.52,37948.39,1,4.0
CUST11272,Rahul Sharma,165594.0,30252.64,1,3.0
CUST28330,Swati Behera,165568.0,24713.74,1,2.0
CUST27059,Priya Patel,165558.4,26930.43,1,4.0
CUST23503,Anjali Singh,165538.80000000002,8580.86,1,4.0
CUST12240,Pooja Yadav,165517.2,9979.88,1,4.0
CUST15043,Karan Panda,165452.0,26647.78,1,5.0
CUST18240,Akash Yadav,165419.09999999998,28732.94,1,3.0
CUST18008,Deepak Mishra,165402.6,28972.63,1,4.0
CUST22909,Suresh Sharma,165400.0,11090.4,1,5.0
CUST27882,Abhishek Mehta,165387.9,23715.25,1,3.0
CUST14841,Shreya Kumar,165381.0,17961.49,1,3.0
CUST12432,Pooja Verma,165360.0,35949.64,1,4.0
CUST12455,Riya Rao,165351.0,14618.19,1,4.0
CUST23930,Pooja Sahu,165339.44999999998,20829.24,1,3.0
CUST14321,Raj Das,165308.0,20488.45,1,2.0
CUST25629,Akash Mohanty,165303.75,20952.57,1,3.0
CUST24305,Rohit Gupta,165294.0,38548.16,1,4.0
CUST20373,Anjali Sharma,165291.44999999998,34269.04,1,3.0
CUST19284,Sneha Yadav,165278.25,26486.07,1,5.0
CUST12759,Unknown,165260.0,12590.38,1,5.0
CUST26984,Amit Panda,165204.0,32421.37,1,4.0
CUST10740,Vivek Singh,165175.2,26382.92,1,4.0
CUST13518,Arjun Sharma,165156.0,29495.25,1,2.0
CUST18233,Sneha Jain,165146.1,9882.96,1,2.0
CUST14277,Vivek Panda,165128.0,29728.91,1,5.0
CUST28124,Anjali Mehta,165102.3,39689.56,1,3.0
CUST14034,Priya Panda,165078.0,23443.1,1,4.0
CUST22141,Riya Kumar,165063.5,18580.39,1,5.0
CUST28659,Rahul Sharma,165061.5,9654.36,1,5.0
CUST12736,Amit Mishra,165047.4,40176.38,1,3.0
CUST15221,Amit Verma,165040.0,14521.29,1,4.0
CUST24140,Kavita Mohanty,165025.8,19436.59,1,3.0
CUST22845,Rahul Nayak,165024.0,19607.5,1,5.0
CUST10759,Arjun Singh,165000.75,36760.68,1,3.0
CUST12044,Neha Rao,164910.0,34755.92,1,3.0
CUST20269,Amit Mohanty,164896.0,15200.14,1,2.0
CUST19399,Anjali Rao,164889.33,6550.34,1,3.0
CUST18187,Abhishek Verma,164825.0,26759.03,1,4.0
CUST28921,Pooja Kumar,164797.2,36262.71,1,3.0
CUST11411,Sneha Kumar,164765.69999999998,23050.07,1,2.0
CUST27819,Amit Kumar,164718.4,22101.8,1,4.0
CUST22887,Deepak Das,164709.3,24241.67,1,3.0
CUST23103,Nisha Patel,164692.0,10896.73,1,2.0
CUST16922,Amit Mishra,164652.1,36620.42,1,2.0
CUST12703,Priya Singh,164632.5,12194.88,1,3.0
CUST24073,Sneha Verma,164622.0,27329.96,1,4.0
CUST19247,Deepak Gupta,164601.5,21189.68,1,5.0
CUST13427,Sneha Kumar,164598.40000000002,35479.03,1,4.0
CUST13558,Abhishek Gupta,164544.0,26338.95,1,2.0
CUST16283,Sneha Rao,164511.0,26759.7,1,5.0
CUST27942,Riya Yadav,164499.3,34930.99,1,3.0
CUST21428,Anjali Sharma,164497.25,33394.14,1,5.0
CUST17493,Pooja Sharma,164465.69999999998,15660.53,1,3.0
CUST24644,Rahul Kumar,164445.6,37631.46,1,3.0
CUST12469,Amit Dutta,164427.0,30943.25,1,3.0
CUST11319,Arjun Dutta,164404.80000000002,19611.89,1,4.0
CUST25644,Manish Yadav,164400.0,22572.64,1,3.0
CUST23231,Suresh Panda,164370.0,12463.29,1,2.0
CUST19929,Akash Sharma,164354.75,22201.97,1,5.0
CUST17394,Suresh Rao,164352.6,25250.54,1,2.0
CUST18139,Ankit Rao,164352.3,23334.52,1,3.0
CUST11569,Amit Gupta,164304.0,37483.61,1,5.0
CUST15042,Abhishek Dutta,164300.4,16596.43,1,2.0
CUST25911,Sneha Reddy,164295.59999999998,35758.38,1,3.0
CUST11114,Suresh Gupta,164282.4,28128.75,1,4.0
CUST15479,Priya Rao,164275.9,30325.26,1,2.0
CUST24987,Arjun Verma,164239.8,13269.19,1,2.0
CUST18442,Vikas Mohanty,164232.0,29876.04,1,5.0
CUST21288,Priya Mehta,164220.0,36409.53,1,5.0
CUST22309,Shreya Pradhan,164218.9,36864.26,1,2.0
CUST25301,Akash Mehta,164216.25,18380.3,1,5.0
CUST13148,Riya Reddy,164187.69999999998,8817.12,1,2.0
CUST26629,Deepak Pradhan,164174.0,12020.01,1,2.0
CUST15411,Swati Sahu,164148.6,13839.49,1,4.0
CUST25330,Raj Mohanty,164124.0,35794.44,1,3.0
CUST19461,Deepak Pradhan,164110.8,18259.28,1,4.0
CUST28650,Kavita Sahu,164106.0,16803.21,1,3.0
CUST17979,Swati Pradhan,164083.5,19144.98,1,3.0
CUST26778,Arjun Patel,164073.0,31032.48,1,5.0
CUST15013,Anjali Panda,164071.25,13897.48,1,5.0
CUST11542,Anjali Sahu,164058.5,37116.24,1,2.0
CUST28596,Abhishek Rao,164022.40000000002,25128.07,1,4.0
CUST28679,Manish Dutta,163991.25,35094.8,1,5.0
CUST28593,Nisha Rao,163989.0,26887.56,1,2.0
CUST22755,Pooja Rao,163968.75,40313.44,1,3.0
CUST19579,Akash Yadav,163957.5,39282.21,1,5.0
CUST10273,Arjun Mishra,163846.0,29733.25,1,2.0
CUST10173,Pooja Patel,163844.0,18761.05,1,4.0
CUST21925,Priya Patel,163808.5,10050.69,1,5.0
CUST19226,Manish Gupta,163745.69999999998,37865.15,1,2.0
CUST12573,Rohit Patel,163740.80000000002,15001.45,1,4.0
CUST16568,Swati Behera,163644.15,32731.13,1,3.0
CUST17413,Suresh Sahu,163644.15,13338.3,1,3.0
CUST25592,Anjali Behera,163634.0,40843.43,1,2.0
CUST25547,Sanjay Patel,163626.75,33991.44,1,3.0
CUST13034,Nisha Sharma,163602.0,27612.13,1,4.0
CUST25030,Rahul Singh,163560.59999999998,30503.41,1,3.0
CUST13761,Suresh Mehta,163543.4,11262.75,1,2.0
CUST19314,Anjali Reddy,163543.2,9199.33,1,3.0
CUST20605,Swati Dutta,163539.0,13488.22,1,3.0
CUST13337,Shreya Rao,163499.19999999998,25323.65,1,2.0
CUST10323,Rahul Das,163480.5,35430.9,1,3.0
CUST24938,Deepak Dutta,163451.3,40800.08,1,2.0
CUST14361,Arjun Mishra,163438.0,28305.08,1,5.0
CUST18480,Priya Mehta,163432.0,24717.52,1,2.0
CUST22940,Deepak Rao,163413.0,22599.77,1,3.0
CUST23080,Ankit Dutta,163383.6,36635.4,1,2.0
CUST20050,Raj Dutta,163380.0,16639.79,1,4.0
CUST27301,Rahul Patel,163364.0,32753.14,1,2.0
CUST23982,Sanjay Nayak,163332.0,10612.52,1,2.0
CUST26420,Manish Pradhan,163324.80000000002,40378.13,1,2.0
CUST19948,Vivek Dutta,163310.0,19387.81,1,5.0
CUST22531,Swati Pradhan,163287.9,36059.4,1,3.0
CUST18512,Amit Mishra,163287.59999999998,19320.49,1,3.0
CUST11692,Anjali Reddy,163274.4,27046.53,1,4.0
CUST22104,Ankit Kumar,163253.69999999998,36735.64,1,2.0
CUST22832,Amit Mishra,163240.8,20953.23,1,2.0
CUST10390,Manish Jain,163226.25,20598.87,1,3.0
CUST22529,Suresh Yadav,163206.19999999998,14116.38,1,4.0
CUST25692,Karan Panda,163120.5,27798.02,1,5.0
CUST10875,Kavita Rao,163114.0,11251.86,1,5.0
CUST12852,Raj Kumar,163085.25,39008.24,1,3.0
CUST23974,Rahul Panda,163085.0,38891.25,1,5.0
CUST20159,Suresh Verma,163039.0,29128.11,1,4.0
CUST12863,Nisha Reddy,163023.8,28474.0,1,4.0
CUST17281,Shreya Das,163020.0,13978.58,1,4.0
CUST17912,Priya Singh,162968.8,28109.71,1,2.0
CUST25128,Sneha Pradhan,162963.2,14900.28,1,4.0
CUST22315,Priya Das,162934.2,31731.45,1,2.0
CUST21693,Neha Mehta,162932.6,29479.02,1,4.0
CUST23200,Rahul Das,162912.0,28416.76,1,5.0
CUST24500,Pooja Mohanty,162889.6,30568.22,1,4.0
CUST21874,Nisha Mishra,162885.1,30333.03,1,2.0
CUST14694,Rahul Kumar,162878.4,36260.55,1,2.0
CUST27058,Vikas Panda,162864.19999999998,38519.93,1,4.0
CUST11786,Vikas Reddy,162852.0,39595.47,1,5.0
CUST20867,Anjali Yadav,162827.69999999998,30183.93,1,3.0
CUST12553,Nisha Gupta,162800.4,26450.92,1,3.0
CUST24566,Raj Verma,162792.0,9673.09,1,5.0
CUST10277,Neha Pradhan,162790.1,30198.94,1,2.0
CUST23185,Swati Gupta,162766.5,36997.23,1,5.0
CUST23821,Sneha Mishra,162720.75,39396.81,1,5.0
CUST13248,Shreya Verma,162711.25,36773.46,1,5.0
CUST26554,Arjun Kumar,162702.0,33701.5,1,3.0
CUST21364,Akash Jain,162680.0,13839.44,1,5.0
CUST12253,Kavita Sharma,162641.55,26280.94,1,3.0
CUST12011,Amit Sahu,162628.8,35654.99,1,2.0
CUST10568,Manish Yadav,162621.0,30790.3,1,3.0
CUST18902,Sanjay Panda,162578.5,13841.04,1,5.0
CUST22633,Akash Yadav,162560.0,35298.27,1,4.0
CUST18708,Vivek Reddy,162558.0,24401.6,1,2.0
CUST18017,Swati Mishra,162537.0,25213.33,1,2.0
CUST16892,Akash Panda,162498.0,23587.71,1,3.0
CUST20231,Anjali Pradhan,162481.19999999998,38599.34,1,4.0
CUST14729,Suresh Nayak,162480.0,11451.08,1,3.0
CUST20536,Nisha Kumar,162457.2,37577.13,1,4.0
CUST24088,Nisha Nayak,162453.19999999998,21188.18,1,4.0
CUST27734,Karan Panda,162411.9,16229.46,1,3.0
CUST28346,Unknown,162407.25,31760.0,1,3.0
CUST17009,Sneha Verma,162405.0,34398.37,1,5.0
CUST16565,Sneha Mehta,162392.0,17562.63,1,5.0
CUST27887,Vikas Behera,162366.4,24855.14,1,2.0
CUST27689,Karan Sharma,162336.4,21539.22,1,4.0
CUST25505,Deepak Yadav,162333.0,33922.03,1,4.0
CUST28569,Shreya Sahu,162279.0,32693.29,1,4.0
CUST18689,Amit Dutta,162268.0,32857.1,1,2.0
CUST18869,Ankit Sharma,162260.0,19892.5,1,2.0
CUST26512,Rahul Patel,162237.6,13979.34,1,3.0
CUST13009,Nisha Yadav,162214.2,15420.19,1,2.0
CUST26090,Riya Kumar,162197.0,29273.38,1,4.0
CUST28731,Manish Sharma,162169.2,15202.22,1,2.0
CUST26640,Pooja Verma,162146.0,20431.89,1,4.0
CUST17743,Vivek Sahu,162119.25,32911.13,1,3.0
CUST24180,Raj Mohanty,162102.5,21100.13,1,5.0
CUST11425,Swati Mehta,162060.0,9353.66,1,4.0
CUST15998,Pooja Yadav,162060.0,8432.15,1,3.0
CUST12182,Priya Kumar,162043.2,26957.05,1,3.0
CUST20251,Kavita Rao,162018.0,25190.2,1,2.0
CUST26933,Vivek Rao,161899.2,38923.75,1,4.0
CUST22489,Abhishek Dutta,161880.0,16467.04,1,5.0
CUST25280,Pooja Mishra,161876.55,18779.03,1,3.0
CUST13089,Anjali Patel,161862.30000000002,12832.83,1,3.0
CUST11588,Raj Singh,161832.0,34895.03,1,4.0
CUST26952,Pooja Sahu,161821.8,38985.15,1,3.0
CUST20199,Akash Reddy,161815.35,35130.85,1,3.0
CUST25119,Vikas Kumar,161786.7,9634.58,1,3.0
CUST13667,Amit Das,161739.0,21741.15,1,3.0
CUST11426,Riya Behera,161734.65,12061.38,1,3.0
CUST10242,Swati Sahu,161672.4,19554.97,1,4.0
CUST12380,Priya Rao,161666.02,19787.32,1,2.0
CUST15640,Shreya Panda,161661.5,38774.08,1,2.0
CUST15814,Neha Sharma,161601.6,20525.94,1,3.0
CUST14293,Suresh Verma,161572.5,9966.07,1,5.0
CUST20206,Akash Sharma,161544.0,14117.61,1,2.0
CUST15985,Karan Mehta,161485.8,14972.8,1,3.0
CUST25390,Rohit Sharma,161468.55,38760.51,1,3.0
CUST18072,Arjun Panda,161441.25,14978.52,1,5.0
CUST13401,Pooja Behera,161369.1,38312.78,1,3.0
CUST26452,Karan Dutta,161354.40000000002,29652.26,1,3.0
CUST19578,Manish Kumar,161314.69999999998,29005.48,1,2.0
CUST12197,Swati Kumar,161313.0,31707.58,1,3.0
CUST26259,Suresh Dutta,161284.5,13227.07,1,3.0
CUST26304,Ankit Das,161272.0,13071.42,1,5.0
CUST13018,Priya Pradhan,161269.5,26239.73,1,5.0
CUST26386,Akash Gupta,161263.2,39456.95,1,3.0
CUST20476,Amit Singh,161253.0,13812.24,1,4.0
CUST27705,Kavita Dutta,161241.75,24797.69,1,3.0
CUST23167,Nisha Reddy,161227.35,24919.05,1,3.0
CUST28877,Rohit Singh,161223.75,13162.96,1,5.0
CUST12368,Arjun Panda,161208.0,22714.21,1,5.0
CUST13908,Swati Panda,161196.0,8724.61,1,3.0
CUST22222,Akash Sahu,161170.19999999998,9631.5,1,4.0
CUST21411,Swati Rao,161154.0,16349.17,1,3.0
CUST19704,Riya Rao,161130.0,32463.73,1,4.0
CUST11934,Vivek Mishra,161123.2,30866.86,1,4.0
CUST26959,Rohit Kumar,161112.0,8954.25,1,4.0
CUST10641,Kavita Kumar,161107.2,19333.09,1,4.0
CUST14730,Arjun Dutta,161105.0,15338.58,1,5.0
CUST23363,Anjali Reddy,161099.1,24402.95,1,3.0
CUST18247,Suresh Behera,161076.3,29491.51,1,2.0
CUST10593,Ankit Jain,161002.75,32845.24,1,5.0
CUST19430,Karan Mehta,160984.80000000002,15259.14,1,2.0
CUST24968,Rohit Mohanty,160952.0,23325.95,1,2.0
CUST11924,Suresh Mishra,160923.69999999998,31403.83,1,2.0
CUST12205,Manish Das,160911.0,32339.93,1,4.0
CUST27348,Priya Kumar,160908.0,30516.82,1,4.0
CUST18682,Deepak Mishra,160900.0,21330.07,1,4.0
CUST26175,Vikas Sharma,160890.30000000002,35581.68,1,3.0
CUST12147,Arjun Sharma,160870.5,31121.46,1,5.0
CUST28923,Vikas Mishra,160870.40000000002,21700.28,1,4.0
CUST21934,Arjun Panda,160854.0,21431.19,1,3.0
CUST17764,Deepak Behera,160846.0,22878.69,1,2.0
CUST10427,Nisha Nayak,160833.6,29985.55,1,2.0
CUST15582,Amit Panda,160816.6,34347.98,1,2.0
CUST27494,Riya Behera,160816.0,21573.33,1,2.0
CUST15697,Riya Sahu,160785.0,25404.24,1,4.0
CUST19971,Swati Dutta,160770.0,18023.3,1,4.0
CUST21257,Ankit Jain,160753.5,17080.21,1,5.0
CUST25866,Arjun Panda,160750.8,38825.39,1,3.0
CUST25067,Arjun Das,160728.6,25376.48,1,3.0
CUST19967,Amit Gupta,160668.0,22087.18,1,3.0
CUST17422,Abhishek Rao,160623.0,17898.02,1,3.0
CUST15983,Ankit Pradhan,160620.0,11755.45,1,5.0
CUST17603,Shreya Mohanty,160612.0,38632.11,1,5.0
CUST14313,Abhishek Pradhan,160611.75,9882.99,1,3.0
CUST15642,Nisha Reddy,160608.0,19049.27,1,4.0
CUST13505,Deepak Reddy,160592.19999999998,39343.96,1,4.0
CUST24717,Nisha Das,160553.1,15330.01,1,3.0
CUST27497,Riya Panda,160485.6,25048.55,1,3.0
CUST11087,Nisha Singh,160482.0,37272.14,1,2.0
CUST23425,Nisha Rao,160428.4,32770.75,1,4.0
CUST28506,Suresh Pradhan,160426.13939820873,38168.32,1,4.0
CUST22573,Priya Panda,160426.13939820873,9795.45,1,4.0
CUST22684,Nisha Verma,160426.13939820873,31412.09,1,4.0
CUST21880,Nisha Panda,160426.13939820873,23805.73,1,4.0
CUST19170,Kavita Patel,160426.13939820873,26338.5944,1,4.0
CUST23223,Pooja Mehta,160426.13939820873,640.53,1,4.0
CUST27175,Suresh Singh,160388.19999999998,29213.62,1,2.0
CUST22368,Shreya Dutta,160323.2,20307.66,1,4.0
CUST24549,Karan Das,160294.0,25238.1,1,2.0
CUST24048,Amit Yadav,160278.40000000002,17070.9,1,4.0
CUST10268,Sneha Mohanty,160246.0,18920.91,1,2.0
CUST10954,Amit Mehta,160240.5,25798.9,1,5.0
CUST17179,Karan Mehta,160169.09999999998,26973.83,1,3.0
CUST19129,Rahul Sahu,160147.19999999998,12961.33,1,3.0
CUST24238,Swati Gupta,160097.0,33531.16,1,5.0
CUST20330,Arjun Singh,160061.8,15738.3,1,2.0
CUST10087,Shreya Mohanty,160059.0,10735.15,1,4.0
CUST10147,Suresh Sharma,160006.5,8158.41,1,5.0
CUST20379,Rohit Singh,159993.0,33670.28,1,3.0
CUST17992,Karan Panda,159978.6,12191.42,1,2.0
CUST22771,Arjun Reddy,159978.0,35746.68,1,3.0
CUST25646,Neha Yadav,159939.0,15134.36,1,5.0
CUST27112,Rahul Behera,159922.4,38965.02,1,4.0
CUST11694,Abhishek Rao,159916.80000000002,11917.61,1,4.0
CUST18793,Suresh Dutta,159894.5,9383.62,1,2.0
CUST26673,Manish Mohanty,159836.4,14510.55,1,4.0
CUST15579,Suresh Kumar,159811.2,17678.01,1,4.0
CUST13101,Arjun Pradhan,159800.4,19050.68,1,4.0
CUST20694,Ankit Patel,159800.0,19399.57,1,5.0
CUST20317,Deepak Dutta,159788.1,30816.62,1,3.0
CUST11966,Suresh Pradhan,159766.25,37134.02,1,5.0
CUST22325,Riya Behera,159744.75,20799.16,1,3.0
CUST15165,Nisha Dutta,159715.0,35039.08,1,5.0
CUST25883,Nisha Yadav,159692.4,21243.42,1,4.0
CUST25317,Rahul Gupta,159667.2,30298.28,1,2.0
CUST16741,Neha Singh,159651.25,12120.28,1,5.0
CUST14589,Manish Sahu,159648.69999999998,14959.99,1,2.0
CUST19973,Akash Panda,159647.0,12456.91,1,4.0
CUST18405,Manish Das,159645.0,37453.84,1,5.0
CUST28682,Arjun Sahu,159638.4,36562.85,1,2.0
CUST24198,Sanjay Yadav,159632.1,18605.37,1,3.0
CUST26296,Arjun Verma,159626.0,39044.19,1,2.0
CUST26656,Rahul Gupta,159603.0,29494.81,1,3.0
CUST16238,Rohit Das,159537.0,8856.51,1,4.0
CUST13283,Sanjay Panda,159535.80000000002,23455.86,1,2.0
CUST22131,Suresh Nayak,159534.8,31274.86,1,2.0
CUST20335,Neha Mohanty,159525.9,37188.05,1,2.0
CUST10902,Ankit Pradhan,159516.4,23181.58,1,2.0
CUST26853,Sanjay Mehta,159482.1,30847.7,1,2.0
CUST12845,Rahul Verma,159482.0,32155.08,1,2.0
CUST26063,Rahul Das,159437.25,34153.94,1,3.0
CUST11140,Sneha Patel,159410.69999999998,16659.94,1,3.0
CUST17161,Abhishek Jain,159406.19999999998,21167.53,1,3.0
CUST28860,Sneha Rao,159405.25,13504.29,1,5.0
CUST16619,Sanjay Das,159370.0,18586.45,1,5.0
CUST22936,Nisha Pradhan,159331.2,26199.66,1,3.0
CUST19893,Shreya Singh,159321.0,12874.47,1,4.0
CUST12446,Swati Patel,159302.40000000002,19882.96,1,4.0
CUST19407,Swati Jain,159292.19999999998,23783.39,1,4.0
CUST27323,Rahul Mohanty,159260.0,22636.43,1,5.0
CUST12660,Shreya Yadav,159256.0,31353.39,1,4.0
CUST23546,Ankit Pradhan,159235.2,34872.75,1,3.0
CUST25462,Sanjay Rao,159235.19999999998,36335.95,1,2.0
CUST10529,Deepak Patel,159235.19999999998,19535.1,1,2.0
CUST12517,Rahul Patel,159219.0,38263.77,1,3.0
CUST23665,Deepak Sharma,159216.19999999998,23446.78,1,4.0
CUST12836,Suresh Sharma,159216.0,13666.9,1,3.0
CUST14992,Shreya Reddy,159208.80000000002,9755.99,1,3.0
CUST27521,Karan Yadav,159127.2,37370.53,1,4.0
CUST12995,Arjun Jain,159120.0,11194.24,1,3.0
CUST27788,Neha Reddy,159057.0,24378.52,1,4.0
CUST26817,Rahul Das,159056.0,22050.16,1,5.0
CUST19151,Riya Pradhan,159028.2,9458.42,1,2.0
CUST11305,Anjali Reddy,159024.0,24650.75,1,3.0
CUST17164,Arjun Dutta,159011.0,31161.64,1,4.0
CUST23572,Arjun Behera,159007.8,21419.49,1,3.0
CUST23406,Deepak Yadav,158977.6,13417.45,1,2.0
CUST13124,Karan Verma,158953.19999999998,32765.61,1,4.0
CUST23203,Shreya Mehta,158949.0,24629.21,1,3.0
CUST14036,Akash Mehta,158904.0,38977.83,1,2.0
CUST17101,Vivek Gupta,158878.6,20157.44,1,4.0
CUST15845,Neha Kumar,158858.0,17130.81,1,5.0
CUST10310,Shreya Behera,158848.0,29275.02,1,4.0
CUST18936,Swati Rao,158848.0,28365.98,1,4.0
CUST14580,Swati Yadav,158836.0,20926.69,1,4.0
CUST10128,Akash Rao,158834.4,8974.98,1,3.0
CUST17226,Rohit Mehta,158826.0,33956.34,1,3.0
CUST18664,Deepak Mohanty,158792.5,10804.4,1,2.0
CUST27363,Suresh Behera,158776.80000000002,39611.5,1,3.0
CUST15837,Sanjay Behera,158775.75,38717.8,1,3.0
CUST25495,Vikas Das,158773.19999999998,17785.14,1,2.0
CUST27064,Vikas Kumar,158770.0,19224.34,1,5.0
CUST17728,Shreya Rao,158733.0,10511.47,1,3.0
CUST19316,Rahul Gupta,158707.80000000002,23419.61,1,2.0
CUST11851,Arjun Mohanty,158699.4,38313.42,1,2.0
CUST28740,Vivek Panda,158688.19999999998,24209.69,1,2.0
CUST26537,Anjali Singh,158681.4,16225.35,1,2.0
CUST27218,Shreya Mehta,158628.15,8958.47,1,3.0
CUST18243,Vivek Patel,158610.9,35377.18,1,3.0
CUST15090,Amit Behera,158594.40000000002,28460.83,1,3.0
CUST10955,Priya Mohanty,158551.19999999998,22589.16,1,2.0
CUST13513,Vikas Singh,158527.80000000002,31035.51,1,3.0
CUST23807,Ankit Sahu,158501.25,38074.78,1,5.0
CUST16544,Vivek Yadav,158476.80000000002,38358.23,1,3.0
CUST12194,Deepak Singh,158457.6,20231.39,1,3.0
CUST12956,Rohit Mohanty,158448.5,8657.18,1,5.0
CUST11799,Priya Patel,158402.0,27231.23,1,2.0
CUST12376,Abhishek Behera,158400.0,30965.87,1,3.0
CUST23560,Akash Behera,158384.75,15936.38,1,5.0
CUST14657,Raj Mishra,158379.2,32134.86,1,2.0
CUST15738,Anjali Behera,158361.19999999998,39069.18,1,4.0
CUST22406,Vivek Verma,158336.0,12342.41,1,2.0
CUST25970,Arjun Yadav,158327.0,27592.27,1,4.0
CUST21566,Swati Sharma,158310.0,18998.41,1,4.0
CUST17255,Rohit Patel,158305.0,12623.89,1,5.0
CUST16651,Riya Singh,158272.5,33630.13,1,5.0
CUST27873,Swati Verma,158262.3,23767.65,1,3.0
CUST20452,Anjali Singh,158250.6,10101.65,1,2.0
CUST25074,Swati Behera,158232.0,36182.82,1,3.0
CUST16630,Rahul Singh,158203.5,18187.03,1,2.0
CUST12031,Amit Reddy,158186.0,24373.05,1,5.0
CUST16872,Unknown,158163.0,22565.96,1,3.0
CUST18495,Sneha Nayak,158144.4,22172.66,1,3.0
CUST19669,Raj Sahu,158138.25,30551.45,1,5.0
CUST22654,Suresh Sharma,158133.6,36331.09,1,2.0
CUST28732,Deepak Singh,158121.8,15934.0,1,2.0
CUST17960,Abhishek Pradhan,158098.5,26612.32,1,3.0
CUST25394,Ankit Singh,158096.0,24436.39,1,2.0
CUST14651,Deepak Kumar,158009.59999999998,32605.35,1,4.0
CUST10702,Anjali Yadav,157911.59999999998,37314.21,1,4.0
CUST18651,Nisha Panda,157904.0,31099.54,1,4.0
CUST14164,Arjun Kumar,157896.0,23840.62,1,3.0
CUST16213,Arjun Kumar,157855.19999999998,24665.42,1,2.0
CUST11836,Anjali Nayak,157845.6,9850.99,1,4.0
CUST21529,Abhishek Mohanty,157844.7,27051.5,1,3.0
CUST23048,Rahul Das,157806.0,34775.44,1,3.0
CUST26766,Rahul Reddy,157792.3,28180.05,1,2.0
CUST10465,Kavita Sahu,157779.8,33641.15,1,2.0
CUST18177,Kavita Panda,157779.3,32829.31,1,3.0
CUST18798,Rahul Rao,157764.6,18148.6,1,2.0
CUST28372,Vivek Mishra,157758.9,39026.77,1,2.0
CUST10012,Vikas Das,157696.0,17023.33,1,4.0
CUST20032,Riya Kumar,157622.5,37998.81,1,5.0
CUST24106,Swati Dutta,157620.0,22809.68,1,5.0
CUST26008,Akash Mohanty,157612.0,8775.46,1,5.0
CUST28012,Rahul Mishra,157563.0,21617.09,1,3.0
CUST17885,Rahul Yadav,157562.8,28652.82,1,4.0
CUST12974,Manish Mehta,157544.19999999998,26397.13,1,2.0
CUST21812,Akash Mishra,157528.80000000002,33550.75,1,4.0
CUST27994,Sneha Kumar,157507.5,27836.59,1,5.0
CUST13410,Pooja Panda,157461.6,10067.82,1,3.0
CUST13574,Neha Reddy,157461.30000000002,16197.55,1,3.0
CUST21526,Anjali Singh,157460.09999999998,14795.92,1,3.0
CUST12603,Pooja Singh,157431.15,15927.27,1,3.0
CUST28531,Ankit Jain,157415.75,14515.14,1,5.0
CUST16680,Suresh Behera,157380.0,32758.02,1,2.0
CUST11112,Sneha Reddy,157366.0,33017.7,1,2.0
CUST25671,Suresh Sharma,157365.6,35971.35,1,2.0
CUST22243,Nisha Behera,157364.75,14332.81,1,5.0
CUST18762,Ankit Behera,157311.19999999998,34981.18,1,4.0
CUST22234,Abhishek Singh,157296.0,20308.12,1,4.0
CUST17014,Vikas Mishra,157284.0,14897.05,1,2.0
CUST26017,Abhishek Yadav,157278.0,29109.9,1,4.0
CUST25668,Kavita Nayak,157266.0,12278.81,1,3.0
CUST22814,Suresh Panda,157251.6,16984.97,1,4.0
CUST28102,Abhishek Jain,157242.6,29360.28,1,2.0
CUST17965,Amit Kumar,157212.0,34304.23,1,4.0
CUST16371,Unknown,157206.0,11685.67,1,4.0
CUST24215,Vivek Pradhan,157144.0,35935.04,1,4.0
CUST20017,Vivek Yadav,157132.0,22288.88,1,4.0
CUST22503,Nisha Verma,157129.6,38169.61,1,2.0
CUST16729,Riya Yadav,157098.0,37347.5,1,3.0
CUST12018,Neha Gupta,157083.2,11106.85,1,2.0
CUST17190,Nisha Verma,157080.0,23006.15,1,2.0
CUST20629,Suresh Nayak,157057.2,18546.7,1,4.0
CUST20837,Shreya Yadav,157047.0,26003.92,1,3.0
CUST18393,Vikas Gupta,157040.8,7997.95,1,4.0
CUST19113,Akash Yadav,157012.0,21583.1,1,5.0
CUST24922,Manish Kumar,156991.5,10290.44,1,3.0
CUST23709,Sneha Behera,156948.4,9411.12,1,4.0
CUST25139,Ankit Panda,156925.0,26957.967966666653,1,5.0
CUST21488,Priya Singh,156883.91999999998,15459.9,1,2.0
CUST28528,Anjali Mehta,156870.0,26073.39,1,3.0
CUST17842,Karan Mohanty,156870.0,32903.71,1,4.0
CUST23625,Kavita Mohanty,156851.2,29387.89,1,4.0
CUST27411,Deepak Jain,156849.0,13648.11,1,3.0
CUST17671,Deepak Gupta,156846.6,32672.14,1,2.0
CUST13310,Priya Sharma,156816.5,11304.92,1,5.0
CUST12969,Manish Dutta,156795.0,11248.84,1,4.0
CUST11166,Abhishek Sahu,156789.3,31623.01,1,2.0
CUST14718,Raj Singh,156713.19999999998,15777.0,1,5.0
CUST18086,Arjun Sharma,156690.0,24069.98,1,3.0
CUST23059,Arjun Mehta,156687.3,9918.45,1,2.0
CUST14595,Rohit Das,156683.9,26724.5,1,2.0
CUST15245,Vikas Singh,156648.0,8770.42,1,3.0
CUST10135,Nisha Sahu,156637.9,22897.45,1,2.0
CUST13046,Priya Gupta,156634.0,27354.03,1,2.0
CUST13216,Raj Pradhan,156623.59999999998,14056.73,1,4.0
CUST17294,Karan Verma,156607.2,16352.66,1,2.0
CUST15880,Vikas Sahu,156565.5,21224.74,1,3.0
CUST18016,Deepak Dutta,156527.5,33161.07,1,2.0
CUST17651,Swati Mehta,156523.5,33547.16,1,5.0
CUST22400,Sneha Kumar,156520.0,33573.35,1,5.0
CUST18360,Deepak Kumar,156492.0,17802.05,1,2.0
CUST28021,Raj Mishra,156489.6,30390.54,1,2.0
CUST24970,Akash Panda,156459.6,8795.21,1,3.0
CUST19317,Sneha Behera,156433.65,11013.67,1,3.0
CUST16096,Suresh Kumar,156419.2,35535.19,1,2.0
CUST16917,Sanjay Sharma,156390.0,23953.41,1,5.0
CUST19970,Ankit Jain,156349.19999999998,38774.47,1,3.0
CUST24965,Kavita Patel,156344.75,26338.35,1,5.0
CUST17634,Suresh Mohanty,156315.0,11250.09,1,3.0
CUST22134,Riya Verma,156313.3,24371.66,1,2.0
CUST21396,Vikas Sahu,156296.25,15021.34,1,3.0
CUST12867,Raj Das,156295.0,8683.52,1,5.0
CUST12706,Vivek Behera,156283.2,30833.18,1,3.0
CUST12274,Swati Jain,156275.0,9494.49,1,5.0
CUST22210,Kavita Sahu,156235.5,37609.75,1,3.0
CUST25632,Swati Sharma,156228.0,28921.85,1,3.0
CUST10701,Ankit Gupta,156218.0,11596.23,1,2.0
CUST12251,Vivek Das,156184.0,28835.25,1,4.0
CUST24329,Rohit Verma,156182.0,12275.75,1,2.0
CUST15822,Pooja Mohanty,156168.6,9473.29,1,2.0
CUST14462,Rahul Mishra,156135.0,27662.01,1,3.0
CUST23056,Vikas Panda,156128.69999999998,19110.97,1,3.0
CUST12786,Riya Yadav,156113.6,28568.2,1,2.0
CUST24395,Anjali Dutta,156076.80000000002,7871.62,1,3.0
CUST28123,Anjali Panda,156072.0,16782.72,1,3.0
CUST10118,Kavita Mishra,156070.80000000002,31298.96,1,2.0
CUST14944,Ankit Singh,156062.4,20770.8,1,2.0
CUST15030,Sneha Reddy,156037.5,15972.48,1,2.0
CUST11064,Priya Sahu,155975.0,9346.79,1,2.0
CUST27536,Sneha Dutta,155948.09999999998,13383.77,1,3.0
CUST15800,Swati Reddy,155948.0,8963.68,1,2.0
CUST13062,Nisha Rao,155934.0,9906.02,1,2.0
CUST28585,Raj Sahu,155910.6,37928.84,1,2.0
CUST19551,Pooja Mehta,155908.80000000002,20840.697266666604,1,3.0
CUST11999,Rohit Verma,155875.5,10649.17,1,5.0
CUST27480,Manish Mishra,155875.2,24743.72,1,2.0
CUST23018,Karan Verma,155866.5,36364.27,1,5.0
CUST18323,Pooja Sharma,155859.9,24658.4,1,3.0
CUST10541,Rahul Jain,155828.5,23675.23,1,2.0
CUST18196,Amit Sahu,155741.25,23680.87,1,5.0
CUST18437,Amit Dutta,155717.1,24476.98,1,3.0
CUST18875,Akash Panda,155703.0,25130.94,1,5.0
CUST14950,Ankit Patel,155695.2,16684.82,1,3.0
CUST20383,Manish Sharma,155674.6,17483.66,1,2.0
CUST15046,Riya Behera,155662.19999999998,10441.3,1,4.0
CUST25101,Deepak Dutta,155624.8,22302.54,1,2.0
CUST10882,Rohit Panda,155592.0,18601.65,1,3.0
CUST12387,Amit Nayak,155588.4,35290.88,1,2.0
CUST21856,Manish Pradhan,155587.5,23271.7,1,5.0
CUST17848,Anjali Nayak,155580.80000000002,33178.03,1,2.0
CUST18331,Raj Verma,155553.0,33569.88,1,4.0
CUST25528,Deepak Singh,155551.5,23940.11,1,5.0
CUST20434,Abhishek Das,155546.0,12050.02,1,2.0
CUST26580,Shreya Mohanty,155484.0,9889.08,1,3.0
CUST27018,Ankit Mishra,155481.0,14246.17,1,4.0
CUST19300,Ankit Mehta,155467.5,19718.31,1,5.0
CUST26587,Rohit Mishra,155442.0,27597.24,1,2.0
CUST16687,Arjun Das,155407.65,34668.99,1,3.0
CUST14008,Pooja Mehta,155404.8,22977.66,1,4.0
CUST17636,Swati Reddy,155367.0,29233.08,1,3.0
CUST24639,Swati Mishra,155352.4,38318.7,1,4.0
CUST11585,Kavita Nayak,155340.0,19119.08,1,5.0
CUST12019,Riya Gupta,155326.5,26789.16,1,3.0
CUST28545,Shreya Reddy,155325.0,22354.39,1,3.0
CUST23961,Sneha Patel,155321.25,30959.84,1,5.0
CUST18155,Arjun Mohanty,155305.5,38149.38,1,5.0
CUST12264,Akash Reddy,155296.80000000002,34812.18,1,2.0
CUST25598,Unknown,155256.0,21291.52,1,3.0
CUST13172,Sanjay Sharma,155220.0,21953.54,1,2.0
CUST26264,Neha Behera,155217.6,20110.65,1,2.0
CUST19972,Rahul Patel,155210.0,23185.84,1,2.0
CUST12649,Riya Mehta,155197.80000000002,17760.66,1,2.0
CUST12861,Suresh Jain,155196.0,18311.76,1,2.0
CUST17532,Rohit Behera,155190.6,30538.97,1,2.0
CUST12946,Vikas Kumar,155167.3,8049.24,1,2.0
CUST15588,Pooja Nayak,155160.0,29861.89,1,4.0
CUST19677,Vikas Nayak,155120.0,34747.59,1,4.0
CUST25618,Ankit Rao,155081.5,30081.91,1,5.0
CUST16023,Karan Jain,155065.5,13547.31,1,3.0
CUST11661,Pooja Verma,155044.80000000002,22519.72,1,4.0
CUST17562,Unknown,155040.75,36496.69,1,3.0
CUST19295,Nisha Pradhan,155030.4,32961.42,1,2.0
CUST22443,Riya Patel,155002.0,32871.67,1,2.0
CUST24096,Anjali Reddy,154992.5,9079.4,1,5.0
CUST13473,Amit Reddy,154989.0,27402.1,1,3.0
CUST24293,Karan Jain,154955.0,13681.2,1,2.0
CUST16902,Anjali Behera,154940.4,8504.77,1,2.0
CUST28849,Shreya Behera,154938.0,11476.89,1,5.0
CUST28231,Rahul Gupta,154932.75,17563.87,1,3.0
CUST14074,Neha Pradhan,154912.8,25772.87,1,4.0
CUST18012,Kavita Reddy,154910.0,21383.33,1,4.0
CUST10097,Ankit Kumar,154908.75,11986.39,1,5.0
CUST15974,Kavita Kumar,154878.0,8912.48,1,4.0
CUST22583,Suresh Jain,154872.0,34841.44,1,3.0
CUST17431,Pooja Mohanty,154870.4,7834.22,1,4.0
CUST21096,Rohit Verma,154768.0,30959.66,1,5.0
CUST14563,Shreya Verma,154737.6,28568.62,1,3.0
CUST12940,Rohit Behera,154728.4,26990.78,1,4.0
CUST22626,Deepak Panda,154722.4,16325.87,1,4.0
CUST10266,Abhishek Verma,154677.1,29820.28,1,2.0
CUST17080,Raj Yadav,154610.1,30333.74,1,3.0
CUST11021,Raj Pradhan,154584.0,25373.1,1,3.0
CUST10526,Anjali Dutta,154584.0,22388.65,1,4.0
CUST11131,Abhishek Patel,154563.2,34843.45,1,4.0
CUST11443,Swati Pradhan,154494.0,14233.4,1,3.0
CUST21755,Abhishek Mishra,154480.0,11173.62,1,5.0
CUST17757,Shreya Mehta,154456.80000000002,15564.95,1,3.0
CUST23743,Karan Jain,154452.0,19862.63,1,3.0
CUST13500,Rahul Nayak,154422.0,24411.71,1,2.0
CUST20061,Deepak Verma,154404.0,24224.04,1,3.0
CUST19648,Vikas Reddy,154400.8,27537.01,1,4.0
CUST20658,Arjun Sharma,154374.0,17806.67,1,3.0
CUST10256,Riya Pradhan,154303.05,31003.22,1,3.0
CUST27138,Akash Rao,154300.80000000002,34562.91,1,3.0
CUST11825,Neha Das,154282.8,26598.47,1,3.0
CUST10895,Suresh Behera,154236.0,34417.06,1,4.0
CUST19373,Deepak Mohanty,154236.0,19774.01,1,3.0
CUST20315,Riya Yadav,154216.35,33601.28,1,3.0
CUST17372,Vivek Reddy,154209.6,17608.16,1,3.0
CUST17786,Arjun Reddy,154159.59999999998,23531.38,1,4.0
CUST13740,Swati Das,154153.80000000002,14566.45,1,2.0
CUST18009,Ankit Mohanty,154140.0,13916.59,1,4.0
CUST23818,Riya Behera,154128.0,35383.51,1,4.0
CUST27456,Deepak Gupta,154092.80000000002,37280.07,1,4.0
CUST20531,Abhishek Panda,154080.0,26579.88,1,5.0
CUST21245,Arjun Pradhan,154070.0,10932.39,1,5.0
CUST27097,Ankit Sahu,154052.0,18095.51,1,5.0
CUST21468,Kavita Rao,154048.5,18068.53,1,3.0
CUST20025,Sanjay Sahu,154023.75,32613.2,1,3.0
CUST12702,Akash Mohanty,154015.75,21852.55,1,5.0
CUST10922,Abhishek Behera,154009.25,9158.15,1,5.0
CUST23266,Sanjay Jain,153956.25,29929.11,1,3.0
CUST20201,Arjun Kumar,153927.0,37527.82,1,3.0
CUST25215,Raj Sharma,153922.8,26902.24,1,3.0
CUST13651,Priya Sharma,153917.1,37285.61,1,2.0
CUST13025,Deepak Sharma,153896.4,17876.54,1,4.0
CUST10933,Deepak Panda,153878.0,32304.48,1,2.0
CUST14483,Ankit Mohanty,153844.9,16947.48,1,2.0
CUST28283,Manish Pradhan,153844.0,34897.42,1,4.0
CUST21681,Deepak Nayak,153826.2,26729.08,1,2.0
CUST14735,Abhishek Jain,153819.4,9778.92,1,2.0
CUST25241,Ankit Mohanty,153795.0,10880.39,1,5.0
CUST24976,Akash Reddy,153768.6,13708.59,1,2.0
CUST27201,Unknown,153766.4,22276.41,1,2.0
CUST15708,Akash Rao,153759.19999999998,13320.9,1,4.0
CUST14705,Amit Mishra,153747.0,11759.37,1,5.0
CUST25427,Amit Behera,153736.6,20951.28,1,4.0
CUST19702,Karan Pradhan,153723.6,37173.42,1,2.0
CUST16078,Vikas Jain,153698.6,34091.38,1,2.0
CUST17158,Abhishek Pradhan,153686.25,36766.98,1,5.0
CUST10346,Akash Nayak,153632.5,37895.17,1,5.0
CUST19647,Arjun Pradhan,153620.69999999998,19533.97,1,3.0
CUST13837,Rohit Mohanty,153606.0,31000.1,1,4.0
CUST26810,Neha Patel,153597.9,35031.12,1,3.0
CUST19336,Deepak Sharma,153596.69999999998,11897.79,1,2.0
CUST17662,Rahul Yadav,153588.75,11113.75,1,5.0
CUST21720,Neha Gupta,153551.25,21259.77,1,3.0
CUST25303,Nisha Yadav,153543.0,21240.19,1,4.0
CUST17017,Arjun Panda,153535.5,9751.26,1,3.0
CUST23949,Anjali Dutta,153488.91999999998,6274.95,1,4.0
CUST12568,Arjun Dutta,153456.0,29932.24,1,4.0
CUST18772,Vikas Jain,153432.0,8184.51,1,2.0
CUST24326,Swati Behera,153401.6,13984.95,1,2.0
CUST16411,Raj Sharma,153371.8,21988.53,1,2.0
CUST12463,Kavita Nayak,153353.6,20212.84,1,4.0
CUST10987,Sneha Kumar,153352.80000000002,26162.11,1,3.0
CUST13793,Pooja Patel,153327.6,29902.25,1,2.0
CUST21674,Shreya Nayak,153327.0,8701.64,1,3.0
CUST26056,Abhishek Mohanty,153315.75,22597.26,1,5.0
CUST28432,Raj Rao,153313.2,35761.37,1,2.0
CUST26122,Rahul Behera,153288.8,37973.75,1,4.0
CUST16821,Riya Nayak,153240.0,8438.1,1,5.0
CUST12153,Anjali Panda,153217.9,8705.78,1,2.0
CUST26635,Akash Jain,153187.2,12000.18,1,3.0
CUST10964,Manish Pradhan,153168.5,15758.11,1,5.0
CUST27958,Karan Mohanty,153151.4,14786.3,1,2.0
CUST26657,Neha Das,153148.80000000002,11936.77,1,3.0
CUST10752,Nisha Gupta,153146.7,21592.18,1,3.0
CUST27219,Shreya Sharma,153146.0,32585.44,1,2.0
CUST21097,Anjali Kumar,153145.35,30959.96,1,3.0
CUST22935,Kavita Das,153105.0,35275.74,1,5.0
CUST16284,Manish Das,153090.0,29256.51,1,4.0
CUST21389,Arjun Mohanty,153074.8,16361.46,1,4.0
CUST18475,Vivek Yadav,153064.0,21492.38,1,5.0
CUST18029,Rahul Behera,153052.0,32299.9,1,2.0
CUST21551,Ankit Mohanty,153039.1,16582.03,1,2.0
CUST20095,Abhishek Das,152998.0,37670.12,1,2.0
CUST20498,Nisha Patel,152979.6,10625.47,1,4.0
CUST25504,Sanjay Reddy,152978.5,10759.22,1,5.0
CUST24175,Shreya Sharma,152974.5,18272.25,1,5.0
CUST13340,Akash Sharma,152962.5,33448.49,1,5.0
CUST27504,Sneha Kumar,152952.4,23936.13,1,2.0
CUST16964,Sneha Rao,152948.1,10517.29,1,3.0
CUST27719,Sanjay Verma,152936.25,13254.79,1,3.0
CUST21652,Raj Jain,152915.2,21301.43,1,2.0
CUST18844,Rohit Reddy,152913.59999999998,25687.16,1,3.0
CUST28306,Sneha Reddy,152846.4,35669.22,1,3.0
CUST19826,Neha Das,152846.0,36972.81,1,2.0
CUST12325,Karan Pradhan,152820.0,14470.64,1,5.0
CUST18227,Deepak Behera,152770.0,29930.43,1,2.0
CUST24097,Vikas Mishra,152751.19999999998,12521.17,1,4.0
CUST12512,Karan Pradhan,152744.4,19205.37,1,4.0
CUST23528,Vikas Mehta,152741.0,35707.65,1,5.0
CUST24986,Suresh Dutta,152708.4,30984.74,1,4.0
CUST28006,Anjali Rao,152688.0,30328.63,1,5.0
CUST21083,Swati Das,152624.0,24095.0,1,2.0
CUST20932,Vikas Mehta,152612.0,27277.01,1,4.0
CUST28862,Neha Kumar,152606.1,16690.15,1,2.0
CUST27190,Riya Mohanty,152575.2,25745.83,1,4.0
CUST24230,Pooja Mishra,152574.8,9593.55,1,4.0
CUST17122,Rohit Singh,152568.0,29767.56,1,5.0
CUST13087,Neha Verma,152553.6,9094.43,1,2.0
CUST14486,Nisha Sahu,152550.0,32633.38,1,5.0
CUST15438,Deepak Singh,152547.5,10471.19,1,5.0
CUST17587,Pooja Sharma,152546.1,19311.45,1,2.0
CUST14746,Vikas Rao,152523.0,16245.38,1,3.0
CUST11917,Swati Behera,152522.0,11370.19,1,2.0
CUST13877,Karan Kumar,152514.9,19001.92,1,3.0
CUST25926,Nisha Panda,152505.0,10363.64,1,5.0
CUST20603,Priya Pradhan,152383.0,10954.44,1,5.0
CUST19865,Neha Mehta,152348.0,21871.79,1,2.0
CUST22221,Rahul Mishra,152344.80000000002,9581.71,1,3.0
CUST20431,Kavita Patel,152338.5,24273.74,1,3.0
CUST13706,Abhishek Singh,152337.0,20515.24,1,4.0
CUST15108,Sanjay Mishra,152326.4,15176.73,1,4.0
CUST10570,Rahul Gupta,152318.4,21609.22,1,2.0
CUST25582,Priya Reddy,152307.25,30551.0,1,5.0
CUST19480,Nisha Rao,152286.0,14529.39,1,3.0
CUST13919,Anjali Dutta,152195.4,24572.95,1,3.0
CUST16149,Swati Das,152192.85,9617.42,1,3.0
CUST11857,Anjali Mishra,152190.0,9329.69,1,3.0
CUST17511,Riya Pradhan,152177.19999999998,11471.6,1,4.0
CUST12670,Sanjay Verma,152171.25,11724.51,1,3.0
CUST16802,Deepak Das,152155.80000000002,32883.64,1,3.0
CUST19979,Swati Verma,152140.6,17212.33,1,2.0
CUST11635,Raj Dutta,152140.0,36025.36,1,5.0
CUST28077,Suresh Reddy,152088.8,25356.59,1,4.0
CUST27429,Raj Yadav,152087.4,26494.24,1,2.0
CUST28036,Nisha Panda,152055.0,36534.77,1,5.0
CUST25415,Rohit Jain,152044.0,18717.46,1,5.0
CUST11506,Abhishek Panda,152038.80000000002,19466.93,1,4.0
CUST17445,Riya Das,151998.4,23325.62,1,2.0
CUST18576,Neha Behera,151974.4,8219.78,1,4.0
CUST21302,Arjun Rao,151972.8,30783.26,1,4.0
CUST20400,Arjun Das,151962.0,12069.47,1,2.0
CUST15761,Rohit Sahu,151924.75,30335.77,1,5.0
CUST27465,Arjun Sahu,151912.0,18638.74,1,2.0
CUST25440,Amit Behera,151905.0,9375.92,1,5.0
CUST22335,Sanjay Sharma,151875.0,15812.27,1,3.0
CUST26773,Akash Dutta,151872.9,27224.31,1,2.0
CUST27657,Deepak Rao,151836.0,25888.92,1,4.0
CUST20345,Abhishek Jain,151810.2,14028.02,1,2.0
CUST20713,Nisha Sahu,151782.0,36329.61,1,3.0
CUST20453,Pooja Nayak,151776.0,15344.71,1,2.0
CUST28872,Vivek Nayak,151773.6,42648.01,1,3.0
CUST11071,Priya Singh,151749.0,15339.11,1,2.0
CUST28205,Rohit Singh,151699.2,33678.28,1,3.0
CUST24955,Swati Patel,151654.0,12844.39,1,2.0
CUST27205,Rohit Sahu,151636.8,8789.9,1,4.0
CUST16029,Abhishek Verma,151618.5,36245.47,1,3.0
CUST27884,Akash Rao,151601.25,14290.28,1,5.0
CUST17148,Nisha Sharma,151600.80000000002,10294.91,1,3.0
CUST22282,Akash Nayak,151578.0,20708.22,1,4.0
CUST21403,Akash Behera,151561.8,32910.5,1,3.0
CUST19863,Pooja Reddy,151538.3,19016.4,1,2.0
CUST10697,Riya Kumar,151502.4,31464.0,1,3.0
CUST25350,Rohit Yadav,151468.80000000002,24747.05,1,4.0
CUST24530,Neha Verma,151440.0,11803.74,1,4.0
CUST25092,Vivek Das,151426.65,15221.35,1,3.0
CUST22164,Vivek Mishra,151425.0,15199.65,1,3.0
CUST21162,Karan Mohanty,151383.6,13592.87,1,3.0
CUST20259,Rohit Mehta,151353.75,11377.44,1,5.0
CUST15517,Suresh Nayak,151344.0,25602.143033333312,1,5.0
CUST28115,Suresh Sharma,151329.3,28479.75,1,3.0
CUST17544,Amit Reddy,151323.9,18366.76,1,3.0
CUST22507,Suresh Kumar,151318.80000000002,29453.0,1,3.0
CUST25310,Swati Patel,151278.75,21897.99,1,3.0
CUST19887,Sanjay Gupta,151274.19999999998,35763.85,1,2.0
CUST27467,Rohit Gupta,151264.69999999998,36535.67,1,2.0
CUST17989,Vikas Verma,151223.5,31556.45,1,5.0
CUST23284,Anjali Panda,151214.4,16610.84,1,4.0
CUST23319,Rohit Das,151200.0,13972.96,1,2.0
CUST26830,Vivek Mehta,151182.5,13125.84,1,5.0
CUST25165,Sanjay Mishra,151127.1,32308.2,1,3.0
CUST19390,Kavita Reddy,151120.80000000002,30794.3,1,3.0
CUST23441,Neha Pradhan,151080.0,22497.16,1,5.0
CUST17412,Pooja Panda,151074.0,18827.56,1,5.0
CUST24529,Amit Jain,151052.0,14211.38,1,4.0
CUST13321,Raj Pradhan,151014.0,21162.16,1,3.0
CUST21998,Karan Pradhan,150993.0,22536.26,1,2.0
CUST15312,Riya Nayak,150957.0,21536.08,1,3.0
CUST25523,Sneha Pradhan,150946.0,16050.705800000003,1,2.0
CUST28331,Akash Mishra,150909.0,18989.24,1,2.0
CUST27278,Suresh Mehta,150868.80000000002,34553.54,1,4.0
CUST11476,Deepak Das,150852.0,8617.57,1,3.0
CUST18676,Akash Verma,150820.1,22935.4,1,2.0
CUST10604,Manish Panda,150817.8,12048.42,1,3.0
CUST22619,Ankit Verma,150807.0,20231.33,1,5.0
CUST21622,Kavita Sharma,150768.0,10838.04,1,3.0
CUST21370,Akash Singh,150749.8,25199.95,1,4.0
CUST14294,Manish Yadav,150746.0,35669.4,1,2.0
CUST18350,Manish Mishra,150724.80000000002,23937.39,1,3.0
CUST23486,Sanjay Sahu,150682.5,28480.73,1,5.0
CUST19583,Anjali Mishra,150648.9,27248.2,1,2.0
CUST12333,Manish Singh,150630.4,36731.83,1,2.0
CUST20992,Kavita Gupta,150565.5,28853.53,1,3.0
CUST17553,Pooja Patel,150559.5,17517.5,1,5.0
CUST25198,Anjali Pradhan,150534.0,21224.09246666669,1,3.0
CUST19161,Rahul Mishra,150523.2,21542.96,1,2.0
CUST20486,Neha Sharma,150518.0,33073.45,1,4.0
CUST15304,Vivek Dutta,150498.44999999998,28456.69,1,3.0
CUST27045,Shreya Sharma,150475.5,33070.57,1,3.0
CUST18504,Rohit Sahu,150461.25,11211.32,1,5.0
CUST25380,Swati Nayak,150441.5,11381.08,1,2.0
CUST13966,Abhishek Mishra,150425.6,9310.55,1,2.0
CUST27930,Vikas Rao,150420.0,30305.33,1,2.0
CUST26402,Nisha Jain,150410.0,23972.25,1,5.0
CUST10597,Sanjay Kumar,150399.50568582068,43564.84,1,3.0
CUST23685,Rahul Patel,150399.50568582068,3569.28,1,4.0
CUST11976,Neha Behera,150399.50568582068,6871.18,1,4.0
CUST14773,Sanjay Yadav,150399.50568582068,2285.64,1,4.0
CUST10102,Sanjay Reddy,150399.50568582068,23535.935200000004,1,4.0
CUST13875,Suresh Patel,150399.50568582068,21825.65,1,3.0
CUST17843,Abhishek Reddy,150399.50568582068,22285.454066666647,1,4.0
CUST20427,Karan Mishra,150399.50568582068,25663.31,1,4.0
CUST16383,Manish Patel,150399.50568582068,40209.27,1,3.0
CUST10422,Pooja Behera,150395.69999999998,8008.37,1,3.0
CUST17736,Shreya Behera,150364.80000000002,25729.37,1,4.0
CUST16421,Priya Dutta,150321.0,34574.8,1,3.0
CUST17908,Akash Mohanty,150309.0,23770.14,1,4.0
CUST10676,Neha Gupta,150264.0,23239.42,1,4.0
CUST18976,Manish Verma,150236.0,18026.98,1,5.0
CUST25089,Amit Panda,150223.2,23878.48,1,3.0
CUST13118,Shreya Yadav,150195.0,9506.2,1,3.0
CUST22466,Raj Mehta,150194.25,18404.45,1,3.0
CUST12405,Karan Dutta,150189.75,11516.74,1,3.0
CUST21888,Vikas Mohanty,150184.0,19522.62,1,2.0
CUST15752,Vivek Sahu,150142.75,15337.89,1,5.0
CUST15328,Swati Mohanty,150129.0,37517.26,1,3.0
CUST23952,Suresh Verma,150113.4,22201.93,1,4.0
CUST22952,Manish Verma,150076.80000000002,23252.27,1,4.0
CUST18555,Arjun Jain,150054.75,19462.62,1,5.0
CUST25212,Deepak Nayak,150033.75,21172.04,1,5.0
CUST28999,Priya Behera,150028.80000000002,20361.45,1,4.0
CUST10839,Shreya Rao,149976.0,33543.54,1,3.0
CUST27893,Suresh Mohanty,149976.0,33030.97,1,2.0
CUST13395,Abhishek Sahu,149963.8,20150.45,1,2.0
CUST20870,Pooja Dutta,149947.65,15522.35,1,3.0
CUST14488,Akash Reddy,149896.80000000002,7671.23,1,4.0
CUST15307,Unknown,149883.75,30485.79,1,5.0
CUST23154,Suresh Nayak,149871.6,24328.77,1,3.0
CUST23498,Vikas Sahu,149869.5,37191.54,1,2.0
CUST11837,Raj Das,149862.6,24834.49,1,2.0
CUST11181,Akash Sharma,149862.0,18141.31,1,4.0
CUST18671,Akash Mohanty,149850.15,24349.46,1,3.0
CUST19374,Manish Reddy,149836.80000000002,7963.91,1,2.0
CUST19599,Karan Singh,149834.4,10467.38,1,3.0
CUST12117,Rohit Dutta,149833.6,17506.07,1,4.0
CUST15945,Deepak Gupta,149782.0,15700.29,1,2.0
CUST14559,Suresh Das,149763.6,14132.27,1,2.0
CUST16880,Anjali Mohanty,149755.2,36554.16,1,2.0
CUST13930,Kavita Yadav,149752.80000000002,22928.58,1,4.0
CUST15033,Neha Patel,149740.80000000002,23353.05,1,3.0
CUST27228,Deepak Mohanty,149732.8,12329.34,1,4.0
CUST22092,Amit Panda,149709.0,36373.73,1,3.0
CUST21629,Shreya Mishra,149692.19999999998,20661.18,1,3.0
CUST20541,Pooja Verma,149689.5,23582.24,1,2.0
CUST28027,Manish Mehta,149674.0,24829.99,1,5.0
CUST18803,Deepak Pradhan,149642.1,29711.56,1,2.0
CUST25393,Vivek Nayak,149641.2,27042.67,1,2.0
CUST23735,Sanjay Gupta,149627.19999999998,24726.67,1,2.0
CUST20560,Karan Pradhan,149622.1,24571.53,1,2.0
CUST23259,Shreya Gupta,149615.19999999998,31230.87,1,4.0
CUST19211,Pooja Verma,149609.25,10099.9,1,3.0
CUST10077,Swati Panda,149577.9,31232.62,1,2.0
CUST26035,Swati Reddy,149568.3,17033.63,1,3.0
CUST12250,Swati Verma,149528.4,18312.79,1,3.0
CUST10738,Rohit Singh,149495.8,9948.6,1,2.0
CUST19918,Abhishek Patel,149475.0,9500.52,1,5.0
CUST13911,Ankit Gupta,149467.5,9206.14,1,3.0
CUST21386,Vivek Mishra,149432.4,29628.99,1,2.0
CUST23617,Abhishek Kumar,149406.0,14508.43,1,4.0
CUST19278,Neha Reddy,149342.85,25282.04,1,3.0
CUST25076,Ankit Sharma,149322.0,23585.17,1,4.0
CUST20645,Raj Yadav,149307.19999999998,9078.97,1,4.0
CUST11159,Arjun Pradhan,149302.0,24002.71,1,5.0
CUST15730,Rohit Behera,149268.0,27264.03,1,2.0
CUST11120,Abhishek Rao,149228.0,34027.42,1,4.0
CUST20338,Ankit Nayak,149201.25,30511.64,1,5.0
CUST23867,Swati Patel,149184.0,17119.49,1,4.0
CUST22128,Ankit Dutta,149156.69999999998,12352.81,1,3.0
CUST10573,Rohit Pradhan,149142.6,31954.08,1,2.0
CUST21408,Vikas Mehta,149136.4,24588.04,1,4.0
CUST11940,Priya Reddy,149104.5,17897.36,1,2.0
CUST14387,Vivek Yadav,149099.2,17141.49,1,2.0
CUST12447,Priya Jain,149097.0,19534.22,1,3.0
CUST28502,Anjali Sahu,149096.0,18390.6,1,2.0
CUST20654,Deepak Verma,149047.5,28444.92,1,3.0
CUST21113,Arjun Das,149037.3,19252.58,1,2.0
CUST16909,Amit Behera,149016.0,14857.22,1,5.0
CUST13421,Nisha Sharma,149012.25,9584.97,1,5.0
CUST11586,Deepak Behera,149004.8,17605.32,1,4.0
CUST18730,Vivek Gupta,148984.5,26317.45,1,3.0
CUST14887,Rahul Pradhan,148977.0,25175.238866666623,1,4.0
CUST24120,Rohit Pradhan,148921.6,13760.0,1,4.0
CUST11630,Vivek Singh,148916.25,22176.2,1,5.0
CUST10016,Amit Das,148906.4,20780.88,1,2.0
CUST26314,Akash Mishra,148865.0,7871.69,1,4.0
CUST11883,Riya Gupta,148848.0,17670.95,1,5.0
CUST18430,Priya Sharma,148812.3,19782.47,1,3.0
CUST12443,Anjali Pradhan,148812.0,9806.82,1,3.0
CUST12734,Shreya Rao,148802.4,29531.24,1,2.0
CUST17023,Priya Mishra,148801.0,30462.2,1,5.0
CUST10343,Vikas Verma,148792.5,18932.71,1,5.0
CUST27740,Priya Jain,148789.19999999998,31378.03,1,4.0
CUST16838,Suresh Kumar,148788.80000000002,36343.0,1,2.0
CUST12659,Kavita Sharma,148768.0,29089.3,1,4.0
CUST19142,Raj Das,148692.0,33652.42,1,5.0
CUST17676,Abhishek Patel,148689.0,36271.36,1,3.0
CUST16074,Vikas Panda,148684.0,34676.95,1,4.0
CUST15530,Suresh Mehta,148668.8,23892.09,1,4.0
CUST12430,Priya Sahu,148663.3,15958.7,1,2.0
CUST22778,Vivek Yadav,148647.44999999998,20772.0,1,3.0
CUST27889,Suresh Sharma,148635.0,21621.79,1,3.0
CUST23099,Karan Mishra,148593.6,26119.65,1,4.0
CUST22872,Unknown,148593.3,11081.93,1,3.0
CUST27790,Deepak Reddy,148575.6,18187.05,1,3.0
CUST19870,Kavita Das,148568.6,16547.87,1,4.0
CUST22956,Rahul Sahu,148542.0,9657.24,1,3.0
CUST14957,Abhishek Mohanty,148532.5,28071.48,1,5.0
CUST20423,Sneha Pradhan,148439.4,22256.3,1,2.0
CUST18479,Kavita Behera,148430.4,27302.85,1,2.0
CUST24769,Pooja Mishra,148424.0,14068.81,1,2.0
CUST11590,Amit Yadav,148406.0,18920.03,1,2.0
CUST13357,Karan Mehta,148370.4,32297.11,1,3.0
CUST17600,Swati Patel,148352.4,20209.57,1,4.0
CUST14431,Raj Kumar,148348.19999999998,33068.77,1,3.0
CUST19652,Priya Sahu,148341.0,32344.93,1,4.0
CUST28577,Kavita Mehta,148338.6,31351.62,1,2.0
CUST18447,Manish Behera,148338.0,16821.41,1,5.0
CUST23041,Suresh Verma,148335.0,35518.3,1,2.0
CUST20440,Priya Singh,148320.75,29107.83,1,3.0
CUST27899,Vikas Nayak,148248.0,20588.37,1,4.0
CUST16814,Vikas Mishra,148244.0,28913.53,1,2.0
CUST15055,Deepak Reddy,148236.6,12502.15,1,2.0
CUST14239,Rohit Das,148227.75,29739.17,1,3.0
CUST14686,Abhishek Mishra,148210.0,33373.6,1,5.0
CUST21249,Neha Mehta,148189.0,9362.34,1,4.0
CUST16245,Nisha Behera,148167.0,27386.72,1,2.0
CUST20978,Arjun Das,148140.15,8858.39,1,3.0
CUST21145,Pooja Mohanty,148100.80000000002,27617.65,1,2.0
CUST25688,Akash Nayak,148099.5,20718.93,1,3.0
CUST14116,Amit Reddy,148078.5,25871.62,1,3.0
CUST13705,Raj Nayak,148075.2,22889.0,1,2.0
CUST26120,Rahul Sahu,148038.0,7963.58,1,4.0
CUST11344,Nisha Jain,148012.80000000002,9014.65,1,2.0
CUST17990,Suresh Mishra,148002.0,15979.26,1,3.0
CUST19323,Vivek Mishra,147977.69999999998,15659.5,1,3.0
CUST22910,Abhishek Panda,147926.4,26849.71,1,2.0
CUST28984,Priya Dutta,147911.25,12895.45,1,5.0
CUST10419,Amit Behera,147909.0,16149.65,1,4.0
CUST14594,Anjali Kumar,147901.5,28835.51,1,3.0
CUST10350,Sneha Behera,147873.6,30572.52,1,3.0
CUST27926,Anjali Verma,147852.0,13955.54,1,2.0
CUST28696,Suresh Dutta,147792.0,7400.62,1,4.0
CUST10062,Manish Panda,147784.0,16894.16,1,2.0
CUST13787,Raj Das,147721.6,18827.18,1,4.0
CUST11257,Arjun Sharma,147720.0,30947.01,1,5.0
CUST15990,Abhishek Patel,147714.0,35503.4,1,2.0
CUST24025,Shreya Behera,147683.25,13232.35,1,3.0
CUST15512,Ankit Mehta,147651.75,23915.51,1,3.0
CUST24721,Manish Dutta,147648.6,16332.28,1,2.0
CUST26318,Sneha Gupta,147612.0,2713.74,1,3.0
CUST25607,Rahul Panda,147597.6,20349.72,1,3.0
CUST23729,Akash Gupta,147594.0,12016.42,1,2.0
CUST20611,Vivek Mishra,147568.5,28398.95,1,5.0
CUST11387,Vivek Rao,147556.6,17194.9,1,2.0
CUST25892,Vikas Kumar,147546.0,30191.14,1,5.0
CUST23765,Kavita Singh,147543.0,9492.85,1,2.0
CUST13768,Karan Verma,147522.6,15957.07,1,3.0
CUST27985,Amit Rao,147519.0,14223.24,1,5.0
CUST15756,Vikas Singh,147500.0,18876.57,1,5.0
CUST21048,Akash Mohanty,147487.19999999998,14783.93,1,4.0
CUST27096,Neha Patel,147485.25,33383.81,1,3.0
CUST27452,Amit Dutta,147468.6,23015.01,1,3.0
CUST22791,Vikas Patel,147451.4,20813.98,1,2.0
CUST18444,Sneha Das,147393.0,29966.45,1,3.0
CUST20070,Abhishek Verma,147387.6,9223.38,1,3.0
CUST10719,Sneha Patel,147361.19999999998,25247.73,1,3.0
CUST20648,Rahul Verma,147360.19999999998,8756.65,1,4.0
CUST16056,Raj Mehta,147318.0,18463.52,1,4.0
CUST12536,Karan Sharma,147303.0,29112.66,1,2.0
CUST18255,Sanjay Mehta,147272.0,20435.87,1,4.0
CUST20136,Nisha Pradhan,147253.8,14013.04,1,4.0
CUST18414,Ankit Jain,147228.9,13817.72,1,3.0
CUST17433,Amit Mohanty,147219.0,23426.56,1,4.0
CUST17895,Rohit Gupta,147132.80000000002,8275.92,1,2.0
CUST22938,Sanjay Sharma,147090.8,13368.22,1,4.0
CUST28710,Ankit Panda,147086.55,27649.11,1,3.0
CUST13999,Karan Mohanty,147070.4,14890.78,1,4.0
CUST25562,Ankit Behera,147068.80000000002,28393.6,1,4.0
CUST21630,Ankit Sahu,146989.69999999998,33036.23,1,2.0
CUST12188,Vivek Mishra,146988.8,31333.28,1,4.0
CUST16858,Anjali Behera,146986.0,24351.78,1,4.0
CUST23342,Manish Reddy,146978.28,9935.5,1,2.0
CUST21697,Anjali Mehta,146927.19999999998,19539.81,1,4.0
CUST23644,Arjun Das,146913.15,29511.13,1,3.0
CUST19103,Swati Rao,146899.2,20033.24,1,3.0
CUST26823,Ankit Dutta,146893.75,29068.72,1,5.0
CUST11745,Unknown,146850.0,31159.54,1,2.0
CUST17434,Pooja Behera,146843.2,27489.56,1,2.0
CUST28717,Abhishek Nayak,146812.0,24516.13,1,4.0
CUST24287,Rohit Patel,146811.0,22633.65,1,3.0
CUST12968,Ankit Mohanty,146783.25,12742.15,1,3.0
CUST20149,Sneha Dutta,146779.2,23837.7,1,3.0
CUST13481,Swati Panda,146772.0,19734.84,1,5.0
CUST23072,Rahul Verma,146756.4,8266.21,1,4.0
CUST13280,Abhishek Behera,146748.0,12572.2,1,4.0
CUST22430,Pooja Gupta,146732.0,15423.01,1,2.0
CUST26843,Manish Mohanty,146676.0,27370.04,1,2.0
CUST17770,Karan Dutta,146675.25,30844.84,1,5.0
CUST26408,Vivek Sahu,146652.0,11374.88,1,2.0
CUST26464,Ankit Panda,146650.5,24683.71,1,3.0
CUST12056,Swati Behera,146635.2,17361.19,1,3.0
CUST12302,Karan Dutta,146632.0,28985.98,1,4.0
CUST21303,Ankit Mohanty,146571.59999999998,34266.37,1,3.0
CUST17838,Sanjay Mohanty,146550.6,20157.08,1,2.0
CUST24021,Neha Jain,146548.9,35192.83,1,2.0
CUST21684,Sanjay Singh,146541.6,30580.73,1,2.0
CUST14238,Shreya Panda,146535.9,30156.23,1,3.0
CUST11627,Vikas Singh,146485.25,21918.54,1,5.0
CUST19208,Riya Gupta,146470.5,35517.75,1,3.0
CUST25406,Rahul Mishra,146442.6,28349.31,1,3.0
CUST14835,Manish Jain,146439.9,20895.32,1,3.0
CUST10936,Suresh Nayak,146404.5,30548.71,1,3.0
CUST28943,Suresh Gupta,146355.0,9544.47,1,3.0
CUST15489,Arjun Nayak,146332.80000000002,30647.75,1,4.0
CUST18907,Manish Singh,146328.0,27548.1,1,4.0
CUST11282,Manish Dutta,146326.6,13938.18,1,2.0
CUST22635,Karan Das,146295.0,34343.24,1,2.0
CUST25451,Abhishek Nayak,146279.0,36559.11,1,5.0
CUST18314,Vikas Reddy,146263.75,22935.77,1,5.0
CUST18268,Rahul Das,146235.0,36114.59,1,5.0
CUST14819,Arjun Jain,146210.4,15782.26,1,3.0
CUST18629,Kavita Reddy,146207.85,31896.59,1,3.0
CUST13556,Shreya Yadav,146193.6,26940.94,1,4.0
CUST26405,Anjali Verma,146179.35,15155.55,1,3.0
CUST27555,Shreya Panda,146178.75,35106.92,1,5.0
CUST15371,Suresh Mehta,146115.0,26743.53,1,2.0
CUST19107,Neha Dutta,146097.15,8138.29,1,3.0
CUST26507,Abhishek Mishra,146095.2,17418.3,1,2.0
CUST25100,Neha Yadav,146094.8,9244.24,1,2.0
CUST13905,Sanjay Gupta,146081.25,28589.21,1,5.0
CUST26048,Vivek Panda,146067.0,13051.84,1,3.0
CUST27250,Sneha Panda,146043.0,14584.08,1,2.0
CUST13042,Anjali Singh,146036.8,26000.94,1,2.0
CUST24720,Riya Rao,146029.5,36015.39,1,2.0
CUST14055,Rahul Singh,146023.19999999998,7658.48,1,3.0
CUST13863,Shreya Behera,146009.3,31581.76,1,2.0
CUST27933,Sanjay Kumar,145982.4,18138.56,1,3.0
CUST26098,Nisha Dutta,145973.19999999998,35574.67,1,2.0
CUST13054,Amit Panda,145960.5,13722.91,1,3.0
CUST18836,Vikas Mohanty,145958.0,12798.82,1,2.0
CUST23588,Karan Mohanty,145953.25,20928.83,1,5.0
CUST27775,Rahul Kumar,145951.2,11755.99,1,2.0
CUST24465,Sneha Panda,145947.0,28026.19,1,2.0
CUST16061,Shreya Dutta,145926.0,34735.94,1,2.0
CUST17598,Riya Rao,145924.80000000002,29002.82,1,3.0
CUST23749,Pooja Sharma,145915.25,12454.89,1,5.0
CUST26454,Nisha Verma,145911.0,22167.55,1,2.0
CUST17384,Kavita Kumar,145886.4,21344.4,1,3.0
CUST22225,Deepak Sahu,145868.0,31441.99,1,5.0
CUST10771,Raj Yadav,145836.4,23264.29,1,2.0
CUST19986,Sanjay Kumar,145807.19999999998,24395.16,1,3.0
CUST12488,Shreya Mishra,145800.0,15359.96,1,5.0
CUST16058,Manish Patel,145774.80000000002,23407.53,1,2.0
CUST22826,Ankit Singh,145765.65,26757.02,1,3.0
CUST14790,Suresh Panda,145742.4,9954.15,1,3.0
CUST24117,Ankit Reddy,145729.5,33634.57,1,2.0
CUST14850,Swati Pradhan,145718.4,8921.11,1,2.0
CUST28495,Manish Mohanty,145702.4,27838.96,1,2.0
CUST23590,Akash Dutta,145692.80000000002,17189.72,1,4.0
CUST15659,Suresh Pradhan,145658.0,21681.47,1,2.0
CUST25521,Sneha Nayak,145638.0,10790.02,1,3.0
CUST27366,Amit Singh,145630.80000000002,14771.52,1,4.0
CUST16497,Vivek Patel,145609.6,35078.0,1,2.0
CUST10405,Sanjay Mehta,145574.4,35630.8,1,4.0
CUST19894,Priya Panda,145533.6,29639.37,1,4.0
CUST18392,Karan Dutta,145532.80000000002,28802.2,1,4.0
CUST18877,Raj Pradhan,145519.2,10942.99,1,3.0
CUST10826,Sneha Yadav,145482.0,10978.42,1,4.0
CUST28934,Sneha Mohanty,145472.4,33701.32,1,2.0
CUST28523,Akash Nayak,145446.9,19942.89,1,3.0
CUST17840,Riya Mehta,145428.0,19958.1,1,3.0
CUST21984,Vikas Yadav,145423.94999999998,25772.73,1,3.0
CUST19200,Riya Rao,145406.4,35602.1,1,3.0
CUST12911,Neha Pradhan,145399.5,21552.33,1,5.0
CUST21977,Shreya Jain,145390.0,11482.14,1,4.0
CUST18039,Priya Patel,145350.4,7633.67,1,2.0
CUST22203,Priya Verma,145290.5,26054.02,1,2.0
CUST21623,Abhishek Rao,145215.0,29926.25,1,3.0
CUST16819,Sanjay Panda,145193.6,28432.09,1,2.0
CUST22071,Neha Rao,145179.0,19289.27,1,2.0
CUST13446,Arjun Mishra,145173.6,34065.38,1,3.0
CUST10601,Karan Das,145160.0,25295.8352666667,1,5.0
CUST21458,Suresh Yadav,145154.3,17853.26,1,2.0
CUST15783,Ankit Sahu,145132.0,34515.52,1,5.0
CUST19063,Manish Reddy,145120.5,10461.0,1,3.0
CUST19736,Vivek Mehta,145089.9,14096.14,1,2.0
CUST23699,Vivek Mehta,145088.0,10532.37,1,2.0
CUST16312,Vivek Yadav,145078.3,30747.5,1,2.0
CUST23350,Amit Mohanty,145055.25,23476.39,1,3.0
CUST23544,Sanjay Pradhan,145038.0,35048.1,1,4.0
CUST27842,Nisha Behera,145028.09999999998,36222.57,1,3.0
CUST25171,Rohit Sharma,144966.19999999998,17553.6,1,4.0
CUST21069,Sneha Das,144962.0,30260.61,1,2.0
CUST28920,Suresh Mohanty,144953.9,35242.02,1,2.0
CUST28536,Swati Verma,144951.0,33861.61,1,2.0
CUST18668,Neha Nayak,144903.75,25810.65,1,5.0
CUST22463,Ankit Das,144901.5,15681.76,1,2.0
CUST23600,Sanjay Sharma,144900.0,34921.93,1,4.0
CUST26770,Amit Patel,144889.5,24338.39,1,3.0
CUST24354,Priya Dutta,144875.2,25419.92,1,2.0
CUST18324,Manish Das,144861.0,13334.31,1,2.0
CUST23733,Rahul Gupta,144857.25,9055.24,1,3.0
CUST15691,Priya Das,144841.5,16732.33,1,3.0
CUST14096,Abhishek Rao,144839.85,33168.09,1,3.0
CUST18624,Kavita Patel,144826.5,34725.28,1,2.0
CUST17711,Vikas Kumar,144815.4,20003.45,1,2.0
CUST16542,Nisha Yadav,144790.4,18987.58,1,4.0
CUST16338,Swati Sahu,144760.0,31143.69,1,2.0
CUST18729,Neha Panda,144684.4,31432.72,1,4.0
CUST20112,Deepak Panda,144678.0,23477.79,1,3.0
CUST19409,Anjali Das,144661.5,8251.66,1,5.0
CUST22644,Vivek Verma,144653.59999999998,12834.38,1,4.0
CUST10090,Swati Singh,144645.1,19056.53,1,2.0
CUST20375,Vikas Patel,144614.4,26656.55,1,2.0
CUST20318,Akash Sharma,144606.0,9315.5,1,5.0
CUST28390,Karan Panda,144598.0,17361.93,1,2.0
CUST18374,Rahul Rao,144595.2,17710.28,1,3.0
CUST26772,Amit Panda,144592.0,12048.82,1,2.0
CUST25510,Deepak Das,144590.1,11230.85,1,3.0
CUST20703,Sneha Verma,144566.0,8093.92,1,2.0
CUST19306,Vikas Dutta,144540.0,35814.4,1,4.0
CUST26801,Rahul Mehta,144525.5,8322.69,1,5.0
CUST23884,Anjali Patel,144523.5,7678.38,1,3.0
CUST13784,Nisha Gupta,144512.0,28307.99,1,5.0
CUST12341,Priya Das,144489.3,27156.9,1,2.0
CUST10792,Rahul Rao,144488.4,20595.02,1,3.0
CUST24991,Sanjay Mehta,144464.4,27217.29,1,4.0
CUST27589,Sanjay Mishra,144456.0,35976.08,1,3.0
CUST24411,Arjun Patel,144408.75,26375.36,1,5.0
CUST21214,Arjun Patel,144384.8,7720.85,1,4.0
CUST24218,Amit Behera,144377.6,8159.15,1,4.0
CUST18520,Manish Panda,144339.3,13895.43,1,3.0
CUST25652,Raj Yadav,144323.2,7722.95,1,4.0
CUST10642,Rahul Verma,144312.0,31733.34,1,4.0
CUST22715,Ankit Das,144304.80000000002,16715.1,1,3.0
CUST14447,Ankit Gupta,144302.4,15454.54,1,2.0
CUST23152,Akash Kumar,144280.5,37401.76,1,3.0
CUST25220,Raj Nayak,144272.0,10863.78,1,5.0
CUST27969,Rahul Gupta,144247.05,29157.05,1,3.0
CUST15424,Abhishek Reddy,144243.0,12867.3,1,3.0
CUST10115,Neha Verma,144227.1,18993.36,1,3.0
CUST19394,Vikas Pradhan,144223.8,20825.21,1,3.0
CUST16018,Suresh Mohanty,144220.5,32589.18,1,2.0
CUST28060,Arjun Yadav,144186.0,12855.06,1,2.0
CUST15044,Akash Reddy,144158.3,11460.65,1,2.0
CUST26517,Priya Singh,144141.3,15472.08,1,3.0
CUST17684,Nisha Kumar,144138.0,31582.3,1,2.0
CUST16250,Suresh Verma,144126.0,29798.32,1,3.0
CUST11827,Anjali Jain,144109.0,35217.52,1,2.0
CUST14088,Abhishek Mohanty,144100.80000000002,24740.43,1,3.0
CUST12143,Rahul Pradhan,144074.25,31199.48,1,3.0
CUST14182,Sanjay Patel,144066.0,13045.04,1,2.0
CUST11386,Arjun Mishra,143953.82,27955.72,1,2.0
CUST21275,Akash Patel,143952.0,20628.36,1,4.0
CUST12629,Deepak Reddy,143930.5,31748.56,1,5.0
CUST12566,Suresh Mehta,143903.38,29303.28,1,2.0
CUST23444,Rahul Sharma,143891.4,16569.67,1,4.0
CUST13670,Deepak Panda,143830.94999999998,7951.84,1,3.0
CUST21571,Riya Panda,143808.0,23238.34,1,3.0
CUST16290,Akash Das,143799.6,22899.85,1,2.0
CUST19810,Arjun Sharma,143786.0,17941.17,1,4.0
CUST20990,Arjun Jain,143765.4,20226.9,1,4.0
CUST13489,Pooja Panda,143760.5,13532.05,1,2.0
CUST27666,Neha Singh,143740.80000000002,8114.67,1,2.0
CUST19210,Rahul Mehta,143739.0,26798.61,1,2.0
CUST10914,Riya Mehta,143688.0,30980.38,1,3.0
CUST15955,Akash Jain,143670.4,19433.32,1,2.0
CUST19781,Swati Mohanty,143654.4,22349.29,1,3.0
CUST20428,Suresh Mehta,143649.15,8433.19,1,3.0
CUST21999,Swati Kumar,143621.1,7189.4,1,3.0
CUST24634,Suresh Pradhan,143613.6,28380.65,1,3.0
CUST12367,Pooja Dutta,143565.9,17333.36,1,3.0
CUST20552,Arjun Das,143544.8,26717.72,1,4.0
CUST15971,Kavita Kumar,143539.5,23181.24,1,3.0
CUST21764,Priya Singh,143535.0,19931.13,1,3.0
CUST19963,Riya Gupta,143531.2,20155.48,1,2.0
CUST10406,Sneha Rao,143510.0,13541.09,1,5.0
CUST24676,Sneha Gupta,143508.0,27876.11,1,5.0
CUST21614,Pooja Verma,143484.80000000002,14687.62,1,2.0
CUST16870,Deepak Mishra,143460.0,11049.28,1,3.0
CUST20545,Rahul Rao,143459.5,35799.72,1,5.0
CUST25624,Akash Sharma,143451.0,35003.96,1,4.0
CUST12854,Suresh Panda,143417.4,9739.06,1,3.0
CUST10809,Riya Patel,143411.25,11487.11,1,5.0
CUST25935,Kavita Mohanty,143327.0,34403.03,1,4.0
CUST27160,Manish Pradhan,143301.0,16552.75,1,3.0
CUST25373,Amit Mehta,143298.0,35154.92,1,2.0
CUST14621,Deepak Rao,143286.0,13703.76,1,3.0
CUST28341,Suresh Mehta,143268.0,16559.5,1,4.0
CUST23786,Swati Dutta,143256.0,27552.86,1,4.0
CUST10713,Rahul Mohanty,143227.80000000002,19959.43,1,2.0
CUST11792,Neha Das,143218.80000000002,14446.45,1,2.0
CUST20191,Karan Singh,143191.6,23595.55,1,4.0
CUST16444,Unknown,143178.30000000002,29115.5,1,3.0
CUST19141,Suresh Yadav,143136.0,13612.52,1,4.0
CUST23548,Priya Patel,143133.0,28876.53,1,4.0
CUST10459,Pooja Rao,143112.0,19151.23,1,4.0
CUST25191,Abhishek Das,143112.0,11178.28,1,5.0
CUST28164,Anjali Das,143109.0,17313.07,1,5.0
CUST19734,Raj Dutta,143092.80000000002,29282.32,1,3.0
CUST20537,Raj Jain,143062.65,21834.21,1,3.0
CUST13568,Nisha Sharma,143046.0,30266.21,1,3.0
CUST14049,Suresh Rao,143046.0,24554.2,1,4.0
CUST16086,Deepak Mehta,143043.59999999998,18672.97,1,3.0
CUST14508,Pooja Mohanty,143038.0,32294.95,1,4.0
CUST26667,Swati Mishra,143035.8,10022.93,1,2.0
CUST22360,Abhishek Singh,143025.0,11759.68,1,4.0
CUST14112,Rohit Reddy,142929.0,24144.08,1,2.0
CUST27761,Manish Singh,142924.80000000002,15073.43,1,4.0
CUST11721,Raj Sahu,142910.0,20808.22,1,5.0
CUST11415,Riya Kumar,142903.5,14642.35,1,2.0
CUST23706,Rahul Mohanty,142879.53040152963,34433.44,1,3.0
CUST17888,Abhishek Yadav,142879.53040152963,31252.21,1,3.0
CUST10023,Rahul Behera,142879.53040152963,10687.53,1,3.0
CUST16400,Priya Sharma,142870.5,24323.86,1,3.0
CUST28574,Rahul Nayak,142827.19999999998,31060.35,1,2.0
CUST19343,Deepak Behera,142824.9,19312.86,1,3.0
CUST11950,Ankit Dutta,142819.2,26031.35,1,2.0
CUST12208,Rohit Pradhan,142815.0,11342.37,1,5.0
CUST21487,Shreya Pradhan,142815.0,27625.72,1,3.0
CUST25257,Swati Mohanty,142813.5,22666.66,1,3.0
CUST28041,Manish Singh,142806.0,15870.65,1,2.0
CUST19124,Rahul Mohanty,142783.2,27358.72,1,4.0
CUST28174,Anjali Sharma,142754.1,35186.02,1,3.0
CUST15301,Sanjay Panda,142744.0,24112.39,1,5.0
CUST17631,Amit Verma,142742.0,31567.09,1,2.0
CUST12868,Shreya Sahu,142659.9,32540.89,1,3.0
CUST26883,Deepak Kumar,142649.6,15642.72,1,4.0
CUST25760,Suresh Singh,142609.25,27257.57,1,5.0
CUST15299,Vikas Singh,142588.0,18473.01,1,4.0
CUST15213,Shreya Mohanty,142584.0,23613.67,1,5.0
CUST21230,Vikas Singh,142547.5,14311.87,1,2.0
CUST13873,Shreya Mehta,142542.75,21225.73,1,3.0
CUST12315,Neha Panda,142510.0,22882.55,1,5.0
CUST28223,Pooja Rao,142494.0,9892.05,1,4.0
CUST13010,Ankit Mehta,142490.6,9257.12,1,4.0
CUST22435,Priya Nayak,142480.4,23961.1,1,2.0
CUST15661,Sanjay Rao,142439.6,34045.74,1,4.0
CUST20556,Amit Reddy,142425.15,26280.25,1,3.0
CUST14554,Riya Nayak,142414.5,14913.87,1,3.0
CUST16693,Riya Gupta,142392.0,32161.41,1,2.0
CUST19689,Priya Mehta,142373.3,29635.03,1,2.0
CUST24275,Rahul Mohanty,142333.35,24895.41,1,3.0
CUST26352,Raj Dutta,142312.0,14996.72,1,4.0
CUST20952,Karan Patel,142309.05,34958.95,1,3.0
CUST13508,Amit Mishra,142300.19999999998,12477.21,1,4.0
CUST25343,Rohit Das,142271.1,34047.65,1,3.0
CUST19643,Rohit Panda,142264.5,25393.93,1,2.0
CUST22606,Priya Mishra,142254.0,32253.3,1,5.0
CUST28552,Karan Kumar,142173.9,26253.84,1,3.0
CUST24812,Rahul Kumar,142150.0,12688.88,1,5.0
CUST12088,Sneha Sharma,142140.0,24146.05,1,2.0
CUST12917,Kavita Rao,142135.5,22514.83,1,2.0
CUST23615,Neha Yadav,142130.0,27777.49,1,2.0
CUST19915,Sanjay Reddy,142124.80000000002,33662.33,1,4.0
CUST14996,Deepak Kumar,142104.0,16617.36,1,4.0
CUST15568,Manish Mohanty,142101.3,9419.38,1,2.0
CUST12605,Vivek Sahu,142099.2,12820.5,1,2.0
CUST22051,Abhishek Dutta,142087.2,18325.49,1,3.0
CUST16143,Priya Sharma,142046.4,18390.83,1,2.0
CUST16988,Anjali Patel,142044.0,24071.96,1,3.0
CUST14306,Akash Sharma,142036.5,28112.38,1,2.0
CUST24130,Kavita Singh,142032.8,16463.72,1,4.0
CUST13563,Sneha Behera,141988.0,26225.04,1,4.0
CUST21829,Karan Sharma,141952.5,16786.38,1,3.0
CUST25034,Akash Jain,141917.69999999998,15558.74,1,2.0
CUST15618,Vivek Gupta,141910.0,14985.67,1,2.0
CUST16087,Riya Gupta,141886.4,25048.87,1,2.0
CUST24926,Amit Reddy,141885.6,28654.49,1,3.0
CUST14434,Neha Nayak,141882.0,22155.55,1,2.0
CUST13661,Pooja Mohanty,141873.0,20645.58,1,2.0
CUST20865,Priya Singh,141864.75,33473.79,1,3.0
CUST12144,Arjun Mohanty,141846.4,21381.29,1,2.0
CUST14982,Nisha Panda,141835.2,27879.5,1,2.0
CUST28968,Riya Yadav,141831.0,19741.47,1,5.0
CUST24152,Swati Mishra,141784.25,9676.11,1,5.0
CUST17477,Abhishek Verma,141778.94999999998,24583.76,1,3.0
CUST14213,Unknown,141778.0,24649.07,1,5.0
CUST16585,Sneha Das,141758.0,10069.33,1,2.0
CUST10279,Arjun Pradhan,141747.19999999998,32013.75,1,4.0
CUST10043,Rohit Gupta,141734.1,31659.68,1,2.0
CUST13519,Swati Behera,141718.8,31597.02,1,3.0
CUST14487,Abhishek Mehta,141705.8,17551.88,1,4.0
CUST19706,Unknown,141694.4,15833.61,1,2.0
CUST27309,Shreya Yadav,141691.6,7597.07,1,4.0
CUST12673,Deepak Nayak,141689.9,32225.86,1,2.0
CUST17245,Abhishek Verma,141678.0,22114.09,1,4.0
CUST27725,Akash Mishra,141648.5,22098.83,1,5.0
CUST15508,Sneha Mehta,141638.4,17008.14,1,2.0
CUST14617,Abhishek Das,141621.9,31974.52,1,2.0
CUST10791,Anjali Verma,141601.6,25198.72,1,2.0
CUST13807,Akash Nayak,141582.3,8218.28,1,2.0
CUST11264,Arjun Nayak,141556.0,32755.33,1,5.0
CUST13292,Sneha Mehta,141555.6,13757.7,1,4.0
CUST13202,Manish Singh,141534.0,19788.08,1,3.0
CUST11935,Neha Sharma,141504.75,32040.7,1,3.0
CUST11318,Shreya Yadav,141472.80000000002,19798.48,1,4.0
CUST16597,Shreya Jain,141472.0,24472.31,1,4.0
CUST22751,Vivek Behera,141460.4,34336.62,1,2.0
CUST15056,Neha Panda,141458.8,18573.44,1,2.0
CUST22240,Ankit Sharma,141444.0,26656.46,1,3.0
CUST10345,Unknown,141417.9,25069.84,1,3.0
CUST20279,Vikas Sahu,141372.0,33083.97,1,4.0
CUST26425,Riya Nayak,141367.5,26159.26,1,5.0
CUST11408,Sneha Mishra,141366.4,15875.32,1,4.0
CUST25972,Riya Mishra,141350.4,17854.79,1,3.0
CUST25484,Riya Pradhan,141341.4,11857.32,1,3.0
CUST22805,Kavita Pradhan,141340.5,25181.27,1,5.0
CUST14499,Amit Dutta,141321.0,24060.32,1,4.0
CUST12154,Kavita Das,141312.5,28898.46,1,5.0
CUST14367,Priya Rao,141312.0,32044.61,1,4.0
CUST18242,Karan Dutta,141264.0,26416.39,1,4.0
CUST28015,Karan Mohanty,141264.0,34077.3,1,3.0
CUST10156,Neha Singh,141235.2,12591.91,1,3.0
CUST19078,Pooja Yadav,141228.0,8386.89,1,4.0
CUST18751,Pooja Das,141213.75,12293.02,1,5.0
CUST16122,Abhishek Das,141185.85,19552.14,1,3.0
CUST12665,Priya Pradhan,141174.0,30876.57,1,3.0
CUST15578,Priya Pradhan,141141.0,15410.48,1,4.0
CUST24443,Rohit Kumar,141117.75,9897.04,1,5.0
CUST23437,Ankit Kumar,141097.8,10182.82,1,3.0
CUST16299,Pooja Sahu,141091.5,15059.94,1,3.0
CUST17373,Vivek Gupta,141077.85,22711.81,1,3.0
CUST12382,Shreya Gupta,141074.5,10793.44,1,2.0
CUST13482,Kavita Patel,141039.0,26721.77,1,5.0
CUST22065,Rahul Rao,141038.4,19298.86,1,2.0
CUST11604,Raj Yadav,141033.6,26259.83,1,2.0
CUST14124,Shreya Sharma,140918.4,14276.82,1,4.0
CUST18529,Arjun Patel,140904.0,14062.63,1,2.0
CUST21770,Sanjay Behera,140901.59999999998,30080.5,1,3.0
CUST26632,Swati Sharma,140896.0,17762.18,1,2.0
CUST11061,Karan Nayak,140874.0,30178.32,1,4.0
CUST16288,Vikas Patel,140822.3,26439.69,1,2.0
CUST17769,Manish Mishra,140734.80000000002,28757.85,1,3.0
CUST17359,Raj Singh,140733.0,7397.64,1,2.0
CUST28254,Arjun Rao,140729.4,15505.01,1,2.0
CUST23960,Rohit Rao,140658.75,34313.42,1,5.0
CUST24592,Priya Sharma,140639.4,19237.04,1,2.0
CUST28684,Priya Jain,140582.4,9066.09,1,3.0
CUST21254,Suresh Singh,140568.0,12646.71,1,5.0
CUST16115,Riya Nayak,140549.5,31494.71,1,5.0
CUST28973,Riya Singh,140545.80000000002,25226.9,1,3.0
CUST15045,Rohit Singh,140537.7,20070.78,1,3.0
CUST13414,Sanjay Verma,140535.6,16675.91,1,2.0
CUST19691,Shreya Patel,140525.0,11854.28,1,5.0
CUST24327,Arjun Yadav,140514.0,17181.92,1,2.0
CUST22069,Nisha Sahu,140512.4,24989.75,1,4.0
CUST13398,Vivek Das,140417.6,21981.23,1,2.0
CUST11009,Kavita Mishra,140408.1,30141.34,1,2.0
CUST27294,Swati Panda,140372.87197343263,37673.05,1,4.0
CUST24750,Rohit Patel,140372.87197343263,8734.51,1,4.0
CUST27668,Neha Mishra,140372.87197343263,25390.81,1,4.0
CUST14893,Rahul Dutta,140336.85,24148.46,1,3.0
CUST25365,Sanjay Dutta,140329.05,18570.52,1,3.0
CUST17114,Raj Pradhan,140316.0,24481.44,1,3.0
CUST18449,Akash Nayak,140299.8,28438.46,1,3.0
CUST12871,Riya Mishra,140284.80000000002,12863.35,1,2.0
CUST24386,Vivek Kumar,140216.4,19272.81,1,3.0
CUST13240,Karan Behera,140193.9,33830.43,1,3.0
CUST18052,Amit Dutta,140127.75,33243.48,1,3.0
CUST26504,Pooja Jain,140085.0,15757.37,1,5.0
CUST12669,Shreya Reddy,140067.0,8457.68,1,3.0
CUST20599,Akash Mohanty,140041.5,32262.54,1,2.0
CUST14811,Manish Sahu,140022.0,16993.82,1,4.0
CUST10131,Pooja Sharma,140001.0,13777.36,1,3.0
CUST11075,Kavita Pradhan,139896.0,8378.3,1,5.0
CUST11923,Suresh Nayak,139895.1,15048.08,1,3.0
CUST11095,Nisha Reddy,139862.8,33587.01,1,4.0
CUST12894,Sneha Verma,139837.75,10035.43,1,5.0
CUST11336,Pooja Mehta,139836.80000000002,23272.24,1,4.0
CUST12175,Priya Patel,139792.5,25553.7,1,3.0
CUST26095,Sanjay Behera,139755.0,12760.37,1,3.0
CUST21972,Sanjay Singh,139732.0,9013.82,1,5.0
CUST10544,Abhishek Pradhan,139718.4,16687.75,1,3.0
CUST22732,Sneha Gupta,139699.19999999998,20217.57,1,2.0
CUST12643,Rahul Reddy,139695.5,17943.06,1,5.0
CUST13308,Abhishek Mehta,139672.8,23907.65,1,4.0
CUST18210,Suresh Dutta,139659.25,23243.3,1,5.0
CUST25286,Akash Singh,139654.80000000002,20452.71,1,4.0
CUST11829,Unknown,139654.80000000002,19502.48,1,3.0
CUST10348,Kavita Panda,139654.75,30580.8,1,5.0
CUST20308,Shreya Jain,139648.19999999998,14816.36,1,4.0
CUST28089,Abhishek Pradhan,139638.6,8174.01,1,2.0
CUST13589,Pooja Reddy,139638.6,31166.7,1,4.0
CUST18858,Swati Pradhan,139631.09999999998,13156.64,1,3.0
CUST20096,Arjun Sahu,139629.5,16625.17,1,5.0
CUST27135,Pooja Das,139610.25,20319.48,1,3.0
CUST28007,Anjali Pradhan,139602.3,21258.9,1,3.0
CUST14591,Raj Singh,139540.5,34672.49,1,2.0
CUST27553,Neha Nayak,139534.5,30537.0,1,5.0
CUST16458,Akash Pradhan,139533.75,32001.01,1,5.0
CUST14656,Priya Jain,139497.0,21708.23,1,3.0
CUST23383,Sanjay Sharma,139470.0,26130.05,1,2.0
CUST20132,Deepak Kumar,139456.80000000002,22595.240166666612,1,2.0
CUST10846,Suresh Singh,139435.3,18454.2,1,2.0
CUST22002,Riya Rao,139397.4,26821.73,1,2.0
CUST22492,Suresh Pradhan,139369.5,32910.14,1,5.0
CUST14167,Swati Kumar,139350.6,29080.52,1,2.0
CUST12708,Anjali Yadav,139330.8,24601.06,1,3.0
CUST16321,Ankit Nayak,139319.59999999998,9734.02,1,2.0
CUST23030,Raj Nayak,139315.2,12479.92,1,2.0
CUST21661,Sanjay Behera,139315.0,31400.78,1,5.0
CUST24109,Kavita Verma,139308.4,19086.9,1,2.0
CUST13373,Priya Sharma,139296.0,19049.54,1,3.0
CUST17404,Nisha Panda,139284.9,22715.64,1,3.0
CUST12620,Raj Behera,139269.0,28690.25,1,3.0
CUST16291,Anjali Mohanty,139254.8,9970.59,1,4.0
CUST25437,Deepak Mehta,139212.0,31823.18,1,3.0
CUST21611,Arjun Rao,139203.0,26815.94,1,3.0
CUST17260,Deepak Panda,139189.25,22598.05,1,5.0
CUST21333,Anjali Rao,139181.0,9745.79,1,2.0
CUST27951,Ankit Singh,139140.80000000002,29350.34,1,2.0
CUST13722,Akash Jain,139128.0,14145.36,1,5.0
CUST24401,Vivek Yadav,139125.6,16560.45,1,3.0
CUST14516,Anjali Rao,139094.85,14051.21,1,3.0
CUST23123,Neha Jain,139092.3,30903.49,1,2.0
CUST27343,Abhishek Sharma,139058.5,12618.76,1,5.0
CUST23492,Deepak Mohanty,139034.5,22340.26,1,5.0
CUST14435,Abhishek Mehta,138995.2,19906.6,1,4.0
CUST26606,Deepak Yadav,138948.0,8965.85,1,4.0
CUST12444,Kavita Mishra,138935.6,16379.44,1,4.0
CUST21725,Rahul Mishra,138924.19999999998,15308.9,1,2.0
CUST13264,Akash Nayak,138905.19999999998,17085.73,1,4.0
CUST27101,Anjali Nayak,138904.25,15549.68,1,5.0
CUST23999,Abhishek Mohanty,138895.69999999998,19695.17,1,2.0
CUST17715,Karan Rao,138890.25,7126.25,1,3.0
CUST27763,Sneha Nayak,138871.80000000002,8985.14,1,2.0
CUST16165,Akash Mishra,138871.59999999998,16569.92,1,2.0
CUST10360,Arjun Mehta,138866.25,18503.04,1,3.0
CUST22012,Raj Rao,138854.85,30223.9,1,3.0
CUST16038,Amit Sharma,138850.5,32262.25,1,2.0
CUST11207,Manish Sahu,138844.80000000002,13848.15,1,3.0
CUST15222,Akash Mehta,138820.80000000002,12097.91,1,3.0
CUST26513,Deepak Singh,138798.0,19363.04,1,4.0
CUST27760,Vikas Pradhan,138787.2,17285.23,1,4.0
CUST28769,Riya Sharma,138771.0,18914.72,1,4.0
CUST21453,Deepak Singh,138758.25,34417.84,1,5.0
CUST20872,Raj Pradhan,138753.0,28306.86,1,3.0
CUST25954,Rahul Reddy,138745.59999999998,32455.5,1,2.0
CUST28690,Anjali Sharma,138738.0,12216.56,1,5.0
CUST19750,Anjali Behera,138731.4,19282.28,1,3.0
CUST26174,Amit Kumar,138729.6,8970.92,1,4.0
CUST21938,Priya Mehta,138672.0,20441.86,1,3.0
CUST10805,Kavita Dutta,138650.4,28846.49,1,2.0
CUST28484,Sanjay Reddy,138648.0,9879.32,1,2.0
CUST11442,Deepak Jain,138643.0,30249.82,1,5.0
CUST13876,Vikas Dutta,138622.4,15205.16,1,4.0
CUST19488,Anjali Nayak,138598.2,10466.62,1,2.0
CUST13936,Rahul Kumar,138595.5,23757.39,1,3.0
CUST28324,Sanjay Kumar,138593.6,21512.67,1,2.0
CUST19850,Unknown,138578.4,28694.22,1,4.0
CUST27802,Amit Pradhan,138552.0,14145.19,1,4.0
CUST21195,Nisha Jain,138535.5,19041.3,1,2.0
CUST22054,Deepak Singh,138532.0,23915.54,1,5.0
CUST13946,Suresh Verma,138516.0,32974.66,1,5.0
CUST10523,Manish Behera,138515.2,11485.66,1,2.0
CUST20663,Abhishek Das,138507.15,29804.95,1,3.0
CUST17860,Pooja Gupta,138499.2,24709.03,1,3.0
CUST16006,Karan Gupta,138480.0,25571.01,1,4.0
CUST23520,Nisha Sahu,138471.0,23101.98,1,2.0
CUST26939,Ankit Jain,138465.0,32031.81,1,5.0
CUST19369,Akash Sharma,138445.4,10797.58,1,4.0
CUST12496,Sanjay Pradhan,138393.0,32811.53,1,2.0
CUST26261,Riya Mohanty,138388.0,23314.69,1,5.0
CUST14319,Sneha Jain,138366.0,22730.83,1,4.0
CUST15456,Amit Behera,138363.0,33569.17,1,2.0
CUST11747,Kavita Verma,138323.25,31512.11,1,3.0
CUST22209,Raj Jain,138312.4,31969.16,1,4.0
CUST24521,Nisha Kumar,138312.0,29692.78,1,5.0
CUST20237,Vikas Kumar,138295.0,23819.42,1,5.0
CUST15820,Suresh Dutta,138252.80000000002,29900.25,1,4.0
CUST11485,Manish Rao,138247.2,30466.43,1,3.0
CUST15915,Sneha Pradhan,138222.15,12114.77,1,3.0
CUST21685,Swati Patel,138215.5,19245.82,1,5.0
CUST13601,Deepak Sharma,138195.0,14105.25,1,2.0
CUST12482,Neha Dutta,138171.6,33562.26,1,2.0
CUST23372,Kavita Nayak,138170.85,27565.51,1,3.0
CUST14867,Sneha Kumar,138166.0,20703.78,1,4.0
CUST18970,Abhishek Kumar,138165.0,23259.72,1,5.0
CUST22253,Kavita Jain,138160.69999999998,34690.67,1,2.0
CUST19066,Sanjay Pradhan,138159.0,10007.74,1,3.0
CUST18461,Karan Mehta,138118.4,14769.6,1,4.0
CUST25028,Priya Kumar,138105.0,12317.78,1,2.0
CUST28820,Priya Sahu,138096.0,11967.88,1,4.0
CUST13037,Swati Gupta,138093.9,21699.74,1,2.0
CUST10898,Sneha Yadav,138090.0,30507.33,1,4.0
CUST23411,Vivek Mohanty,138089.0,18910.24,1,5.0
CUST22301,Vikas Sahu,138074.0,23273.96,1,4.0
CUST16666,Riya Nayak,138067.2,25802.13,1,4.0
CUST21543,Sneha Dutta,138057.0,23975.95,1,4.0
CUST13829,Neha Nayak,138051.9,12443.52,1,3.0
CUST26404,Karan Mehta,138044.5,22277.24,1,5.0
CUST11680,Riya Mehta,138035.8,30187.95,1,2.0
CUST27613,Pooja Singh,138021.0,23660.97,1,3.0
CUST23532,Suresh Rao,137995.8,8600.82,1,4.0
CUST19535,Swati Patel,137994.0,25437.91,1,3.0
CUST18231,Pooja Yadav,137988.0,7149.34,1,4.0
CUST19779,Deepak Mohanty,137973.6,15026.03,1,4.0
CUST16125,Raj Singh,137963.0,22343.33,1,2.0
CUST24585,Kavita Mishra,137949.6,17845.21,1,3.0
CUST13725,Anjali Mohanty,137943.1,12057.8,1,2.0
CUST21391,Akash Sharma,137932.80000000002,12380.94,1,4.0
CUST26254,Abhishek Singh,137921.6,29101.72,1,2.0
CUST14544,Vikas Panda,137918.19999999998,8799.71,1,2.0
CUST17419,Sneha Panda,137899.80000000002,12607.77,1,2.0
CUST15609,Kavita Yadav,137849.6,14927.38,1,2.0
CUST10906,Ankit Dutta,137751.0,15123.62,1,5.0
CUST21826,Karan Mehta,137692.5,22922.9,1,5.0
CUST23994,Manish Dutta,137628.0,8894.22,1,3.0
CUST22703,Priya Kumar,137619.0,34375.05,1,4.0
CUST21441,Nisha Kumar,137595.2,18698.74,1,2.0
CUST11329,Sneha Mehta,137577.6,7740.72,1,3.0
CUST27379,Priya Dutta,137561.19999999998,31792.16,1,2.0
CUST12310,Deepak Gupta,137548.0,24074.24,1,2.0
CUST12774,Rahul Rao,137534.4,12747.41,1,3.0
CUST18176,Amit Mohanty,137512.80000000002,11968.86,1,4.0
CUST13892,Arjun Jain,137507.9,8526.2,1,2.0
CUST27983,Vikas Gupta,137502.35,21310.41,1,5.0
CUST10053,Sneha Mohanty,137484.0,10554.7,1,2.0
CUST26914,Vikas Gupta,137477.19999999998,23238.29,1,4.0
CUST19808,Karan Pradhan,137460.0,9450.78,1,5.0
CUST10402,Amit Jain,137442.0,17677.9,1,2.0
CUST22260,Deepak Kumar,137432.0,18266.25,1,2.0
CUST20307,Priya Singh,137426.4,33325.96,1,2.0
CUST19693,Abhishek Patel,137415.6,24115.4,1,2.0
CUST17189,Nisha Gupta,137367.15,11020.27,1,3.0
CUST12125,Karan Rao,137367.0,34269.15,1,4.0
CUST27434,Riya Dutta,137366.8,33592.35,1,2.0
CUST16857,Karan Reddy,137312.0,24540.16,1,5.0
CUST26816,Vikas Sharma,137304.0,25465.14,1,4.0
CUST24508,Sanjay Gupta,137301.6,16072.64,1,4.0
CUST21707,Manish Mishra,137286.9,25142.6,1,3.0
CUST18040,Pooja Mehta,137276.0,12224.56,1,2.0
CUST23255,Karan Pradhan,137241.6,13668.86,1,4.0
CUST13522,Ankit Reddy,137214.0,29723.97,1,2.0
CUST20640,Amit Sharma,137205.3,29497.02,1,3.0
CUST18001,Amit Mehta,137166.4,29133.43,1,4.0
CUST27861,Kavita Mehta,137158.4,13934.64,1,4.0
CUST26321,Abhishek Das,137155.19999999998,27658.4,1,4.0
CUST19657,Neha Verma,137151.0,15117.47,1,5.0
CUST27946,Vivek Singh,137150.0,26374.9,1,2.0
CUST28989,Sanjay Reddy,137144.0,19581.65,1,2.0
CUST13200,Raj Mishra,137133.75,23510.56,1,5.0
CUST24490,Sanjay Yadav,137116.35,7611.36,1,3.0
CUST18854,Raj Sharma,137104.94999999998,20042.28,1,3.0
CUST26528,Anjali Mehta,137104.0,25610.34,1,4.0
CUST10304,Riya Kumar,136931.2,30303.89,1,4.0
CUST11089,Nisha Dutta,136914.4,24743.25,1,4.0
CUST21859,Vikas Yadav,136905.6,27412.12,1,3.0
CUST26964,Rahul Mishra,136818.0,32981.16,1,2.0
CUST21156,Sanjay Yadav,136816.0,20263.77,1,5.0
CUST21285,Rohit Reddy,136787.1,10884.97,1,2.0
CUST12235,Shreya Sharma,136782.0,13742.81,1,3.0
CUST12859,Pooja Panda,136755.0,17208.47,1,5.0
CUST20635,Abhishek Kumar,136741.19999999998,9740.02,1,3.0
CUST16349,Neha Rao,136731.6,28228.84,1,4.0
CUST19606,Priya Mishra,136713.6,10038.08,1,2.0
CUST28170,Vikas Pradhan,136713.15,16941.92,1,3.0
CUST20523,Rahul Mohanty,136712.0,24710.32,1,5.0
CUST12874,Pooja Sahu,136684.8,18580.99,1,4.0
CUST14988,Manish Patel,136660.0,23199.69,1,2.0
CUST25768,Rahul Singh,136627.2,17474.7,1,3.0
CUST15342,Kavita Rao,136610.3,13851.26,1,2.0
CUST22226,Riya Yadav,136594.8,21136.35,1,2.0
CUST28908,Pooja Behera,136589.6,23152.86,1,2.0
CUST22248,Arjun Verma,136568.0,32560.84,1,2.0
CUST13853,Manish Behera,136441.80000000002,42793.38,1,3.0
CUST25154,Vivek Dutta,136436.4,14072.92,1,3.0
CUST27159,Pooja Dutta,136420.19999999998,15491.52,1,3.0
CUST10254,Riya Patel,136406.4,26757.97,1,2.0
CUST14197,Suresh Reddy,136404.0,13683.76,1,3.0
CUST11749,Kavita Verma,136362.0,24736.09,1,4.0
CUST28178,Ankit Mohanty,136361.25,29108.27,1,3.0
CUST28462,Amit Rao,136361.25,24741.72,1,5.0
CUST25194,Vikas Sharma,136358.6,19795.4,1,2.0
CUST26312,Priya Reddy,136340.0,30908.88,1,5.0
CUST11724,Sanjay Gupta,136294.5,22855.06,1,2.0
CUST11383,Anjali Sahu,136289.0,21182.69,1,4.0
CUST13747,Shreya Kumar,136240.0,15014.43,1,2.0
CUST20088,Vikas Pradhan,136204.0,23579.03,1,5.0
CUST25457,Priya Reddy,136182.75,30234.07,1,3.0
CUST23667,Nisha Sharma,136169.1,23197.29,1,3.0
CUST14409,Raj Verma,136167.0,6954.97,1,2.0
CUST16801,Priya Verma,136157.0,24402.65,1,5.0
CUST12637,Kavita Sharma,136147.2,24651.87,1,3.0
CUST22040,Suresh Sahu,136145.0,8803.1,1,5.0
CUST15976,Neha Panda,136092.80000000002,14590.22,1,4.0
CUST21512,Pooja Panda,136087.2,10630.04,1,3.0
CUST11146,Priya Mehta,136084.0,32908.67,1,5.0
CUST27661,Arjun Kumar,136070.4,9105.71,1,2.0
CUST11907,Kavita Behera,136068.0,40922.75,1,3.0
CUST23129,Riya Yadav,136061.85,11926.53,1,3.0
CUST17202,Suresh Sharma,135973.5,10641.51,1,3.0
CUST28460,Priya Mehta,135964.0,10194.12,1,4.0
CUST23324,Akash Rao,135951.75,21703.01,1,3.0
CUST21337,Pooja Kumar,135920.0,8647.79,1,4.0
CUST13237,Sanjay Dutta,135890.4,23501.9,1,3.0
CUST22913,Swati Das,135875.6,15655.28,1,4.0
CUST21452,Abhishek Rao,135862.3,11749.32,1,2.0
CUST11727,Rohit Yadav,135830.0,22681.21,1,5.0
CUST18428,Nisha Das,135822.6,15769.34,1,2.0
CUST24377,Nisha Rao,135751.5,19344.92,1,3.0
CUST12472,Manish Gupta,135750.1,28094.18,1,2.0
CUST12821,Swati Yadav,135747.0,24373.54,1,5.0
CUST23812,Sneha Kumar,135710.4,10730.49,1,4.0
CUST23402,Swati Pradhan,135684.0,8243.17,1,2.0
CUST21129,Manish Pradhan,135668.5,21404.69,1,2.0
CUST11081,Suresh Panda,135660.0,17892.76,1,4.0
CUST11065,Vivek Gupta,135655.75,31017.31,1,5.0
CUST27132,Anjali Das,135604.80000000002,18662.46,1,3.0
CUST11597,Raj Nayak,135600.0,24235.35,1,3.0
CUST23234,Akash Kumar,135586.5,24465.47,1,3.0
CUST12042,Ankit Dutta,135556.0,31852.25,1,2.0
CUST27610,Akash Patel,135552.9,16540.81,1,3.0
CUST25585,Kavita Dutta,135531.9,16046.24,1,3.0
CUST25130,Anjali Reddy,135525.6,16442.42,1,3.0
CUST12578,Suresh Verma,135501.0,29715.65,1,3.0
CUST17156,Priya Patel,135500.0,33492.3,1,4.0
CUST14760,Arjun Reddy,135492.0,32720.59,1,4.0
CUST10594,Pooja Mishra,135473.6,28881.77,1,2.0
CUST10991,Pooja Mehta,135448.0,24367.97,1,5.0
CUST10739,Suresh Reddy,135447.19999999998,14010.93,1,2.0
CUST19670,Sanjay Verma,135443.4,18041.15,1,4.0
CUST20503,Neha Sharma,135443.4,15452.83,1,3.0
CUST19595,Rahul Rao,135440.1,6851.93,1,3.0
CUST21983,Nisha Gupta,135435.0,6798.13,1,5.0
CUST21521,Raj Das,135409.25,10814.91,1,5.0
CUST13885,Sneha Verma,135359.5551172386,14470.31,1,3.0
CUST18755,Vivek Behera,135359.5551172386,15693.98,1,3.0
CUST19173,Pooja Panda,135332.0,8147.15,1,5.0
CUST15658,Unknown,135316.0,15518.85,1,4.0
CUST26535,Arjun Mishra,135300.0,22880.69,1,2.0
CUST26226,Rahul Dutta,135290.0,27005.38,1,2.0
CUST28451,Pooja Mohanty,135258.15,31879.73,1,3.0
CUST11124,Riya Kumar,135248.4,33803.26,1,2.0
CUST17633,Abhishek Gupta,135231.6,31767.83,1,3.0
CUST22350,Rohit Reddy,135226.5,12815.24,1,2.0
CUST12773,Rahul Rao,135216.0,17292.81,1,3.0
CUST10671,Nisha Sharma,135214.8,6804.04,1,3.0
CUST20846,Priya Kumar,135214.6,21297.44,1,4.0
CUST25040,Sneha Behera,135201.6,28842.17,1,3.0
CUST15215,Ankit Nayak,135194.5,16874.75,1,5.0
CUST12474,Rahul Sharma,135188.25,24411.15,1,5.0
CUST28915,Neha Reddy,135143.19999999998,24698.7,1,2.0
CUST12896,Neha Sahu,135131.8,14478.27,1,4.0
CUST17937,Amit Das,135125.19999999998,25814.67,1,2.0
CUST17130,Anjali Mohanty,135108.0,32401.34,1,3.0
CUST26894,Arjun Panda,135091.80000000002,12818.4,1,3.0
CUST19111,Manish Kumar,135081.0,12937.31,1,3.0
CUST18891,Shreya Sahu,135060.0,18012.28,1,5.0
CUST16332,Unknown,135028.0,13549.6,1,4.0
CUST28624,Priya Singh,135015.75,15436.44,1,3.0
CUST28224,Arjun Mishra,135004.80000000002,32857.65,1,2.0
CUST17799,Ankit Pradhan,135002.0,19025.0,1,2.0
CUST11800,Anjali Behera,135000.0,21359.78,1,2.0
CUST25897,Manish Panda,134982.4,22815.76,1,4.0
CUST23322,Akash Rao,134980.0,24658.99,1,5.0
CUST24658,Pooja Dutta,134966.4,16914.5,1,3.0
CUST23071,Amit Gupta,134956.80000000002,9324.14,1,3.0
CUST22777,Amit Kumar,134945.6,24871.25,1,2.0
CUST25968,Kavita Gupta,134942.4,18955.78,1,2.0
CUST23244,Rohit Reddy,134920.5,30488.76,1,2.0
CUST26934,Swati Gupta,134885.75,29807.94,1,5.0
CUST21154,Ankit Sahu,134873.1,9321.34,1,3.0
CUST14347,Abhishek Rao,134857.6,18250.4,1,4.0
CUST16593,Rahul Singh,134764.2,29622.09,1,2.0
CUST17809,Kavita Reddy,134756.0,10681.2,1,2.0
CUST15330,Kavita Dutta,134752.19999999998,28693.28,1,2.0
CUST13550,Sanjay Mehta,134712.0,20594.18,1,2.0
CUST13655,Kavita Jain,134685.6,16139.94,1,4.0
CUST21695,Rohit Dutta,134683.5,20825.92,1,3.0
CUST26691,Arjun Mehta,134668.19999999998,10338.5,1,3.0
CUST10501,Amit Mishra,134652.80000000002,21454.96,1,2.0
CUST18354,Amit Kumar,134640.0,15108.45,1,2.0
CUST21971,Manish Behera,134625.0,32822.51,1,3.0
CUST19883,Neha Dutta,134609.4,18441.01,1,3.0
CUST23125,Karan Gupta,134580.8,32792.76,1,4.0
CUST16215,Vikas Behera,134578.8,24730.58,1,2.0
CUST15140,Riya Singh,134576.4,33103.52,1,2.0
CUST16731,Rahul Nayak,134568.0,20844.46,1,2.0
CUST13993,Riya Verma,134560.5,22753.94,1,2.0
CUST27716,Anjali Reddy,134532.0,26932.67,1,3.0
CUST13085,Vivek Pradhan,134514.3,21823.7,1,2.0
CUST15133,Swati Kumar,134492.1,26241.58,1,3.0
CUST11577,Raj Mehta,134466.0,21061.15,1,2.0
CUST10769,Sanjay Das,134440.0,11721.38,1,2.0
CUST23251,Abhishek Behera,134439.0,30042.71,1,4.0
CUST18239,Nisha Jain,134379.0,28485.35,1,4.0
CUST12606,Riya Pradhan,134377.35,14407.94,1,3.0
CUST10052,Suresh Sahu,134372.0,17770.83,1,5.0
CUST28610,Rohit Dutta,134347.2,7243.13,1,2.0
CUST21451,Raj Nayak,134322.0,27741.74,1,2.0
CUST24755,Shreya Rao,134272.8,33004.35,1,3.0
CUST13218,Rahul Behera,134232.0,14768.87,1,2.0
CUST21035,Neha Behera,134229.19999999998,16194.06,1,2.0
CUST17648,Priya Panda,134215.19999999998,23185.09,1,2.0
CUST16319,Swati Sahu,134208.4,9180.79,1,2.0
CUST18557,Riya Dutta,134205.6,8482.68,1,3.0
CUST15807,Karan Kumar,134198.0,19158.71,1,4.0
CUST21376,Karan Panda,134158.9,12578.8,1,2.0
CUST21037,Manish Panda,134149.5,26273.59,1,2.0
CUST18258,Riya Jain,134148.6,32588.42,1,2.0
CUST25250,Swati Nayak,134130.0,30353.81,1,5.0
CUST16314,Abhishek Nayak,134126.4,33446.06,1,2.0
CUST27240,Suresh Pradhan,134070.0,16153.33,1,3.0
CUST20387,Sneha Dutta,134049.3,31534.02,1,3.0
CUST21124,Nisha Sharma,134046.9,16126.2,1,3.0
CUST27537,Swati Gupta,134019.2,16726.28,1,4.0
CUST22757,Vikas Kumar,134016.0,21850.04,1,4.0
CUST11303,Amit Singh,134004.6,26343.22,1,2.0
CUST14370,Nisha Gupta,133943.6,23913.17,1,4.0
CUST26589,Rahul Rao,133938.0,21596.79,1,2.0
CUST25520,Rahul Panda,133934.0,18043.77,1,2.0
CUST13642,Vikas Mohanty,133929.0,31611.17,1,3.0
CUST14289,Abhishek Mohanty,133902.4,15986.48,1,2.0
CUST12192,Arjun Patel,133902.0,24642.32,1,2.0
CUST26475,Priya Rao,133889.19999999998,29241.54,1,2.0
CUST16512,Pooja Sharma,133848.0,23901.4,1,2.0
CUST19905,Anjali Jain,133768.0,8853.32,1,2.0
CUST13674,Nisha Singh,133753.5,12478.45,1,3.0
CUST24544,Rahul Mehta,133734.0,11096.48,1,3.0
CUST28251,Riya Verma,133716.0,11086.96,1,2.0
CUST18071,Karan Jain,133682.4,10540.45,1,3.0
CUST14185,Rahul Dutta,133665.0,7583.22,1,3.0
CUST27535,Raj Singh,133662.5,8377.66,1,5.0
CUST24603,Rohit Pradhan,133662.0,10226.74,1,2.0
CUST28316,Neha Verma,133657.2,17119.02,1,2.0
CUST21867,Swati Nayak,133653.8,16858.6,1,2.0
CUST13660,Riya Behera,133639.8,23616.37,1,2.0
CUST11164,Karan Kumar,133637.0,28084.71,1,4.0
CUST23040,Sanjay Singh,133632.0,18069.12,1,2.0
CUST19617,Swati Panda,133629.6,9538.12,1,3.0
CUST22063,Anjali Gupta,133625.6,31939.5,1,2.0
CUST27617,Rohit Mohanty,133620.0,13755.99,1,5.0
CUST23738,Deepak Pradhan,133600.5,24084.75,1,2.0
CUST19632,Anjali Das,133575.8,9580.9,1,4.0
CUST20046,Rahul Verma,133562.1,6886.97,1,3.0
CUST10925,Swati Yadav,133532.0,20233.75,1,2.0
CUST15599,Sneha Singh,133510.4,31630.65,1,2.0
CUST15239,Swati Verma,133459.2,27814.61,1,4.0
CUST13362,Rohit Reddy,133452.0,19793.85,1,2.0
CUST12726,Deepak Das,133420.5,8703.57,1,3.0
CUST12431,Abhishek Nayak,133417.6,26975.06,1,4.0
CUST25099,Priya Kumar,133404.75,26376.44,1,3.0
CUST27606,Vikas Pradhan,133403.19999999998,24775.52,1,2.0
CUST20851,Raj Rao,133392.0,9609.13,1,4.0
CUST10336,Vivek Sharma,133362.0,27780.86,1,4.0
CUST17170,Sanjay Sharma,133358.4,10726.21,1,2.0
CUST19526,Amit Patel,133348.0,10293.43,1,5.0
CUST22038,Shreya Sahu,133330.5,24862.54,1,2.0
CUST26143,Manish Mehta,133322.5,12066.43,1,5.0
CUST16501,Arjun Verma,133304.0,27508.72,1,2.0
CUST21717,Arjun Panda,133303.8,20929.24,1,2.0
CUST13302,Riya Patel,133285.6,24447.06,1,4.0
CUST21499,Amit Sharma,133272.3,25350.24,1,3.0
CUST19969,Karan Nayak,133245.0,29853.23,1,4.0
CUST21041,Amit Yadav,133245.0,19404.22,1,2.0
CUST23597,Manish Mohanty,133220.0,8703.9,1,5.0
CUST24552,Swati Rao,133203.6,28100.51,1,2.0
CUST24427,Vikas Dutta,133201.6,11152.69,1,4.0
CUST28944,Shreya Mohanty,133183.2,9200.84,1,3.0
CUST18036,Karan Mishra,133165.19999999998,16969.9,1,3.0
CUST21970,Sanjay Jain,133148.80000000002,25162.74,1,2.0
CUST23973,Anjali Patel,133108.80000000002,6698.42,1,3.0
CUST28701,Arjun Panda,133108.3,28984.86,1,2.0
CUST24969,Pooja Patel,133096.0,7546.65,1,5.0
CUST20606,Rahul Yadav,133080.0,27495.4,1,2.0
CUST18556,Priya Das,133079.4,21245.82,1,4.0
CUST18035,Deepak Singh,133078.5,7811.98,1,3.0
CUST27322,Riya Yadav,133051.2,32342.48,1,3.0
CUST11931,Shreya Dutta,133047.9,18022.18,1,3.0
CUST16015,Swati Behera,133041.3,13270.79,1,3.0
CUST11291,Pooja Jain,133018.19999999998,30777.66,1,4.0
CUST22416,Sanjay Jain,133008.75,23974.71,1,3.0
CUST24979,Riya Dutta,132982.5,31967.35,1,5.0
CUST16254,Sanjay Nayak,132979.0,14935.31,1,2.0
CUST20815,Ankit Gupta,132904.80000000002,29609.94,1,4.0
CUST14922,Rahul Gupta,132902.4,22920.06,1,4.0
CUST15720,Rohit Mohanty,132899.19999999998,23583.0,1,4.0
CUST10391,Pooja Mohanty,132884.0,22634.99,1,2.0
CUST22294,Rahul Jain,132880.80000000002,20536.01,1,3.0
CUST25701,Amit Sharma,132864.0,21339.76,1,2.0
CUST24878,Priya Gupta,132862.5,13318.54,1,5.0
CUST27640,Arjun Yadav,132830.0,7976.13,1,5.0
CUST21239,Deepak Patel,132799.8,18702.23,1,2.0
CUST12531,Amit Mishra,132734.0,16895.07,1,4.0
CUST24384,Arjun Dutta,132727.5,15879.83,1,2.0
CUST19660,Karan Reddy,132714.0,29040.62,1,5.0
CUST17235,Arjun Singh,132691.5,8504.88,1,5.0
CUST24792,Vivek Sharma,132650.4,29673.38,1,4.0
CUST16697,Neha Reddy,132629.4,7363.75,1,2.0
CUST16341,Arjun Rao,132607.5,15369.66,1,5.0
CUST27053,Nisha Dutta,132594.30000000002,30548.74,1,3.0
CUST11221,Pooja Patel,132591.6,32481.56,1,2.0
CUST15718,Suresh Gupta,132591.19999999998,30020.08,1,4.0
CUST26260,Kavita Sahu,132589.6,14569.83,1,2.0
CUST16995,Arjun Das,132580.0,18114.34,1,2.0
CUST22017,Manish Dutta,132558.75,30125.31,1,3.0
CUST24515,Arjun Das,132553.5,28393.64,1,2.0
CUST18612,Akash Patel,132552.0,20103.31,1,2.0
CUST25733,Deepak Jain,132539.4,31876.15,1,3.0
CUST20103,Vivek Patel,132519.0,31893.16,1,3.0
CUST28518,Anjali Gupta,132513.6,19135.4,1,2.0
CUST15717,Kavita Reddy,132458.19999999998,6783.83,1,2.0
CUST10579,Rohit Panda,132441.4,8111.08,1,2.0
CUST15310,Akash Panda,132411.0,20583.75,1,3.0
CUST20801,Riya Dutta,132392.0,19331.13,1,2.0
CUST27277,Sneha Sharma,132380.0,13445.23,1,2.0
CUST23828,Nisha Panda,132375.6,16149.89,1,2.0
CUST15049,Vikas Panda,132361.6,32906.23,1,2.0
CUST26577,Neha Reddy,132360.0,16905.23,1,2.0
CUST14292,Pooja Reddy,132350.19999999998,18898.66,1,2.0
CUST17828,Rohit Singh,132337.5,11252.7,1,2.0
CUST11470,Kavita Dutta,132321.19999999998,25509.99,1,4.0
CUST13536,Sneha Panda,132311.25,13480.79,1,5.0
CUST24199,Nisha Patel,132290.4,8819.89,1,3.0
CUST16278,Ankit Mehta,132262.4,32996.76,1,2.0
CUST19820,Abhishek Sahu,132232.80000000002,31814.7,1,3.0
CUST25852,Riya Nayak,132212.0,16384.92,1,5.0
CUST27919,Riya Yadav,132211.8,7856.97,1,2.0
CUST20651,Priya Jain,132205.5,14631.18,1,5.0
CUST16346,Deepak Behera,132166.5,14153.41,1,2.0
CUST22471,Vikas Kumar,132152.4,15909.08,1,2.0
CUST26743,Vivek Reddy,132134.4,7842.48,1,4.0
CUST22363,Karan Behera,132134.1,29014.77,1,3.0
CUST23416,Sneha Das,132131.2,24762.97,1,4.0
CUST18846,Swati Mehta,132110.4,30204.57,1,2.0
CUST20014,Kavita Rao,132084.0,16714.95,1,3.0
CUST23477,Neha Kumar,132084.0,11133.14,1,4.0
CUST13305,Nisha Rao,132014.85,28261.17,1,3.0
CUST26183,Sanjay Behera,131991.75,21161.49,1,3.0
CUST28387,Ankit Sahu,131964.0,22533.98,1,4.0
CUST26547,Akash Rao,131961.0,23713.99,1,2.0
CUST12126,Arjun Das,131957.0,31697.8,1,2.0
CUST23055,Anjali Pradhan,131956.0,15454.43,1,4.0
CUST17980,Raj Panda,131920.2,15267.11,1,2.0
CUST17605,Abhishek Nayak,131889.6,30256.56,1,2.0
CUST23061,Anjali Verma,131868.0,31505.66,1,2.0
CUST27848,Riya Kumar,131850.6,15407.54,1,2.0
CUST25822,Rohit Patel,131844.0,23413.55,1,5.0
CUST15275,Rohit Yadav,131749.8,6835.71,1,3.0
CUST22080,Sneha Patel,131746.6,13034.01,1,2.0
CUST28168,Karan Behera,131744.0,16477.17,1,4.0
CUST11507,Vikas Sharma,131714.3,9663.48,1,2.0
CUST20799,Raj Patel,131703.0,21120.31,1,2.0
CUST28376,Manish Sahu,131675.19999999998,28941.86,1,4.0
CUST14384,Priya Rao,131641.5,27837.86,1,5.0
CUST28038,Deepak Rao,131641.5,29091.76,1,3.0
CUST14741,Suresh Das,131622.4,25580.04,1,4.0
CUST25203,Priya Verma,131609.1,6820.89,1,3.0
CUST25786,Nisha Mohanty,131597.19999999998,20648.23,1,4.0
CUST23096,Rahul Sahu,131581.65,24754.65,1,3.0
CUST13717,Ankit Behera,131580.0,32732.55,1,5.0
CUST21444,Vikas Mehta,131575.0,23321.5,1,5.0
CUST13164,Rahul Dutta,131563.0,9297.88,1,2.0
CUST16905,Karan Mehta,131527.5,21453.92,1,2.0
CUST10707,Shreya Pradhan,131500.9,20959.715266666655,1,2.0
CUST28776,Riya Singh,131497.8,24798.43,1,2.0
CUST18051,Shreya Panda,131460.0,32412.21,1,5.0
CUST27510,Neha Mehta,131448.25,16163.72,1,5.0
CUST18055,Ankit Reddy,131441.4,15556.45,1,3.0
CUST14532,Ankit Mehta,131417.6,28542.74,1,4.0
CUST28783,Rahul Mishra,131412.0,17839.18,1,5.0
CUST22702,Sneha Gupta,131406.8,10467.8,1,4.0
CUST26866,Vivek Sahu,131388.80000000002,19529.82,1,2.0
CUST19086,Sneha Dutta,131372.0,24624.92,1,2.0
CUST24379,Sneha Mohanty,131370.4,21475.48,1,4.0
CUST20993,Ankit Kumar,131361.3,13911.79,1,3.0
CUST16055,Akash Reddy,131283.0,9448.74,1,3.0
CUST14312,Riya Behera,131278.5,20430.59,1,3.0
CUST26057,Vivek Mohanty,131269.6,17847.57,1,2.0
CUST10877,Deepak Gupta,131267.19999999998,32012.43,1,4.0
CUST22557,Shreya Patel,131204.0,25939.12,1,4.0
CUST14371,Ankit Mehta,131186.25,9066.17,1,5.0
CUST27284,Nisha Mehta,131172.3,22345.82,1,3.0
CUST20930,Deepak Sahu,131172.0,16521.18,1,4.0
CUST17586,Sneha Mishra,131155.2,8999.17,1,2.0
CUST23954,Swati Nayak,131143.5,17582.16,1,2.0
CUST18412,Arjun Gupta,131141.7,29337.52,1,3.0
CUST21073,Suresh Mehta,131090.4,19267.63,1,4.0
CUST20013,Neha Pradhan,131045.59999999999,32349.36,1,4.0
CUST24742,Arjun Dutta,131028.8,9321.25,1,2.0
CUST25164,Sanjay Patel,130974.59999999999,13703.14,1,4.0
CUST21235,Riya Jain,130972.0,31557.68,1,4.0
CUST24232,Riya Jain,130904.25,20985.17,1,5.0
CUST27539,Sanjay Rao,130902.75,23631.99,1,3.0
CUST18209,Shreya Behera,130848.0,23970.52,1,5.0
CUST27169,Kavita Sharma,130824.0,26670.84,1,4.0
CUST14528,Arjun Reddy,130798.8,23374.684733333368,1,4.0
CUST15471,Neha Dutta,130788.4,24958.38,1,2.0
CUST24028,Arjun Reddy,130780.8,20077.55,1,2.0
CUST21896,Anjali Mishra,130775.40000000001,16126.67,1,2.0
CUST17087,Abhishek Sharma,130750.0,9909.65,1,5.0
CUST19123,Vikas Jain,130703.40000000001,24414.5,1,2.0
CUST20859,Sanjay Verma,130672.0,24594.94,1,2.0
CUST17096,Vivek Mehta,130649.25,9581.97,1,3.0
CUST16785,Shreya Das,130645.0,14426.29,1,5.0
CUST24887,Amit Kumar,130642.09999999999,22932.79,1,2.0
CUST23948,Rohit Jain,130580.0,30336.38,1,5.0
CUST26728,Shreya Behera,130566.40000000001,10916.36,1,4.0
CUST15679,Ankit Mohanty,130560.0,26328.99,1,3.0
CUST17137,Neha Verma,130496.40000000001,24889.14,1,4.0
CUST15760,Rohit Mehta,130465.5,28258.2,1,2.0
CUST27076,Rohit Singh,130438.79999999999,23780.99,1,3.0
CUST25295,Deepak Reddy,130437.59999999999,7154.92,1,4.0
CUST21593,Nisha Pradhan,130425.0,10342.97,1,5.0
CUST23892,Rahul Mehta,130387.5,16181.14,1,5.0
CUST21935,Neha Verma,130387.5,13225.37,1,5.0
CUST22094,Akash Mehta,130384.0,16426.8,1,5.0
CUST28236,Nisha Pradhan,130369.5,10854.18,1,3.0
CUST22106,Sanjay Singh,130350.0,9290.68,1,2.0
CUST14512,Rohit Das,130344.0,10552.42,1,3.0
CUST10610,Shreya Mishra,130341.0,20078.56,1,2.0
CUST10056,Karan Reddy,130332.0,31748.19,1,4.0
CUST24128,Suresh Patel,130331.59999999999,16796.14,1,2.0
CUST14456,Riya Sharma,130321.79999999999,23768.45,1,3.0
CUST22336,Amit Singh,130291.20000000001,12559.9,1,2.0
CUST26785,Riya Mishra,130285.4,23144.28,1,2.0
CUST14597,Sneha Nayak,130278.4,26279.26,1,4.0
CUST20596,Sneha Mohanty,130266.0,7735.33,1,4.0
CUST13184,Deepak Behera,130262.40000000001,31772.96,1,2.0
CUST17145,Rahul Das,130258.79999999999,8566.19,1,4.0
CUST19135,Rohit Rao,130251.20000000001,30723.1,1,2.0
CUST24998,Amit Patel,130245.75,27571.89,1,3.0
CUST19732,Ankit Reddy,130240.0,19077.78,1,2.0
CUST27839,Deepak Dutta,130239.0,26160.5,1,4.0
CUST19303,Kavita Pradhan,130236.15,32114.44,1,3.0
CUST26207,Shreya Singh,130218.9,27050.91,1,3.0
CUST13115,Rahul Kumar,130194.0,8928.11,1,5.0
CUST27340,Anjali Mohanty,130177.59999999999,16838.05,1,2.0
CUST13889,Sanjay Kumar,130170.59999999999,7558.9,1,2.0
CUST21169,Sanjay Dutta,130130.0,8059.41,1,2.0
CUST17320,Vikas Nayak,130118.84999999999,22750.97,1,3.0
CUST28746,Rohit Sahu,130108.8,12540.36,1,3.0
CUST20515,Riya Mishra,130104.0,13243.29,1,3.0
CUST22415,Shreya Dutta,130045.0,25524.81,1,5.0
CUST14967,Rahul Mishra,130040.75,22478.98,1,5.0
CUST11910,Rohit Mehta,130028.0,12114.91,1,4.0
CUST14706,Akash Dutta,130027.5,12744.38,1,2.0
CUST24368,Suresh Sharma,130002.0,10594.65,1,4.0
CUST20950,Arjun Das,129969.0,28027.45,1,3.0
CUST10150,Shreya Dutta,129969.0,24421.87,1,3.0
CUST23082,Rahul Rao,129916.8,16928.04,1,3.0
CUST10410,Amit Jain,129908.79999999999,9382.98,1,4.0
CUST18260,Raj Rao,129897.6,17463.76,1,4.0
CUST18811,Anjali Das,129886.4,10357.12,1,2.0
CUST22616,Rahul Yadav,129863.09999999999,23032.38,1,3.0
CUST11150,Kavita Singh,129859.2,26845.49,1,4.0
CUST12401,Karan Verma,129806.40000000001,19244.39,1,3.0
CUST19052,Karan Singh,129803.79999999999,23246.82,1,2.0
CUST24151,Sneha Behera,129795.0,12115.46,1,5.0
CUST15721,Suresh Nayak,129785.6,18799.21,1,4.0
CUST12135,Kavita Sharma,129777.0,28992.03,1,4.0
CUST26724,Manish Kumar,129763.8,27183.85,1,2.0
CUST24701,Shreya Reddy,129758.99999999999,8038.92,1,5.0
CUST15696,Akash Sharma,129757.5,16709.51,1,3.0
CUST18784,Suresh Mehta,129744.0,31505.95,1,3.0
CUST11162,Sneha Mohanty,129720.0,31007.97,1,5.0
CUST25710,Vivek Pradhan,129701.59999999999,20681.05,1,4.0
CUST28295,Akash Nayak,129676.4,7842.9,1,4.0
CUST19509,Shreya Reddy,129654.0,12199.64,1,2.0
CUST27258,Pooja Pradhan,129626.0,25957.48,1,2.0
CUST10063,Sanjay Sahu,129582.0,8669.48,1,2.0
CUST26302,Kavita Nayak,129546.0,19564.73,1,5.0
CUST10119,Pooja Yadav,129531.49999999999,10641.27,1,5.0
CUST27544,Riya Kumar,129519.0,6967.92,1,3.0
CUST22941,Abhishek Behera,129480.0,25296.94,1,2.0
CUST19393,Raj Panda,129474.0,25383.86,1,2.0
CUST26989,Swati Singh,129463.59999999999,12632.3,1,2.0
CUST12801,Neha Pradhan,129449.59999999999,23058.01,1,2.0
CUST18571,Rahul Das,129402.0,31000.45,1,2.0
CUST27529,Ankit Sahu,129384.45,27445.66,1,3.0
CUST27525,Riya Mehta,129341.09999999999,22773.58,1,3.0
CUST20406,Pooja Patel,129302.59999999999,21294.33,1,2.0
CUST17326,Sanjay Jain,129285.0,19155.86,1,4.0
CUST27658,Vikas Sahu,129277.5,28662.45,1,5.0
CUST10122,Manish Singh,129264.59999999999,8204.44,1,3.0
CUST22767,Anjali Panda,129251.7,18610.26,1,3.0
CUST21589,Sneha Verma,129233.99999999999,10288.7,1,2.0
CUST28114,Shreya Das,129218.7,13264.66,1,3.0
CUST10513,Karan Gupta,129214.5,20095.13,1,2.0
CUST18453,Vikas Nayak,129193.4,20616.52,1,2.0
CUST16021,Rahul Behera,129180.45,32195.22,1,3.0
CUST21911,Pooja Rao,129156.0,7931.66,1,3.0
CUST25799,Neha Reddy,129133.5,14184.52,1,5.0
CUST19157,Suresh Behera,129129.6,13043.98,1,3.0
CUST26803,Karan Patel,129126.9,11888.7,1,3.0
CUST25606,Anjali Mishra,129096.0,15676.83,1,4.0
CUST25662,Nisha Mehta,129091.2,30712.66,1,4.0
CUST26884,Manish Behera,129051.20000000001,22064.77,1,2.0
CUST11962,Kavita Jain,129047.0,30299.07,1,4.0
CUST14161,Rohit Mohanty,129000.0,13183.09,1,3.0
CUST10663,Sneha Panda,128985.0,13593.85,1,3.0
CUST27078,Karan Mehta,128974.5,10065.12,1,3.0
CUST21638,Priya Gupta,128966.59999999999,29797.36,1,2.0
CUST13758,Abhishek Dutta,128928.29999999999,18721.86,1,3.0
CUST25090,Riya Nayak,128911.0,31943.37,1,4.0
CUST17437,Rohit Pradhan,128891.20000000001,30374.69,1,2.0
CUST12014,Vivek Jain,128885.4,7952.41,1,3.0
CUST28961,Riya Sahu,128880.0,8486.7,1,2.0
CUST27427,Anjali Dutta,128868.0,25554.19,1,2.0
CUST14924,Abhishek Gupta,128841.6,19284.63,1,4.0
CUST20445,Karan Gupta,128839.95,24661.47,1,3.0
CUST25581,Pooja Jain,128825.1,28359.73,1,3.0
CUST14787,Vivek Sahu,128783.2,22042.68,1,4.0
CUST23803,Vikas Mishra,128766.5,19171.54,1,2.0
CUST10673,Sanjay Reddy,128763.75,30131.7,1,5.0
CUST17283,Vivek Jain,128755.5,17213.23,1,2.0
CUST22795,Sanjay Gupta,128712.09999999999,17142.2,1,2.0
CUST15627,Nisha Yadav,128690.79999999999,11618.01,1,4.0
CUST10130,Manish Kumar,128672.75,18784.65,1,5.0
CUST28280,Manish Das,128666.2,10372.47,1,4.0
CUST28260,Kavita Panda,128652.99999999999,8726.39,1,2.0
CUST25248,Deepak Yadav,128652.0,16304.01,1,4.0
CUST18746,Pooja Rao,128645.99999999999,7324.24,1,3.0
CUST25036,Neha Mehta,128640.0,30979.22,1,5.0
CUST15848,Pooja Rao,128637.0,14769.28,1,4.0
CUST21304,Neha Mishra,128637.0,17891.64,1,5.0
CUST11951,Sneha Kumar,128623.59999999999,30166.8,1,2.0
CUST28368,Pooja Das,128620.0,7019.27,1,4.0
CUST14135,Anjali Rao,128614.34999999999,25251.75,1,3.0
CUST23866,Vikas Patel,128591.4,14737.93,1,3.0
CUST16781,Neha Mishra,128580.0,8194.74,1,5.0
CUST20786,Raj Gupta,128558.40000000001,13192.84,1,2.0
CUST14827,Vivek Singh,128540.8,24240.27,1,4.0
CUST17032,Sneha Behera,128538.0,16026.77,1,2.0
CUST16117,Anjali Panda,128502.40000000001,7668.57,1,2.0
CUST15076,Manish Mehta,128489.4,30640.27,1,3.0
CUST15179,Rohit Kumar,128456.25,22552.3,1,5.0
CUST12633,Kavita Nayak,128433.3,13438.31,1,3.0
CUST17952,Abhishek Dutta,128418.0,11049.3,1,2.0
CUST15778,Amit Das,128415.29999999999,24507.68,1,2.0
CUST15635,Swati Singh,128406.0,9789.97,1,2.0
CUST18766,Akash Gupta,128392.5,26109.21,1,2.0
CUST17263,Karan Nayak,128365.9,23310.81,1,2.0
CUST15334,Kavita Sharma,128334.7,27953.1,1,2.0
CUST21385,Swati Jain,128311.20000000001,8602.09,1,3.0
CUST15218,Sanjay Mishra,128287.5,20211.29,1,5.0
CUST18321,Arjun Panda,128276.4,15604.4,1,2.0
CUST14908,Priya Nayak,128259.0,28942.73,1,2.0
CUST17307,Karan Das,128254.0,28984.64,1,2.0
CUST25412,Karan Behera,128232.0,17873.43,1,5.0
CUST22367,Suresh Reddy,128211.99999999999,29759.96,1,4.0
CUST17802,Riya Gupta,128208.0,16088.22,1,5.0
CUST10003,Riya Verma,128204.0,7601.23,1,4.0
CUST18194,Karan Rao,128184.0,24153.07,1,4.0
CUST23605,Anjali Panda,128157.4,28099.23,1,2.0
CUST28673,Sanjay Panda,128137.79999999999,30335.63,1,2.0
CUST18047,Sneha Reddy,128127.45,8619.46,1,3.0
CUST12678,Nisha Gupta,128066.4,27237.82,1,3.0
CUST14194,Manish Yadav,128059.5,16378.42,1,2.0
CUST13645,Shreya Sahu,128046.79999999999,13172.29,1,4.0
CUST23293,Priya Sahu,128020.0,17711.38,1,5.0
CUST24494,Rohit Kumar,128005.08,13205.07,1,3.0
CUST19272,Karan Yadav,128003.4,25003.56,1,2.0
CUST11508,Raj Sharma,127976.4,30915.73,1,4.0
CUST16828,Karan Nayak,127974.0,24461.84,1,3.0
CUST14300,Rahul Pradhan,127965.0,28336.89,1,2.0
CUST19847,Anjali Pradhan,127935.0,9409.84,1,4.0
CUST13732,Shreya Mishra,127934.1,9706.12,1,3.0
CUST10328,Kavita Sharma,127930.5,19742.22,1,3.0
CUST22892,Arjun Singh,127894.2,10609.05,1,3.0
CUST18168,Anjali Singh,127860.0,25728.94,1,3.0
CUST23680,Abhishek Rao,127839.57983294758,453.15,1,3.0
CUST23922,Neha Singh,127839.57983294758,26800.43,1,3.0
CUST21907,Pooja Yadav,127839.57983294758,4354.56,1,3.0
CUST24895,Raj Patel,127839.57983294758,17203.38,1,3.0
CUST12328,Karan Patel,127836.0,23888.49,1,3.0
CUST13301,Nisha Sahu,127815.0,23002.18,1,5.0
CUST28512,Priya Mehta,127800.0,6538.26,1,2.0
CUST12923,Nisha Rao,127785.0,16724.07,1,5.0
CUST26774,Riya Sahu,127767.0,24584.51,1,3.0
CUST12560,Raj Yadav,127753.49999999999,30615.35,1,3.0
CUST27751,Akash Patel,127749.6,25134.06,1,2.0
CUST10985,Abhishek Gupta,127741.59999999999,17195.95,1,2.0
CUST18884,Ankit Patel,127737.0,21509.62,1,5.0
CUST24961,Neha Pradhan,127726.40000000001,17957.62,1,2.0
CUST14615,Vikas Mohanty,127692.09999999999,12778.58,1,2.0
CUST23601,Priya Das,127689.0,28161.97,1,2.0
CUST14515,Raj Yadav,127677.6,31756.92,1,3.0
CUST20198,Sneha Kumar,127677.2,21317.02,1,2.0
CUST16562,Swati Jain,127650.0,18498.32,1,5.0
CUST13380,Arjun Das,127648.65,13933.43,1,3.0
CUST12816,Raj Gupta,127648.5,31493.93,1,2.0
CUST25626,Sanjay Mohanty,127646.4,22533.51,1,2.0
CUST16463,Riya Gupta,127636.0,30596.6,1,5.0
CUST12599,Riya Gupta,127622.25,10562.63,1,3.0
CUST16529,Vivek Panda,127612.2,24222.38,1,3.0
CUST19261,Riya Reddy,127590.0,9531.99,1,2.0
CUST28201,Rohit Singh,127572.2,19709.8,1,2.0
CUST19493,Shreya Behera,127570.0,24288.28,1,5.0
CUST20334,Arjun Sharma,127558.40000000001,8639.46,1,2.0
CUST26975,Raj Nayak,127544.0,15227.16,1,2.0
CUST23955,Pooja Nayak,127531.79999999999,27045.14,1,4.0
CUST18652,Nisha Panda,127521.0,21452.21,1,5.0
CUST28167,Sanjay Behera,127481.2,14439.53,1,4.0
CUST15216,Shreya Kumar,127475.20000000001,15872.19,1,2.0
CUST19184,Ankit Jain,127434.6,16900.95,1,3.0
CUST15626,Vikas Mehta,127390.25,12475.36,1,5.0
CUST18293,Nisha Mishra,127341.0,12982.41,1,5.0
CUST28311,Priya Behera,127332.29999999999,16891.44,1,2.0
CUST16978,Sneha Panda,127321.2,26825.37,1,4.0
CUST21682,Neha Sahu,127313.0,24193.76,1,5.0
CUST22555,Shreya Sharma,127311.3,21459.16,1,2.0
CUST16382,Anjali Pradhan,127308.6,31007.74,1,2.0
CUST15420,Sneha Das,127307.25,19300.24,1,3.0
CUST23113,Vikas Yadav,127306.2,29543.29,1,4.0
CUST15994,Manish Mishra,127300.0,9447.82,1,4.0
CUST28317,Shreya Verma,127294.29999999999,16206.65,1,2.0
CUST25402,Riya Gupta,127281.6,18686.45,1,2.0
CUST27786,Raj Rao,127281.0,31365.07,1,4.0
CUST27737,Suresh Kumar,127279.0,24645.94,1,2.0
CUST13763,Rohit Rao,127250.09999999999,20837.54,1,3.0
CUST26539,Sneha Patel,127227.15,25140.43,1,3.0
CUST13102,Raj Verma,127218.6,18780.15,1,3.0
CUST19487,Raj Dutta,127207.5,10969.58,1,5.0
CUST22516,Rohit Mehta,127207.20000000001,17907.44,1,3.0
CUST13006,Sneha Pradhan,127192.8,7287.95,1,3.0
CUST28938,Rohit Gupta,127188.59999999999,10815.27,1,3.0
CUST17526,Manish Pradhan,127187.20000000001,24847.95,1,2.0
CUST25062,Sneha Kumar,127161.0,12221.51,1,2.0
CUST23419,Anjali Behera,127152.0,7863.38,1,2.0
CUST17589,Deepak Dutta,127129.95,18404.62,1,3.0
CUST11870,Neha Patel,127115.7,26683.04,1,2.0
CUST13838,Deepak Singh,127100.25,25788.27,1,3.0
CUST12449,Sneha Sahu,127081.5,21052.87,1,5.0
CUST10557,Pooja Yadav,127067.40000000001,17647.01,1,3.0
CUST13159,Pooja Singh,127052.0,25508.75,1,2.0
CUST18355,Suresh Reddy,127046.40000000001,17989.15,1,4.0
CUST22289,Sanjay Mohanty,127030.5,21264.36,1,5.0
CUST11208,Shreya Sahu,127025.7,13379.85,1,2.0
CUST12026,Shreya Panda,127005.0,18128.18,1,2.0
CUST22682,Neha Behera,127004.49999999999,22981.03,1,5.0
CUST28005,Arjun Pradhan,126960.0,27509.73,1,4.0
CUST22854,Neha Behera,126942.79999999999,22084.42,1,4.0
CUST28595,Arjun Yadav,126930.0,15646.39,1,5.0
CUST27233,Anjali Mohanty,126928.8,21504.03,1,3.0
CUST13821,Deepak Verma,126918.0,17810.03,1,2.0
CUST28353,Karan Mishra,126911.4,12061.41,1,3.0
CUST27965,Shreya Jain,126904.79999999999,7648.4,1,2.0
CUST11190,Pooja Rao,126897.4,12884.05,1,2.0
CUST11890,Kavita Gupta,126861.0,31305.21,1,3.0
CUST18411,Suresh Dutta,126860.99999999999,17554.29,1,2.0
CUST25098,Sneha Das,126807.79999999999,19329.36,1,2.0
CUST16786,Kavita Yadav,126727.2,22201.23,1,4.0
CUST26046,Riya Verma,126711.0,17351.09,1,2.0
CUST16732,Deepak Das,126686.0,27776.29,1,2.0
CUST25526,Nisha Nayak,126679.65,25561.33,1,3.0
CUST16447,Vivek Sharma,126661.59999999999,7988.99,1,2.0
CUST12876,Kavita Nayak,126611.79999999999,6916.71,1,2.0
CUST27783,Rohit Behera,126558.59999999999,20504.5,1,2.0
CUST22032,Kavita Singh,126527.09999999999,6824.76,1,3.0
CUST14599,Pooja Nayak,126510.0,13006.64,1,2.0
CUST16357,Amit Singh,126489.0,14113.0,1,2.0
CUST14187,Kavita Dutta,126482.40000000001,29503.97,1,3.0
CUST15248,Priya Panda,126423.0,12498.91,1,2.0
CUST28517,Vikas Mehta,126414.0,9822.56,1,3.0
CUST24573,Sanjay Sharma,126408.9,8766.38,1,3.0
CUST27178,Akash Verma,126407.75,14117.46,1,5.0
CUST14365,Riya Nayak,126381.6,30469.19,1,2.0
CUST14542,Nisha Patel,126349.2,8605.23,1,2.0
CUST22440,Swati Pradhan,126290.49999999999,11587.93,1,5.0
CUST25785,Unknown,126272.0,16921.89,1,2.0
CUST27234,Amit Nayak,126257.59999999999,28556.77,1,4.0
CUST26144,Ankit Rao,126205.59999999999,13515.11,1,4.0
CUST17444,Swati Das,126203.7,24981.22,1,2.0
CUST24278,Priya Nayak,126202.99999999999,31374.92,1,2.0
CUST26807,Swati Kumar,126180.0,14371.73,1,2.0
CUST26533,Riya Nayak,126156.2,16409.48,1,4.0
CUST11678,Sanjay Sharma,126110.59999999999,15131.47,1,4.0
CUST17561,Riya Behera,126093.75,27911.25,1,5.0
CUST27193,Vivek Panda,126091.59999999999,20019.21,1,2.0
CUST27108,Deepak Das,126060.0,24048.89,1,3.0
CUST27289,Pooja Das,126041.4,12979.66,1,3.0
CUST22853,Vivek Yadav,126015.4,12993.06,1,2.0
CUST20203,Raj Pradhan,125983.59999999999,25260.91,1,2.0
CUST27934,Deepak Sharma,125970.0,16589.41,1,3.0
CUST23755,Suresh Pradhan,125925.79999999999,31146.46,1,2.0
CUST17807,Raj Yadav,125923.5,14482.15,1,5.0
CUST18048,Anjali Pradhan,125868.6,31265.13,1,2.0
CUST23360,Sneha Gupta,125865.59999999999,8827.39,1,2.0
CUST22420,Ankit Reddy,125842.49999999999,7422.03,1,3.0
CUST23675,Raj Rao,125810.2,31128.73,1,2.0
CUST15768,Amit Verma,125784.4,27462.5,1,2.0
CUST20566,Vivek Mohanty,125776.0,15282.04,1,4.0
CUST13417,Pooja Gupta,125768.0,20975.54,1,2.0
CUST23021,Manish Nayak,125757.0,23314.4,1,3.0
CUST15263,Anjali Sahu,125756.25,6560.0,1,3.0
CUST21784,Ankit Gupta,125743.5,20970.52,1,2.0
CUST13789,Ankit Gupta,125721.4,24950.42,1,2.0
CUST21319,Akash Patel,125705.99999999999,31254.42,1,2.0
CUST17455,Abhishek Panda,125700.0,24867.3,1,4.0
CUST10803,Neha Patel,125694.59999999999,7183.85,1,2.0
CUST17665,Neha Dutta,125683.5,24819.66,1,2.0
CUST17707,Arjun Jain,125655.0,7661.66,1,5.0
CUST10644,Sneha Pradhan,125617.5,25950.66,1,2.0
CUST13339,Deepak Dutta,125596.0,22372.94,1,5.0
CUST25131,Priya Kumar,125585.1,17229.19,1,3.0
CUST20083,Rahul Mishra,125585.0,9633.82,1,5.0
CUST27693,Anjali Sahu,125575.2,19814.31,1,4.0
CUST22347,Rahul Sharma,125568.0,19661.99,1,2.0
CUST20477,Nisha Verma,125568.0,25511.57,1,2.0
CUST18232,Shreya Mishra,125553.6,18631.18,1,2.0
CUST26972,Suresh Mehta,125551.99999999999,14057.71,1,5.0
CUST16808,Vikas Behera,125539.2,20999.81,1,3.0
CUST22200,Manish Nayak,125536.5,19509.273333333353,1,5.0
CUST21399,Rohit Mohanty,125491.2,24580.42,1,4.0
CUST16658,Riya Behera,125489.7,12875.23,1,3.0
CUST13175,Vikas Das,125485.2,22658.92,1,3.0
CUST19718,Unknown,125481.6,16898.22,1,2.0
CUST11342,Deepak Dutta,125457.0,12632.36,1,2.0
CUST27106,Shreya Dutta,125401.49999999999,11220.29,1,3.0
CUST10782,Shreya Reddy,125397.0,27283.21,1,2.0
CUST24787,Shreya Jain,125388.0,20479.46,1,2.0
CUST15597,Abhishek Panda,125381.0,17506.04,1,4.0
CUST21612,Nisha Das,125377.2,8138.67,1,3.0
CUST10851,Ankit Dutta,125337.59999999999,19061.16,1,2.0
CUST25508,Sneha Gupta,125290.0,29022.82,1,5.0
CUST25256,Raj Gupta,125284.0,7632.83,1,5.0
CUST24698,Neha Das,125281.5,9682.94,1,3.0
CUST12889,Karan Sharma,125272.0,10621.17,1,2.0
CUST21965,Ankit Dutta,125268.0,18606.88,1,5.0
CUST12514,Ankit Sahu,125251.20000000001,20299.05,1,2.0
CUST25950,Suresh Pradhan,125235.20000000001,9701.61,1,4.0
CUST27049,Neha Yadav,125219.5,22496.2,1,5.0
CUST28010,Riya Dutta,125219.49999999999,11108.85,1,5.0
CUST21438,Manish Jain,125206.2,11344.16,1,2.0
CUST16878,Anjali Dutta,125204.09999999999,8251.61,1,3.0
CUST28337,Riya Gupta,125188.0,29691.43,1,2.0
CUST21465,Arjun Dutta,125174.84999999999,6377.34,1,3.0
CUST13576,Rohit Mohanty,125151.75,27760.51,1,3.0
CUST27707,Karan Nayak,125123.59999999999,7367.74,1,4.0
CUST18523,Shreya Mishra,125070.0,28214.64,1,2.0
CUST13497,Akash Yadav,125064.0,8925.65,1,4.0
CUST23491,Sneha Mohanty,125056.4,10837.96,1,2.0
CUST23669,Priya Mohanty,125046.9,10037.86,1,3.0
CUST24453,Riya Das,125033.99999999999,24201.26,1,5.0
CUST26225,Swati Patel,125027.7,9873.78,1,3.0
CUST27694,Riya Singh,125014.4,14749.53,1,2.0
CUST21437,Anjali Pradhan,125010.0,31031.64,1,4.0
CUST19235,Rohit Gupta,124982.56,7004.54,1,4.0
CUST16548,Suresh Singh,124964.0,19224.71,1,5.0
CUST20555,Deepak Dutta,124956.8,22051.11,1,2.0
CUST24480,Abhishek Patel,124951.20000000001,20944.96,1,3.0
CUST22233,Swati Behera,124935.99999999999,16943.37,1,2.0
CUST22563,Kavita Mishra,124924.0,9175.84,1,2.0
CUST26789,Anjali Reddy,124916.25,27078.23,1,5.0
CUST19471,Swati Gupta,124884.8,23231.47,1,2.0
CUST19266,Arjun Das,124872.75,20787.11,1,3.0
CUST26137,Kavita Behera,124854.7,21538.43,1,2.0
CUST16237,Deepak Yadav,124750.8,9281.23,1,3.0
CUST28542,Kavita Sahu,124746.0,9507.48,1,2.0
CUST19712,Karan Mishra,124723.8,12391.74,1,2.0
CUST17903,Suresh Kumar,124704.99999999999,9092.33,1,5.0
CUST21688,Manish Verma,124681.2,14457.28,1,4.0
CUST10280,Karan Sharma,124661.7,23938.42,1,3.0
CUST11115,Sanjay Mohanty,124631.25,27319.26,1,5.0
CUST22039,Priya Sharma,124627.5,21893.51,1,3.0
CUST21248,Abhishek Dutta,124626.0,30996.26,1,2.0
CUST25207,Vikas Rao,124525.0,24056.78,1,5.0
CUST10832,Arjun Verma,124520.29999999999,13827.1,1,2.0
CUST18770,Riya Panda,124481.25,16658.22,1,3.0
CUST17003,Kavita Gupta,124477.2,28860.31,1,4.0
CUST14090,Shreya Panda,124397.1,22143.31,1,3.0
CUST22833,Riya Verma,124393.6,16092.95,1,2.0
CUST24909,Rohit Patel,124365.0,19110.7,1,2.0
CUST11808,Manish Behera,124353.59999999999,27124.02,1,2.0
CUST26945,Shreya Singh,124282.79999999999,17761.39,1,2.0
CUST14372,Anjali Sahu,124267.20000000001,12653.21,1,2.0
CUST14518,Kavita Panda,124262.40000000001,12998.54,1,2.0
CUST13214,Vivek Yadav,124252.79999999999,16666.54,1,2.0
CUST16810,Swati Patel,124241.25,14817.38,1,5.0
CUST11959,Unknown,124198.5,22556.9,1,2.0
CUST16897,Priya Nayak,124194.0,19103.58,1,4.0
CUST22181,Ankit Pradhan,124161.6,20290.73,1,3.0
CUST14360,Sanjay Das,124161.0,26739.45,1,2.0
CUST24621,Neha Patel,124160.25,14890.75,1,3.0
CUST24409,Sneha Panda,124115.3,8345.66,1,2.0
CUST26723,Vikas Behera,124086.4,30536.63,1,4.0
CUST21157,Kavita Gupta,124072.8,6406.22,1,3.0
CUST11396,Kavita Gupta,124053.99999999999,28015.98,1,4.0
CUST14122,Amit Mohanty,124044.75,28729.56,1,3.0
CUST15970,Vivek Mishra,124022.40000000001,24896.81,1,3.0
CUST19992,Raj Behera,124019.1,16525.38,1,3.0
CUST19429,Priya Rao,124002.2,12827.74,1,2.0
CUST24121,Sneha Verma,123984.0,7276.96,1,3.0
CUST18011,Rohit Gupta,123982.40000000001,17433.38,1,2.0
CUST14510,Arjun Sharma,123960.75,30751.3,1,5.0
CUST20144,Sneha Reddy,123936.0,27300.68,1,4.0
CUST23663,Vivek Singh,123897.6,25946.21,1,2.0
CUST26583,Shreya Gupta,123896.0,9005.31,1,4.0
CUST10028,Arjun Singh,123868.59999999999,17056.07,1,4.0
CUST16329,Rohit Pradhan,123855.2,18455.18,1,2.0
CUST26666,Nisha Mohanty,123825.45,26352.49,1,3.0
CUST14620,Akash Kumar,123818.79999999999,10341.93,1,4.0
CUST26247,Abhishek Rao,123812.8,27462.74,1,2.0
CUST25293,Anjali Sharma,123792.0,9197.98,1,4.0
CUST11651,Karan Sharma,123792.0,26987.36,1,4.0
CUST22028,Abhishek Gupta,123788.0,19959.97,1,2.0
CUST18050,Kavita Das,123768.0,25275.29,1,3.0
CUST16187,Pooja Sahu,123744.0,12366.81,1,3.0
CUST21181,Abhishek Kumar,123670.40000000001,8554.44,1,2.0
CUST12233,Abhishek Gupta,123648.2,30850.29,1,4.0
CUST11337,Arjun Nayak,123642.5,10781.83,1,2.0
CUST19876,Riya Verma,123640.8,17512.93,1,3.0
CUST25860,Vikas Nayak,123625.59999999999,25121.05,1,4.0
CUST11028,Akash Nayak,123622.79999999999,23546.15,1,2.0
CUST18202,Raj Panda,123622.40000000001,23712.79,1,2.0
CUST11757,Swati Mohanty,123604.5,21785.84,1,5.0
CUST20608,Akash Yadav,123587.4,19081.15,1,4.0
CUST27345,Riya Gupta,123574.0,16896.7,1,2.0
CUST15944,Deepak Pradhan,123562.0,11496.79,1,2.0
CUST17134,Sanjay Reddy,123550.5,24676.45,1,2.0
CUST23919,Sneha Mishra,123520.0,28867.32,1,4.0
CUST11896,Nisha Mehta,123507.59999999999,30127.45,1,3.0
CUST14113,Unknown,123498.0,24035.77,1,2.0
CUST24150,Raj Das,123453.0,19797.45,1,4.0
CUST19351,Swati Singh,123446.0,28361.64,1,2.0
CUST17262,Vivek Verma,123407.25,27570.5,1,5.0
CUST22969,Manish Dutta,123387.0,17244.64,1,3.0
CUST17613,Abhishek Dutta,123378.0,25239.47,1,4.0
CUST13847,Suresh Verma,123342.40000000001,27010.21,1,2.0
CUST11755,Sanjay Patel,123321.6,24400.16,1,4.0
CUST26563,Suresh Dutta,123311.25,12027.53,1,3.0
CUST19532,Shreya Patel,123306.09999999999,21467.308366666675,1,2.0
CUST19264,Anjali Sahu,123302.25,23110.44,1,3.0
CUST24726,Arjun Singh,123276.6,13881.97,1,2.0
CUST20360,Karan Mohanty,123260.8,8028.29,1,4.0
CUST22706,Pooja Behera,123233.59999999999,26839.51,1,2.0
CUST28551,Manish Sharma,123206.25,14462.49,1,5.0
CUST25448,Sneha Kumar,123178.59999999999,13379.49,1,4.0
CUST22279,Ankit Yadav,123168.0,30562.97,1,4.0
CUST20298,Swati Yadav,123158.0,25143.61,1,4.0
CUST18501,Riya Rao,123156.8,13947.61,1,2.0
CUST25823,Shreya Yadav,123142.0,21975.69,1,2.0
CUST13023,Vikas Kumar,123120.0,18334.62,1,3.0
CUST13408,Ankit Dutta,123112.4,29619.69,1,4.0
CUST15984,Anjali Dutta,123085.2,20733.37,1,2.0
CUST15264,Manish Das,123084.0,22416.3,1,4.0
CUST26602,Akash Pradhan,123058.75,29908.6,1,5.0
CUST10403,Anjali Patel,123052.8,29489.64,1,3.0
CUST14762,Nisha Mishra,123040.5,16030.66,1,2.0
CUST19215,Vikas Rao,123036.8,18496.68,1,2.0
CUST12369,Vivek Panda,123027.20000000001,6619.05,1,2.0
CUST24714,Pooja Das,122948.25,22723.42,1,5.0
CUST23969,Vivek Pradhan,122948.0,7735.33,1,2.0
CUST26148,Neha Panda,122931.0,11460.97,1,3.0
CUST11613,Amit Mehta,122901.0,21431.06,1,2.0
CUST25466,Swati Jain,122893.9,8542.8,1,2.0
CUST14402,Kavita Dutta,122853.49999999999,20370.14,1,5.0
CUST17570,Suresh Verma,122828.99999999999,28885.11,1,3.0
CUST21545,Rohit Kumar,122747.20000000001,27850.21,1,2.0
CUST19533,Nisha Panda,122731.5,24178.09,1,3.0
CUST15223,Rahul Dutta,122722.5,29130.6,1,2.0
CUST21307,Amit Nayak,122709.0,9093.0,1,3.0
CUST22482,Shreya Behera,122682.6,23899.2,1,2.0
CUST13219,Nisha Panda,122676.0,10670.03,1,4.0
CUST16939,Akash Behera,122668.5,29966.48,1,2.0
CUST23472,Suresh Mishra,122667.75,25732.24,1,3.0
CUST24957,Abhishek Das,122652.0,10716.32,1,3.0
CUST12696,Ankit Mishra,122640.0,20323.81,1,4.0
CUST21326,Arjun Patel,122637.15,14626.56,1,3.0
CUST14012,Manish Reddy,122621.79999999999,14463.7,1,2.0
CUST10563,Arjun Reddy,122618.25,13532.15,1,3.0
CUST17705,Anjali Mishra,122600.79999999999,18424.92,1,4.0
CUST10687,Vivek Pradhan,122515.0,11812.37,1,5.0
CUST21277,Rohit Sahu,122509.5,11680.23,1,2.0
CUST10608,Vikas Gupta,122508.0,15095.76,1,2.0
CUST24782,Vikas Singh,122499.0,29356.47,1,3.0
CUST28972,Deepak Kumar,122482.8,19021.81,1,3.0
CUST24138,Priya Behera,122480.4,12220.5,1,2.0
CUST14993,Akash Mohanty,122478.75,18250.4,1,3.0
CUST28825,Anjali Das,122466.4,16442.28,1,4.0
CUST11805,Nisha Mohanty,122406.8,28124.46,1,4.0
CUST15066,Swati Mishra,122392.8,13147.5,1,2.0
CUST14683,Kavita Das,122391.0,27851.9,1,3.0
CUST10749,Shreya Patel,122372.0,13541.22,1,2.0
CUST24534,Rohit Mehta,122364.9,7121.0,1,3.0
CUST12982,Kavita Mehta,122338.8,11268.41,1,4.0
CUST17410,Vikas Mishra,122299.79999999999,29507.13,1,3.0
CUST15088,Suresh Behera,122248.0,24515.22,1,2.0
CUST15341,Akash Behera,122246.0,15301.6,1,2.0
CUST20749,Karan Rao,122238.5,28967.84,1,2.0
CUST21060,Riya Yadav,122229.6,28785.54,1,3.0
CUST27230,Riya Yadav,122228.0,16890.5,1,5.0
CUST14493,Unknown,122141.25,13264.33,1,3.0
CUST24258,Deepak Mehta,122124.0,28738.64,1,3.0
CUST16707,Rahul Mishra,122117.09999999999,7222.65,1,3.0
CUST23608,Manish Rao,122088.0,29368.44,1,4.0
CUST11570,Deepak Sharma,122077.0,22993.1,1,2.0
CUST15452,Kavita Das,122000.5,15782.84,1,5.0
CUST25608,Akash Rao,121989.0,25671.57,1,4.0
CUST21961,Amit Mehta,121959.0,29298.08,1,2.0
CUST22717,Amit Reddy,121932.0,24740.15,1,2.0
CUST10876,Suresh Verma,121927.4,22232.08,1,4.0
CUST21021,Nisha Nayak,121917.59999999999,14326.14,1,3.0
CUST22197,Shreya Nayak,121908.0,25421.14,1,4.0
CUST19890,Swati Mishra,121855.20000000001,23587.100400000018,1,3.0
CUST13068,Priya Nayak,121844.79999999999,27731.42,1,4.0
CUST19665,Shreya Gupta,121826.18,11061.55,1,2.0
CUST24265,Suresh Nayak,121778.1,9298.07,1,3.0
CUST12386,Shreya Panda,121750.40000000001,6629.31,1,2.0
CUST26042,Riya Mishra,121738.5,20783.86,1,3.0
CUST27812,Vivek Mishra,121707.0,25608.23,1,4.0
CUST23015,Vikas Sharma,121695.0,30402.4,1,2.0
CUST21405,Ankit Nayak,121606.40000000001,8223.9,1,4.0
CUST26455,Raj Rao,121606.09999999999,20690.2,1,2.0
CUST15954,Priya Reddy,121589.99999999999,15757.24,1,2.0
CUST21533,Abhishek Yadav,121581.0,14254.8,1,3.0
CUST12617,Ankit Sharma,121520.0,11265.18,1,2.0
CUST15265,Manish Nayak,121512.59999999999,9038.09,1,4.0
CUST19117,Nisha Kumar,121507.5,28758.5,1,5.0
CUST18719,Amit Panda,121470.0,8390.46,1,5.0
CUST18993,Sanjay Pradhan,121458.4,17713.91,1,2.0
CUST13170,Karan Sharma,121446.40000000001,9695.04,1,2.0
CUST27325,Rahul Rao,121443.75,9770.28,1,3.0
CUST14045,Abhishek Pradhan,121422.0,25478.92,1,3.0
CUST26066,Sneha Patel,121397.40000000001,10521.89,1,2.0
CUST26897,Karan Verma,121390.2,29078.27,1,2.0
CUST11369,Pooja Reddy,121372.0,28859.64,1,5.0
CUST20010,Priya Dutta,121351.09999999999,19381.4,1,2.0
CUST22146,Abhishek Behera,121318.79999999999,23506.73,1,4.0
CUST25586,Sneha Das,121315.5,14935.8,1,3.0
CUST28863,Priya Dutta,121270.0,12619.76,1,5.0
CUST25620,Neha Rao,121266.0,24710.96,1,3.0
CUST26516,Riya Yadav,121266.0,26786.7,1,4.0
CUST22840,Pooja Singh,121248.0,6429.39,1,4.0
CUST21894,Kavita Jain,121240.0,16774.7,1,5.0
CUST18932,Nisha Panda,121239.0,20277.53,1,3.0
CUST25481,Swati Mohanty,121237.09999999999,13979.7,1,2.0
CUST19896,Amit Patel,121227.3,10184.17,1,3.0
CUST22723,Suresh Reddy,121216.0,16687.44,1,5.0
CUST10218,Rahul Rao,121203.0,29519.13,1,4.0
CUST17427,Riya Jain,121183.99999999999,6605.22,1,5.0
CUST14800,Priya Verma,121176.0,9205.73,1,2.0
CUST17834,Riya Jain,121152.0,17553.22,1,3.0
CUST26821,Karan Reddy,121130.7,20291.68,1,3.0
CUST16381,Riya Rao,121106.25,7544.33,1,5.0
CUST15249,Rahul Mehta,121063.59999999999,6852.12,1,2.0
CUST15314,Rohit Gupta,121057.6,20485.38,1,2.0
CUST23752,Abhishek Dutta,121034.2,28304.03,1,2.0
CUST15442,Kavita Mehta,121033.6,21683.28,1,4.0
CUST11410,Anjali Nayak,121025.25,10552.51,1,3.0
CUST13846,Akash Mehta,120975.4,18783.94,1,2.0
CUST17998,Rohit Rao,120960.0,13800.85,1,5.0
CUST14401,Deepak Mishra,120916.8,26272.98,1,2.0
CUST18421,Nisha Sahu,120805.79999999999,20619.25,1,3.0
CUST18407,Nisha Sahu,120779.2,19393.55,1,2.0
CUST12830,Ankit Verma,120776.5,22963.83,1,2.0
CUST26536,Vivek Yadav,120756.4,22573.55,1,4.0
CUST22429,Nisha Gupta,120752.79999999999,13113.27,1,2.0
CUST10435,Sanjay Yadav,120744.0,16946.17,1,4.0
CUST11696,Neha Dutta,120730.5,12305.19,1,3.0
CUST12549,Suresh Das,120724.5,24538.42,1,2.0
CUST23764,Sneha Reddy,120706.2,23590.15,1,3.0
CUST11915,Anjali Rao,120698.3,17868.21,1,2.0
CUST22070,Arjun Mehta,120609.15,24694.01,1,3.0
CUST23361,Shreya Kumar,120607.5,29436.88,1,2.0
CUST18121,Nisha Mishra,120585.25,7505.12,1,5.0
CUST13762,Deepak Mehta,120584.25,17327.75,1,3.0
CUST21372,Karan Dutta,120558.79999999999,15335.59,1,2.0
CUST15780,Nisha Gupta,120548.8,27564.79,1,2.0
CUST11559,Pooja Yadav,120529.49999999999,23353.29,1,5.0
CUST26980,Priya Behera,120523.65,20824.52,1,3.0
CUST13107,Priya Panda,120500.0,30096.47,1,2.0
CUST25922,Anjali Singh,120475.20000000001,10914.61,1,3.0
CUST23564,Rahul Yadav,120469.5,11041.99,1,5.0
CUST10989,Rahul Rao,120436.25,15015.48,1,5.0
CUST22595,Nisha Das,120434.8,20442.22,1,2.0
CUST27616,Priya Pradhan,120417.6,9569.94,1,2.0
CUST26653,Nisha Verma,120415.8,11183.26,1,3.0
CUST16469,Ankit Yadav,120409.6,10586.57,1,4.0
CUST24579,Manish Nayak,120376.8,17520.66,1,3.0
CUST22514,Neha Sahu,120319.60454865656,20692.29,1,3.0
CUST19361,Amit Nayak,120319.60454865656,40396.71,1,3.0
CUST28583,Pooja Patel,120319.60454865656,37949.01,1,3.0
CUST19574,Shreya Mohanty,120319.60454865656,35794.12,1,3.0
CUST18808,Kavita Yadav,120319.60454865656,34787.78,1,3.0
CUST25871,Shreya Reddy,120319.60454865656,1884.48,1,3.0
CUST20388,Abhishek Reddy,120298.5,21820.41,1,3.0
CUST11867,Rahul Dutta,120276.0,7594.0,1,3.0
CUST12172,Vivek Kumar,120251.20000000001,14374.27,1,2.0
CUST26339,Akash Pradhan,120249.93,24715.91,1,3.0
CUST15295,Nisha Mehta,120241.5,11128.46,1,5.0
CUST24447,Akash Yadav,120235.9,14471.29,1,2.0
CUST16353,Amit Panda,120222.5,16391.9,1,2.0
CUST26509,Kavita Behera,120213.0,26542.32,1,5.0
CUST16132,Suresh Gupta,120200.0,15864.46,1,5.0
CUST15374,Rahul Singh,120191.7,15564.86,1,2.0
CUST10456,Pooja Behera,120181.59999999999,19752.79,1,4.0
CUST27012,Abhishek Nayak,120128.40000000001,29946.61,1,4.0
CUST20181,Abhishek Pradhan,120103.5,11325.21,1,2.0
CUST13716,Raj Mishra,120095.2,13199.35,1,4.0
CUST19868,Priya Mishra,120090.0,10634.01,1,2.0
CUST18049,Deepak Nayak,120067.59999999999,27202.2,1,2.0
CUST15131,Suresh Patel,120052.8,9993.71,1,2.0
CUST12922,Deepak Sahu,120049.6,9647.32,1,2.0
CUST10174,Rohit Dutta,120032.0,26695.46,1,2.0
CUST14054,Nisha Yadav,119985.3,15314.6,1,3.0
CUST25623,Ankit Singh,119967.4,17361.21,1,2.0
CUST25869,Akash Mishra,119964.8,27372.57,1,4.0
CUST11096,Pooja Reddy,119906.0,26300.71,1,2.0
CUST28912,Swati Panda,119877.0,9845.88,1,2.0
CUST16022,Arjun Sharma,119864.0,22584.63,1,2.0
CUST19900,Rohit Sahu,119838.0,27927.56,1,4.0
CUST28378,Deepak Yadav,119811.20000000001,25872.87,1,2.0
CUST22618,Pooja Patel,119809.2,27439.39,1,3.0
CUST21649,Karan Verma,119800.8,18091.48,1,4.0
CUST11878,Riya Das,119796.0,28933.23,1,2.0
CUST19566,Sneha Gupta,119787.09999999999,7892.01,1,2.0
CUST14613,Raj Mohanty,119780.0,15474.44,1,5.0
CUST19609,Abhishek Singh,119758.9,23663.53,1,2.0
CUST17713,Neha Gupta,119715.20000000001,17485.21,1,2.0
CUST13571,Sneha Rao,119707.2,18255.52,1,4.0
CUST14307,Priya Das,119695.20000000001,18146.63,1,3.0
CUST18658,Deepak Mehta,119673.75,25370.66,1,5.0
CUST27566,Karan Verma,119633.5,13982.5,1,2.0
CUST11214,Suresh Sahu,119625.9,29884.72,1,2.0
CUST19814,Deepak Sharma,119620.8,13321.903900000005,1,3.0
CUST19884,Akash Nayak,119599.2,24290.68,1,3.0
CUST12373,Sneha Rao,119584.49999999999,26059.98,1,5.0
CUST26556,Priya Jain,119568.0,10865.44,1,2.0
CUST27858,Sneha Mishra,119567.8,27893.72,1,4.0
CUST14029,Priya Mishra,119567.0,11016.7,1,2.0
CUST24685,Kavita Sharma,119527.79999999999,7368.57,1,3.0
CUST23112,Deepak Singh,119522.40000000001,15065.08,1,3.0
CUST28011,Vikas Sahu,119502.0,25349.62,1,2.0
CUST21851,Riya Reddy,119498.40000000001,26869.79,1,2.0
CUST19877,Sneha Rao,119487.9,13860.45,1,3.0
CUST19122,Nisha Kumar,119486.2,20780.79,1,4.0
CUST20430,Unknown,119479.4,22265.33,1,2.0
CUST27514,Priya Mehta,119477.4,10846.28,1,2.0
CUST25419,Manish Rao,119475.0,27563.98,1,3.0
CUST15819,Pooja Patel,119472.0,23072.72,1,3.0
CUST19950,Karan Mehta,119469.0,9534.0,1,3.0
CUST23507,Priya Mishra,119424.0,28633.53,1,3.0
CUST17240,Rahul Pradhan,119401.2,15748.89,1,4.0
CUST12396,Rahul Behera,119384.59999999999,19356.97,1,4.0
CUST20019,Nisha Kumar,119355.0,23099.06,1,2.0
CUST23105,Riya Reddy,119354.2,24727.02,1,2.0
CUST12173,Kavita Nayak,119340.0,26013.83,1,4.0
CUST18915,Amit Reddy,119333.2,8657.54,1,2.0
CUST16348,Deepak Singh,119291.40000000001,29793.72,1,2.0
CUST15688,Akash Jain,119283.3,12292.35,1,3.0
CUST18997,Nisha Sharma,119268.0,21537.4,1,3.0
CUST13616,Sneha Sharma,119254.0,9415.52,1,2.0
CUST24727,Rohit Reddy,119244.0,11693.65,1,3.0
CUST22705,Vikas Singh,119242.0,10513.51,1,2.0
CUST15616,Sneha Singh,119199.0,24913.08,1,3.0
CUST23237,Abhishek Pradhan,119181.0,7858.42,1,3.0
CUST11987,Ankit Das,119166.75,28645.59,1,3.0
CUST19277,Pooja Mishra,119153.75,21816.33,1,5.0
CUST27200,Amit Das,119145.0,19798.46,1,3.0
CUST14264,Akash Nayak,119140.0,23640.82,1,2.0
CUST27375,Kavita Behera,119140.0,25494.7,1,5.0
CUST28939,Akash Behera,119129.2,16360.47,1,4.0
CUST21787,Raj Sahu,119109.2,20832.97,1,4.0
CUST23521,Amit Dutta,119102.84999999999,6015.6,1,3.0
CUST23626,Manish Reddy,119097.0,25238.87,1,4.0
CUST22569,Swati Sharma,119094.3,16899.13,1,3.0
CUST27403,Manish Rao,119086.7,15624.66,1,2.0
CUST26299,Riya Nayak,119074.9,15371.5,1,2.0
CUST18987,Raj Jain,119055.0,11643.59,1,3.0
CUST21348,Rahul Behera,119050.5,15755.36,1,2.0
CUST18304,Shreya Jain,119026.8,11086.79,1,4.0
CUST21018,Raj Behera,119020.99999999999,27397.3,1,5.0
CUST18018,Nisha Jain,118996.5,11161.98,1,2.0
CUST12926,Deepak Reddy,118968.0,10840.14,1,2.0
CUST10005,Neha Rao,118964.3,13364.71,1,2.0
CUST19899,Nisha Yadav,118963.5,29438.07,1,2.0
CUST16753,Raj Singh,118956.0,27365.59,1,2.0
CUST25959,Akash Verma,118893.0,6955.09,1,2.0
CUST23186,Karan Sahu,118878.0,24371.14,1,4.0
CUST25630,Akash Panda,118831.99999999999,6994.04,1,2.0
CUST28397,Karan Jain,118817.99999999999,7346.45,1,5.0
CUST19420,Sneha Pradhan,118813.65,7366.69,1,3.0
CUST28965,Ankit Das,118813.0,10640.96,1,4.0
CUST16316,Anjali Mishra,118803.6,8172.29,1,2.0
CUST23261,Sneha Behera,118780.8,16635.04,1,2.0
CUST12200,Priya Mehta,118770.0,24776.95,1,5.0
CUST19946,Abhishek Pradhan,118754.1,21337.09,1,3.0
CUST21597,Rohit Nayak,118702.0,18567.99,1,2.0
CUST25811,Manish Pradhan,118682.40000000001,24486.54,1,3.0
CUST25167,Neha Mehta,118676.25,14085.48,1,5.0
CUST22268,Vikas Kumar,118656.0,7097.33,1,3.0
CUST23209,Swati Sharma,118656.0,6138.96,1,3.0
CUST22381,Rohit Panda,118636.8,7464.8,1,2.0
CUST27074,Kavita Sharma,118618.9,24223.53,1,2.0
CUST22991,Riya Mehta,118608.0,26509.0,1,2.0
CUST10929,Sneha Behera,118604.49999999999,14579.81,1,5.0
CUST15473,Karan Mishra,118581.75,6386.19,1,3.0
CUST26380,Rahul Kumar,118555.5,17588.35,1,2.0
CUST12057,Ankit Kumar,118554.75,17760.85,1,3.0
CUST27163,Nisha Reddy,118551.6,14106.55,1,3.0
CUST24136,Suresh Behera,118515.20000000001,14689.77,1,4.0
CUST23176,Vivek Behera,118503.0,23568.71,1,5.0
CUST11469,Manish Dutta,118500.75,10770.45,1,3.0
CUST16370,Amit Nayak,118452.0,11367.89,1,2.0
CUST22419,Priya Sahu,118449.6,28631.18,1,3.0
CUST24617,Raj Nayak,118432.0,14503.54,1,4.0
CUST10798,Anjali Patel,118403.59999999999,28292.54,1,4.0
CUST28342,Sanjay Yadav,118386.0,10118.95,1,4.0
CUST20745,Pooja Kumar,118381.4,11023.51,1,4.0
CUST27280,Shreya Mehta,118380.0,22586.78,1,3.0
CUST15865,Rohit Sahu,118369.6,27568.91,1,2.0
CUST17797,Vivek Mohanty,118337.6,12700.82,1,2.0
CUST27461,Abhishek Gupta,118320.0,14532.04,1,2.0
CUST28028,Abhishek Nayak,118316.79999999999,14494.42,1,4.0
CUST28511,Karan Jain,118300.8,20473.71,1,3.0
CUST23557,Nisha Kumar,118294.4,20422.25,1,4.0
CUST14685,Vivek Rao,118294.4,24870.36,1,2.0
CUST16000,Vivek Kumar,118266.0,28180.9,1,3.0
CUST25857,Swati Gupta,118220.8,15782.87,1,2.0
CUST15929,Vikas Reddy,118186.0,17261.94,1,2.0
CUST27808,Shreya Dutta,118181.9,23985.34,1,2.0
CUST22111,Kavita Das,118165.75,18299.79,1,5.0
CUST16108,Priya Dutta,118153.4,28905.07,1,2.0
CUST23392,Pooja Panda,118152.0,6120.04,1,3.0
CUST23778,Arjun Jain,118124.9,24298.81,1,2.0
CUST21993,Akash Das,118118.7,21154.06,1,3.0
CUST14464,Kavita Mishra,118080.0,19443.92,1,5.0
CUST27845,Karan Sahu,118038.9,28381.45,1,3.0
CUST17231,Pooja Das,118019.09999999999,20213.17,1,2.0
CUST26184,Sneha Yadav,118009.95,38112.82,1,3.0
CUST25971,Kavita Mehta,118008.0,12355.03,1,2.0
CUST25576,Kavita Rao,118000.8,9586.19,1,3.0
CUST26685,Vikas Patel,117999.0,25686.38,1,5.0
CUST24498,Amit Sahu,117985.95,6655.58,1,3.0
CUST14731,Abhishek Panda,117982.40000000001,17460.33,1,2.0
CUST18892,Nisha Verma,117918.75,21787.97,1,5.0
CUST28425,Swati Rao,117907.34999999999,22693.02,1,3.0
CUST23799,Sneha Sahu,117906.4,6396.61,1,2.0
CUST13937,Swati Mishra,117900.0,20106.68,1,5.0
CUST10393,Neha Patel,117884.54999999999,25548.98,1,3.0
CUST27896,Riya Mohanty,117859.3,28217.77,1,2.0
CUST28492,Arjun Mehta,117848.0,28564.36,1,2.0
CUST12207,Riya Mohanty,117774.0,14493.73,1,2.0
CUST23336,Sneha Kumar,117759.0,25039.8,1,2.0
CUST27681,Sanjay Patel,117714.8,26035.69,1,2.0
CUST15366,Amit Jain,117703.59999999999,20448.55,1,2.0
CUST14448,Pooja Jain,117674.2,18199.32,1,2.0
CUST24672,Pooja Dutta,117674.1,12467.95,1,3.0
CUST23445,Arjun Verma,117665.5,19263.29,1,5.0
CUST26041,Arjun Behera,117632.0,21808.1,1,2.0
CUST23577,Anjali Mohanty,117619.20000000001,7466.83,1,3.0
CUST15102,Suresh Reddy,117604.29999999999,12701.7,1,2.0
CUST24184,Pooja Das,117585.0,27305.07,1,3.0
CUST15153,Vivek Panda,117579.59999999999,23709.81,1,2.0
CUST13533,Raj Panda,117570.0,26459.56,1,4.0
CUST15888,Akash Behera,117555.0,7506.04,1,2.0
CUST20167,Swati Dutta,117540.0,12000.06,1,5.0
CUST12987,Karan Sharma,117538.5,13562.23,1,2.0
CUST18230,Swati Sharma,117532.5,23461.83,1,2.0
CUST18197,Ankit Panda,117520.5,26221.95,1,2.0
CUST21872,Abhishek Das,117492.2,11305.9,1,2.0
CUST25956,Abhishek Rao,117456.75,23704.76,1,3.0
CUST19156,Kavita Jain,117417.99999999999,29134.08,1,2.0
CUST28480,Manish Sharma,117404.8,29154.56,1,2.0
CUST15354,Manish Nayak,117399.0,26654.61,1,3.0
CUST26862,Rahul Rao,117364.0,7192.69,1,4.0
CUST22692,Riya Dutta,117349.5,15164.57,1,2.0
CUST28019,Sneha Dutta,117346.75,6993.2,1,5.0
CUST15969,Nisha Mohanty,117327.0,7666.98,1,4.0
CUST18893,Ankit Patel,117310.2,12972.71,1,3.0
CUST15212,Pooja Pradhan,117294.0,21074.48,1,2.0
CUST16772,Suresh Mohanty,117252.0,14264.15,1,2.0
CUST15948,Sanjay Gupta,117247.20000000001,7185.54,1,3.0
CUST21305,Abhishek Sahu,117237.59999999999,25534.13,1,4.0
CUST10536,Abhishek Mohanty,117231.0,18937.23,1,2.0
CUST10447,Sneha Patel,117225.6,28190.77,1,4.0
CUST19465,Rohit Panda,117201.6,24579.6,1,3.0
CUST12095,Priya Rao,117199.59999999999,29037.46,1,4.0
CUST12115,Vikas Das,117198.0,22119.41,1,2.0
CUST20380,Rohit Panda,117188.0,9166.59,1,4.0
CUST16189,Deepak Singh,117186.29999999999,11969.6,1,3.0
CUST18582,Deepak Yadav,117176.25,18610.47,1,5.0
CUST25863,Raj Nayak,117150.59999999999,12925.75,1,2.0
CUST19365,Swati Mishra,117147.0,17065.01,1,5.0
CUST13171,Sneha Patel,117128.0,22505.42,1,5.0
CUST23596,Swati Pradhan,117097.6,17758.25,1,4.0
CUST14126,Akash Mishra,117093.6,7206.1,1,2.0
CUST11449,Manish Yadav,117079.2,8801.97,1,2.0
CUST14050,Shreya Das,117077.79999999999,10660.58,1,2.0
CUST11543,Vikas Verma,117045.0,27361.68,1,3.0
CUST14519,Kavita Panda,116992.8,14310.77,1,3.0
CUST11414,Neha Reddy,116990.0,26423.91,1,2.0
CUST19608,Ankit Patel,116972.79999999999,13177.06,1,4.0
CUST16481,Sneha Das,116961.15,11821.83,1,3.0
CUST18458,Riya Dutta,116915.54999999999,6425.59,1,3.0
CUST15259,Akash Nayak,116912.7,28857.23,1,3.0
CUST25071,Neha Rao,116904.0,14523.86,1,2.0
CUST21497,Abhishek Pradhan,116900.0,29069.3,1,2.0
CUST10868,Rohit Sharma,116874.0,8206.63,1,3.0
CUST16762,Rahul Pradhan,116847.0,26372.82,1,2.0
CUST13742,Kavita Rao,116838.59999999999,8923.05,1,3.0
CUST15278,Raj Sahu,116812.0,25418.91,1,2.0
CUST18801,Pooja Nayak,116774.40000000001,27049.71,1,2.0
CUST21583,Sanjay Jain,116764.5,24079.66,1,5.0
CUST27765,Nisha Panda,116733.0,25834.16,1,4.0
CUST19179,Rahul Patel,116721.0,24015.12,1,5.0
CUST12935,Amit Patel,116720.0,11470.33,1,5.0
CUST18908,Anjali Verma,116720.0,20468.25,1,4.0
CUST21793,Ankit Mehta,116712.0,26393.92,1,4.0
CUST26418,Amit Das,116624.0,11308.64,1,4.0
CUST10983,Abhishek Nayak,116620.0,23848.74,1,4.0
CUST22066,Priya Sharma,116610.59999999999,20245.1,1,4.0
CUST23874,Arjun Rao,116489.79999999999,27659.12,1,2.0
CUST16829,Amit Mohanty,116472.0,27888.18,1,5.0
CUST18245,Raj Mehta,116461.79999999999,22470.56,1,3.0
CUST16947,Neha Kumar,116398.79999999999,10231.89,1,2.0
CUST27223,Ankit Mishra,116356.0,12104.2,1,5.0
CUST19402,Abhishek Das,116282.84999999999,22950.47,1,3.0
CUST15925,Rohit Mishra,116208.0,6465.15,1,2.0
CUST17982,Vivek Yadav,116196.49999999999,7222.6,1,5.0
CUST20538,Sanjay Das,116157.6,25333.7,1,2.0
CUST23977,Riya Behera,116128.8,8827.07,1,3.0
CUST13424,Rohit Sharma,116127.0,21186.99,1,3.0
CUST10905,Kavita Rao,116125.0,19356.23,1,5.0
CUST22293,Vivek Rao,116123.59999999999,23744.03,1,2.0
CUST14565,Vikas Patel,116081.25,21058.17,1,5.0
CUST11302,Sneha Mohanty,116058.15,28720.07,1,3.0
CUST19333,Vikas Panda,116058.0,17300.32,1,3.0
CUST28497,Raj Rao,116044.4,26643.27,1,2.0
CUST10001,Arjun Pradhan,116040.4,7150.03,1,2.0
CUST25284,Priya Dutta,116012.09999999999,10713.64,1,2.0
CUST12711,Kavita Das,116001.0,6459.89,1,3.0
CUST25999,Priya Jain,115994.25,10147.45,1,3.0
CUST17701,Suresh Reddy,115981.7,11193.74,1,2.0
CUST21776,Nisha Behera,115970.40000000001,16502.62,1,4.0
CUST12421,Karan Sahu,115968.0,17286.23,1,2.0
CUST26105,Neha Singh,115958.40000000001,11804.52,1,3.0
CUST25938,Amit Behera,115948.5,11449.24,1,2.0
CUST15369,Sanjay Patel,115936.0,8560.15,1,2.0
CUST21990,Deepak Das,115921.8,28206.02,1,3.0
CUST24299,Arjun Verma,115883.59999999999,12139.63,1,2.0
CUST10923,Sanjay Sahu,115876.8,8536.74,1,4.0
CUST20164,Vivek Mohanty,115866.0,18075.29,1,3.0
CUST10154,Sanjay Sharma,115864.5,20683.57,1,2.0
CUST22859,Abhishek Nayak,115854.0,11417.37,1,2.0
CUST24690,Deepak Das,115850.0,13803.08,1,2.0
CUST26943,Nisha Yadav,115815.6,22194.64,1,4.0
CUST25631,Amit Mohanty,115807.4,24731.62,1,4.0
CUST23296,Abhishek Sahu,115771.75,11563.63,1,5.0
CUST19005,Rahul Singh,115761.0,26416.95,1,4.0
CUST21334,Rohit Dutta,115760.25,27730.75,1,3.0
CUST17856,Akash Pradhan,115722.0,11969.14,1,4.0
CUST17774,Kavita Sharma,115684.2,6131.47,1,3.0
CUST25548,Sneha Pradhan,115678.0,14456.32,1,2.0
CUST14109,Vikas Das,115657.5,10493.68,1,5.0
CUST20328,Pooja Mehta,115639.7,8336.67,1,2.0
CUST24163,Manish Singh,115629.0,13416.48,1,2.0
CUST23456,Manish Jain,115618.5,16435.97,1,5.0
CUST20260,Manish Singh,115615.49999999999,9223.31,1,5.0
CUST19362,Deepak Verma,115605.5,13408.34,1,2.0
CUST24716,Kavita Reddy,115600.79999999999,28114.6,1,3.0
CUST14000,Riya Das,115595.1,27983.3,1,3.0
CUST12277,Sanjay Sahu,115578.0,15547.73,1,2.0
CUST14134,Swati Reddy,115574.40000000001,17799.13,1,2.0
CUST25645,Deepak Sharma,115552.8,22109.53,1,3.0
CUST19683,Kavita Patel,115529.40000000001,15828.88,1,2.0
CUST24197,Neha Jain,115526.40000000001,19957.28,1,2.0
CUST23348,Swati Sahu,115515.0,15850.56,1,2.0
CUST21390,Arjun Sahu,115490.40000000001,15963.75,1,3.0
CUST19999,Pooja Verma,115485.75,22698.21,1,3.0
CUST14587,Sanjay Das,115479.0,26645.62,1,3.0
CUST15523,Vivek Kumar,115476.29999999999,10520.24,1,3.0
CUST24571,Sneha Behera,115475.49999999999,17662.83,1,5.0
CUST22505,Manish Panda,115461.0,8617.18,1,3.0
CUST28035,Kavita Sharma,115460.59999999999,25285.7,1,4.0
CUST17931,Pooja Das,115444.0,12036.13,1,4.0
CUST10849,Raj Reddy,115432.59999999999,8264.11,1,4.0
CUST21864,Shreya Sharma,115413.0,25842.29,1,5.0
CUST17535,Sneha Panda,115408.0,22295.59,1,2.0
CUST28400,Nisha Patel,115399.2,10965.65,1,2.0
CUST12389,Sanjay Verma,115385.09999999999,19310.33,1,3.0
CUST28132,Vikas Rao,115369.65,28302.57,1,3.0
CUST10133,Manish Reddy,115366.99999999999,10386.5,1,2.0
CUST27967,Karan Gupta,115344.25,27128.85,1,5.0
CUST16970,Vikas Reddy,115341.0,7568.91,1,4.0
CUST20148,Sanjay Verma,115326.0,12177.18,1,3.0
CUST10442,Abhishek Jain,115323.0,27353.17,1,2.0
CUST20719,Anjali Pradhan,115297.4,11321.94,1,2.0
CUST11705,Vikas Patel,115292.0,19640.33,1,2.0
CUST22855,Rohit Sharma,115254.0,20061.75,1,3.0
CUST15390,Sanjay Mehta,115245.9,26693.05,1,3.0
CUST15094,Abhishek Das,115245.2,11281.77,1,4.0
CUST10508,Neha Mohanty,115214.09999999999,17534.91,1,2.0
CUST16743,Vivek Rao,115206.3,14018.73,1,3.0
CUST24704,Sanjay Patel,115204.59999999999,21253.86,1,2.0
CUST12326,Rohit Kumar,115192.8,5881.8,1,3.0
CUST19419,Sanjay Sahu,115182.40000000001,21249.76,1,2.0
CUST24749,Suresh Mishra,115173.0,24591.05,1,2.0
CUST17581,Karan Gupta,115171.2,18923.25,1,2.0
CUST10079,Suresh Verma,115166.79999999999,24122.73,1,4.0
CUST23423,Manish Jain,115161.2,24745.74,1,2.0
CUST26971,Vivek Nayak,115158.75,24729.07,1,5.0
CUST25236,Riya Jain,115128.59999999999,12368.25,1,4.0
CUST14572,Vikas Patel,115099.34999999999,5921.27,1,3.0
CUST21671,Swati Yadav,115091.20000000001,11241.96,1,4.0
CUST10913,Anjali Rao,115072.5,24280.64,1,2.0
CUST27869,Neha Pradhan,115052.7,21956.85,1,3.0
CUST10179,Nisha Pradhan,115048.49999999999,16101.83,1,5.0
CUST20889,Swati Mohanty,115047.0,11496.77,1,2.0
CUST13345,Pooja Pradhan,115019.20000000001,17854.47,1,2.0
CUST10371,Riya Singh,115017.6,27481.52,1,2.0
CUST17303,Suresh Nayak,115000.2,15972.05,1,2.0
CUST15098,Kavita Dutta,114984.0,8959.91,1,3.0
CUST25741,Amit Patel,114961.65,7717.91,1,3.0
CUST15496,Raj Dutta,114950.0,8055.49,1,2.0
CUST27020,Unknown,114930.0,21633.68,1,5.0
CUST21265,Nisha Dutta,114893.0,15253.22,1,2.0
CUST24493,Suresh Panda,114855.99999999999,26195.09,1,2.0
CUST14334,Vivek Sharma,114855.0,7427.66,1,4.0
CUST20884,Rahul Mohanty,114837.79999999999,21361.77,1,2.0
CUST23925,Akash Panda,114836.0,11805.77,1,4.0
CUST19115,Arjun Sahu,114835.0,8838.77,1,2.0
CUST25423,Suresh Mishra,114827.20000000001,9238.76,1,2.0
CUST26399,Neha Nayak,114791.59999999999,20958.97,1,2.0
CUST21217,Nisha Singh,114741.0,13772.78,1,2.0
CUST25275,Manish Mohanty,114725.79999999999,19215.73,1,2.0
CUST23775,Swati Mohanty,114711.0,9180.74,1,3.0
CUST13631,Amit Sahu,114685.4,8308.87,1,4.0
CUST17174,Nisha Verma,114674.40000000001,21922.83,1,3.0
CUST26154,Priya Yadav,114633.0,26552.26,1,2.0
CUST10949,Swati Rao,114564.0,6753.58,1,2.0
CUST25613,Shreya Gupta,114547.5,23774.29,1,5.0
CUST11102,Raj Rao,114461.2,9722.33,1,4.0
CUST23069,Arjun Nayak,114414.29999999999,22553.53,1,3.0
CUST28107,Nisha Das,114408.0,19151.6,1,2.0
CUST10287,Priya Mehta,114404.40000000001,28169.65,1,4.0
CUST21883,Suresh Kumar,114382.8,22863.05,1,2.0
CUST15931,Vivek Panda,114353.4,28169.38,1,3.0
CUST19444,Neha Sahu,114343.5,26034.41,1,2.0
CUST21176,Vikas Mehta,114321.0,28283.36,1,4.0
CUST16196,Raj Verma,114296.09999999999,19535.2,1,2.0
CUST23616,Suresh Verma,114288.0,6001.54,1,3.0
CUST13323,Ankit Sahu,114285.0,19365.63,1,3.0
CUST28143,Nisha Sahu,114282.0,24170.11,1,2.0
CUST12973,Kavita Panda,114278.0,7269.2,1,2.0
CUST28597,Kavita Singh,114257.0,8329.93,1,4.0
CUST16387,Amit Behera,114256.8,19901.15,1,3.0
CUST12314,Abhishek Sahu,114255.90000000001,6180.75,1,3.0
CUST10583,Unknown,114254.0,11478.48,1,2.0
CUST27621,Swati Verma,114217.6,14148.79,1,2.0
CUST14491,Sanjay Kumar,114213.6,25417.78,1,4.0
CUST15825,Anjali Gupta,114203.29999999999,11890.85,1,2.0
CUST25332,Sneha Sahu,114168.59999999999,9066.53,1,4.0
CUST24722,Swati Mishra,114164.1,6698.79,1,3.0
CUST28053,Vikas Reddy,114162.0,14515.8,1,2.0
CUST22302,Akash Sahu,114145.6,12766.88,1,2.0
CUST19974,Kavita Rao,114134.9,7629.07,1,2.0
CUST14546,Riya Singh,114132.0,14840.07,1,4.0
CUST25628,Vivek Pradhan,114129.4,26503.61,1,2.0
CUST21170,Ankit Yadav,114102.59999999999,8299.5,1,2.0
CUST25917,Suresh Mohanty,114102.0,16041.05,1,3.0
CUST18840,Abhishek Dutta,114052.5,21782.06,1,5.0
CUST13379,Raj Das,114040.0,14081.44,1,2.0
CUST24148,Nisha Dutta,114030.0,10620.01,1,2.0
CUST13608,Rohit Patel,113998.5,28326.35,1,5.0
CUST28670,Sneha Kumar,113969.7,27923.97,1,2.0
CUST20751,Anjali Kumar,113954.0,12361.43,1,2.0
CUST26344,Abhishek Sharma,113888.0,21803.52,1,5.0
CUST13084,Ankit Reddy,113886.0,11960.48,1,4.0
CUST25063,Suresh Sahu,113857.5,18055.76,1,3.0
CUST22431,Manish Das,113814.0,19662.15,1,2.0
CUST13430,Priya Mishra,113785.0,8899.3,1,2.0
CUST28962,Priya Behera,113782.5,24536.25,1,2.0
CUST21345,Swati Behera,113781.0,15689.31,1,4.0
CUST21609,Raj Sharma,113772.4,25677.77,1,2.0
CUST20540,Karan Das,113737.4,19536.39,1,2.0
CUST14892,Karan Mehta,113708.0,22097.13,1,2.0
CUST12174,Amit Behera,113702.40000000001,23241.25,1,2.0
CUST16670,Sneha Nayak,113688.0,21534.91,1,4.0
CUST16397,Rohit Gupta,113684.09999999999,22516.19,1,2.0
CUST26932,Amit Singh,113649.45,16356.83,1,3.0
CUST20389,Pooja Nayak,113627.20000000001,6497.84,1,2.0
CUST19372,Rahul Behera,113602.9,11377.55,1,2.0
CUST20290,Suresh Mishra,113580.59999999999,12872.88,1,3.0
CUST21511,Rohit Pradhan,113574.45,13799.09,1,3.0
CUST16173,Sanjay Mishra,113572.8,11057.59,1,2.0
CUST28521,Rahul Pradhan,113556.79999999999,18107.96,1,4.0
CUST27120,Swati Yadav,113531.59999999999,16766.53,1,4.0
CUST24499,Pooja Behera,113530.5,15433.24,1,2.0
CUST25135,Rahul Das,113526.0,12122.71,1,4.0
CUST19382,Deepak Dutta,113503.9,6621.62,1,2.0
CUST11281,Arjun Singh,113457.6,14167.14,1,4.0
CUST12020,Deepak Patel,113439.5,14308.54,1,5.0
CUST24645,Amit Reddy,113427.0,22970.21,1,3.0
CUST21191,Shreya Panda,113421.6,18358.12,1,3.0
CUST14549,Anjali Singh,113419.20000000001,9065.49,1,3.0
CUST26088,Pooja Rao,113404.8,16310.94,1,3.0
CUST22567,Riya Behera,113392.0,19716.91,1,2.0
CUST25990,Neha Singh,113391.59999999999,8158.96,1,2.0
CUST26037,Priya Gupta,113385.75,21871.29,1,3.0
CUST11462,Suresh Kumar,113346.0,17223.53,1,4.0
CUST24016,Rohit Gupta,113304.0,15164.01,1,2.0
CUST13221,Pooja Sharma,113259.6,8763.28,1,4.0
CUST22029,Kavita Sharma,113253.29999999999,11751.27,1,3.0
CUST16976,Suresh Das,113161.6,9850.45,1,4.0
CUST18235,Vivek Behera,113113.75,25294.78,1,5.0
CUST19220,Nisha Mohanty,113084.0,16323.47,1,4.0
CUST14009,Vivek Panda,113076.0,22368.09,1,2.0
CUST23584,Ankit Patel,113067.90000000001,13982.8,1,3.0
CUST27697,Neha Mishra,113019.20000000001,19756.57,1,2.0
CUST16746,Abhishek Das,112993.0,14437.11,1,2.0
CUST15595,Riya Mehta,112984.0,5872.09,1,4.0
CUST14405,Abhishek Reddy,112968.0,8534.29,1,4.0
CUST27221,Anjali Patel,112965.6,21597.13,1,3.0
CUST12727,Suresh Rao,112963.5,7904.23,1,5.0
CUST19862,Anjali Das,112945.5,6147.33,1,2.0
CUST13166,Arjun Yadav,112938.0,27220.43,1,3.0
CUST27632,Rahul Gupta,112852.8,16046.3,1,2.0
CUST12324,Sanjay Yadav,112837.5,27203.67,1,5.0
CUST15918,Shreya Nayak,112833.75,27512.6,1,5.0
CUST24531,Amit Sharma,112828.5,19858.87,1,2.0
CUST24170,Raj Sharma,112825.79999999999,10796.3,1,4.0
CUST12033,Neha Panda,112816.8,19688.96,1,3.0
CUST14502,Swati Pradhan,112816.0,21892.44,1,2.0
CUST14803,Swati Mishra,112812.0,10023.47,1,3.0
CUST21040,Ankit Mishra,112806.0,21559.03,1,3.0
CUST24719,Rahul Gupta,112799.6292643655,4987.71,1,3.0
CUST28151,Sneha Mehta,112799.6292643655,2747.77,1,3.0
CUST19181,Deepak Das,112799.6292643655,15312.83,1,3.0
CUST20179,Vivek Sahu,112799.6292643655,18831.32,1,3.0
CUST15403,Pooja Jain,112799.6292643655,16533.924366666666,1,3.0
CUST17275,Rahul Panda,112791.59999999999,12221.25,1,3.0
CUST12146,Pooja Gupta,112771.2,5911.76,1,4.0
CUST23020,Nisha Dutta,112754.54999999999,7216.72,1,3.0
CUST24590,Rohit Reddy,112746.0,20976.82,1,5.0
CUST23894,Anjali Rao,112744.0,8533.07,1,5.0
CUST18910,Rahul Gupta,112737.6,19853.01,1,2.0
CUST27962,Amit Reddy,112731.20000000001,12997.32,1,2.0
CUST12151,Anjali Verma,112723.2,20789.18,1,4.0
CUST28233,Arjun Yadav,112698.0,24918.8,1,3.0
CUST26428,Abhishek Yadav,112694.7,26080.61,1,2.0
CUST22986,Vikas Patel,112662.0,21534.8,1,4.0
CUST10342,Rohit Das,112617.6,9204.89,1,4.0
CUST21631,Pooja Reddy,112606.40000000001,11978.96,1,2.0
CUST11260,Deepak Nayak,112604.09999999999,22039.83,1,3.0
CUST26769,Abhishek Patel,112601.6,14710.16,1,4.0
CUST14910,Rohit Gupta,112590.0,23528.83,1,4.0
CUST10613,Priya Kumar,112574.0,17832.07,1,5.0
CUST25161,Shreya Behera,112557.0,18105.79,1,2.0
CUST17660,Arjun Panda,112545.6,22228.51,1,3.0
CUST22925,Nisha Behera,112521.0,16624.71,1,4.0
CUST11967,Neha Sharma,112518.0,17988.15,1,2.0
CUST21905,Sanjay Yadav,112484.4,15343.72,1,3.0
CUST26376,Arjun Singh,112452.75,27103.36,1,3.0
CUST21624,Deepak Sharma,112450.5,8118.45,1,5.0
CUST17924,Ankit Mohanty,112411.20000000001,5881.89,1,3.0
CUST26112,Sneha Panda,112279.5,6845.51,1,2.0
CUST24975,Riya Verma,112257.8,28039.02,1,2.0
CUST19064,Anjali Sahu,112252.5,16420.0,1,3.0
CUST21751,Riya Nayak,112251.0,8864.8,1,2.0
CUST25695,Swati Mishra,112245.9,16575.93,1,2.0
CUST19060,Swati Pradhan,112233.75,19733.29,1,5.0
CUST16989,Neha Behera,112225.4,6577.95,1,2.0
CUST19474,Abhishek Das,112193.2,21577.42,1,2.0
CUST27540,Raj Sharma,112185.5,26800.25,1,5.0
CUST21819,Anjali Gupta,112177.05,24658.84,1,3.0
CUST25949,Karan Sahu,112172.2,23648.79,1,2.0
CUST27653,Kavita Mohanty,112156.0,19199.98,1,4.0
CUST14904,Karan Das,112134.0,25300.06,1,2.0
CUST21467,Akash Yadav,112131.59999999999,12713.97,1,4.0
CUST12768,Manish Dutta,112130.40000000001,20210.47,1,3.0
CUST14497,Kavita Patel,112128.0,24033.15,1,2.0
CUST25872,Pooja Panda,112116.0,24627.89,1,2.0
CUST20834,Deepak Sharma,112112.0,27740.92,1,5.0
CUST20962,Arjun Reddy,112081.2,14137.07,1,3.0
CUST24432,Ankit Panda,112050.4,27063.14,1,4.0
CUST10334,Akash Reddy,112039.2,10180.25,1,2.0
CUST24934,Manish Pradhan,112008.0,25644.51,1,4.0
CUST12813,Pooja Mohanty,112005.6,19260.32,1,3.0
CUST28493,Anjali Rao,111996.0,16260.1,1,5.0
CUST27941,Vivek Sahu,111988.5,18245.82,1,2.0
CUST13678,Karan Reddy,111979.0,14286.75,1,5.0
CUST23878,Raj Gupta,111969.0,23588.23,1,3.0
CUST10059,Abhishek Verma,111958.0,16617.17,1,2.0
CUST10486,Manish Yadav,111951.0,22492.51,1,2.0
CUST11580,Sanjay Behera,111914.4,6324.92,1,3.0
CUST25805,Nisha Yadav,111895.2,22084.28,1,4.0
CUST16932,Manish Kumar,111883.8,18219.91,1,2.0
CUST11419,Vikas Verma,111856.59999999999,10332.39,1,4.0
CUST14245,Suresh Behera,111849.0,6671.33,1,3.0
CUST20518,Vivek Singh,111823.59999999999,23474.16,1,4.0
CUST14374,Deepak Dutta,111812.4,23232.05,1,2.0
CUST24321,Riya Patel,111811.5,27884.23,1,3.0
CUST23518,Shreya Pradhan,111794.40000000001,23685.16,1,4.0
CUST27314,Sanjay Behera,111782.40000000001,16003.64,1,3.0
CUST16959,Deepak Panda,111758.0,21673.06,1,2.0
CUST27156,Vivek Yadav,111753.6,5899.45,1,2.0
CUST27391,Anjali Jain,111753.0,14925.01,1,2.0
CUST21134,Shreya Dutta,111741.0,14062.87,1,3.0
CUST27906,Swati Rao,111733.2,8716.77,1,2.0
CUST14011,Sneha Behera,111674.40000000001,23997.9,1,3.0
CUST17378,Priya Kumar,111659.2,7930.29,1,2.0
CUST21095,Nisha Das,111646.0,13760.92,1,2.0
CUST24712,Sanjay Mehta,111625.6,25566.54,1,4.0
CUST18703,Sanjay Rao,111613.59999999999,19368.22,1,2.0
CUST17886,Karan Behera,111612.0,20696.19,1,5.0
CUST24019,Rahul Kumar,111582.0,26285.99,1,3.0
CUST15409,Nisha Das,111568.0,19652.51,1,2.0
CUST27267,Riya Behera,111558.0,16111.5,1,3.0
CUST21844,Swati Nayak,111552.79999999999,6890.03,1,2.0
CUST14275,Ankit Rao,111543.0,16859.59,1,2.0
CUST10848,Kavita Rao,111499.5,16190.19,1,5.0
CUST25083,Vivek Mehta,111466.34999999999,19803.56,1,3.0
CUST16936,Rohit Jain,111464.0,18795.05,1,5.0
CUST19943,Anjali Singh,111455.9,18629.86,1,2.0
CUST12856,Manish Panda,111426.45,21301.24,1,3.0
CUST20134,Vivek Patel,111414.09999999999,20355.26,1,2.0
CUST16482,Priya Dutta,111396.0,22590.79,1,2.0
CUST28163,Rahul Pradhan,111374.2,12250.61,1,2.0
CUST18369,Raj Kumar,111341.25,15707.44,1,5.0
CUST12508,Neha Singh,111328.2,25639.12,1,2.0
CUST16435,Ankit Rao,111317.2,24757.61,1,4.0
CUST12963,Arjun Nayak,111296.0,21532.9,1,4.0
CUST28084,Kavita Verma,111278.25,21188.72,1,3.0
CUST24471,Manish Mishra,111256.59999999999,8996.6,1,2.0
CUST27409,Rahul Nayak,111238.40000000001,12461.7,1,4.0
CUST15746,Akash Gupta,111220.8,27520.84,1,3.0
CUST22398,Arjun Verma,111219.09999999999,16606.41,1,2.0
CUST24212,Swati Sharma,111181.7,24763.85,1,2.0
CUST16688,Sanjay Rao,111174.0,7604.35,1,2.0
CUST27084,Anjali Dutta,111169.8,19466.84,1,2.0
CUST20421,Vivek Rao,111164.25,26920.41,1,3.0
CUST28152,Shreya Sahu,111154.4,25202.62,1,2.0
CUST28841,Vivek Jain,111139.20000000001,9981.38,1,3.0
CUST17265,Deepak Jain,111067.2,20641.3,1,3.0
CUST10628,Priya Mehta,111066.9,16281.88,1,3.0
CUST19709,Akash Sahu,111058.5,19265.41,1,3.0
CUST19983,Manish Jain,111034.5,17144.28,1,2.0
CUST14067,Suresh Sahu,111033.0,20457.21,1,3.0
CUST14829,Vikas Patel,111025.59999999999,10102.92,1,2.0
CUST24604,Vikas Pradhan,111011.7,26384.99,1,2.0
CUST21627,Arjun Mohanty,110964.75,9933.85,1,3.0
CUST23007,Riya Mishra,110953.5,6426.02,1,5.0
CUST15498,Priya Mehta,110944.5,27375.97,1,2.0
CUST12684,Suresh Reddy,110940.2,20937.73,1,2.0
CUST27701,Priya Yadav,110929.5,23199.73,1,5.0
CUST12049,Sanjay Pradhan,110929.0,26685.18,1,2.0
CUST12533,Akash Nayak,110827.8,27274.43,1,2.0
CUST21478,Vikas Patel,110784.75,17246.46,1,5.0
CUST13804,Ankit Verma,110766.9,27240.5,1,2.0
CUST26684,Riya Nayak,110765.2,6760.99,1,4.0
CUST12832,Rohit Patel,110764.8,24096.2,1,4.0
CUST19500,Neha Das,110758.5,17795.45,1,3.0
CUST22978,Akash Kumar,110754.79999999999,19729.42,1,2.0
CUST14062,Suresh Mishra,110751.0,21741.86,1,3.0
CUST18822,Karan Kumar,110739.59999999999,10889.5,1,4.0
CUST25738,Sanjay Panda,110703.6,25980.81,1,4.0
CUST12064,Amit Singh,110685.6,26503.62,1,2.0
CUST21065,Nisha Verma,110667.20000000001,16125.28,1,2.0
CUST20488,Neha Behera,110627.5,10428.16,1,5.0
CUST13086,Sanjay Sahu,110619.0,19952.44,1,4.0
CUST22747,Abhishek Kumar,110569.6,7543.24,1,2.0
CUST17854,Raj Mehta,110566.7,18522.85,1,2.0
CUST18863,Ankit Mishra,110553.6,7458.61,1,2.0
CUST24542,Priya Das,110535.0,6141.28,1,4.0
CUST25384,Ankit Kumar,110506.5,10078.06,1,2.0
CUST12035,Vikas Das,110497.5,8307.14,1,5.0
CUST16209,Priya Behera,110446.40000000001,15781.55,1,2.0
CUST20178,Rahul Panda,110435.59999999999,20537.34,1,2.0
CUST10520,Amit Pradhan,110394.2,14830.64,1,2.0
CUST23707,Shreya Mehta,110367.4,17084.12,1,2.0
CUST26747,Vikas Das,110367.0,23264.99,1,4.0
CUST22013,Riya Pradhan,110349.0,22754.71,1,3.0
CUST18101,Kavita Jain,110344.5,17935.17,1,5.0
CUST28811,Kavita Verma,110334.6,13795.81,1,2.0
CUST15507,Manish Mehta,110328.4,26720.36,1,2.0
CUST26715,Ankit Yadav,110322.0,21001.18,1,5.0
CUST16578,Pooja Rao,110317.5,26877.84,1,5.0
CUST24270,Priya Pradhan,110303.1,12024.97,1,3.0
CUST22183,Anjali Reddy,110295.0,23943.2,1,3.0
CUST23014,Sneha Dutta,110281.6,22931.41,1,2.0
CUST12628,Neha Verma,110203.2,8603.26,1,4.0
CUST12927,Rahul Sahu,110197.4,12434.49,1,2.0
CUST18413,Priya Mohanty,110196.0,25331.7,1,4.0
CUST19672,Akash Jain,110187.0,15617.83,1,2.0
CUST20824,Priya Patel,110176.0,16409.69,1,4.0
CUST26197,Deepak Singh,110175.29999999999,22790.17,1,3.0
CUST26687,Arjun Singh,110166.0,27288.17,1,2.0
CUST19538,Nisha Singh,110156.40000000001,19297.99,1,4.0
CUST14724,Akash Mehta,110152.5,11338.7,1,2.0
CUST23156,Shreya Dutta,110150.40000000001,20142.15,1,3.0
CUST25907,Neha Nayak,110144.25,18835.84,1,3.0
CUST14888,Shreya Jain,110141.1,13028.11,1,3.0
CUST20285,Nisha Sahu,110131.59999999999,19241.91,1,4.0
CUST21613,Deepak Das,110114.1,24320.85,1,3.0
CUST13186,Priya Gupta,110109.6,18940.37,1,3.0
CUST24087,Riya Panda,110034.0,15283.8,1,5.0
CUST19408,Kavita Reddy,110020.5,5830.55,1,2.0
CUST18423,Raj Mehta,110013.0,23874.85,1,4.0
CUST18280,Rahul Sharma,110000.0,7022.13,1,4.0
CUST25711,Sneha Mohanty,109966.5,20434.26,1,5.0
CUST21937,Kavita Dutta,109944.0,33556.91,1,3.0
CUST21891,Suresh Gupta,109867.79999999999,11370.91,1,3.0
CUST19527,Anjali Mohanty,109845.4,14758.44,1,2.0
CUST26806,Arjun Gupta,109845.0,20140.55,1,3.0
CUST28452,Suresh Behera,109843.20000000001,25858.94,1,4.0
CUST16609,Vikas Sharma,109818.3,7824.34,1,2.0
CUST14373,Swati Panda,109817.1,19343.93,1,3.0
CUST22748,Suresh Yadav,109797.9,15240.14,1,2.0
CUST11876,Suresh Patel,109795.5,21734.41,1,3.0
CUST27644,Vikas Dutta,109794.6,21019.58,1,2.0
CUST14717,Shreya Panda,109779.20000000001,8180.79,1,2.0
CUST14270,Nisha Pradhan,109719.0,12555.9,1,2.0
CUST18380,Suresh Gupta,109703.7,12104.37,1,3.0
CUST19162,Manish Das,109691.20000000001,5894.42,1,2.0
CUST10198,Ankit Nayak,109680.0,21352.61,1,4.0
CUST20343,Priya Singh,109645.2,25466.93,1,2.0
CUST22056,Shreya Mehta,109644.9,20456.94,1,3.0
CUST15093,Priya Sharma,109605.0,19394.16,1,3.0
CUST26276,Anjali Mohanty,109566.0,19607.06,1,4.0
CUST17756,Manish Yadav,109555.20000000001,22753.91,1,4.0
CUST26350,Amit Sharma,109554.0,13663.34,1,5.0
CUST27028,Akash Mohanty,109551.4,18027.08,1,4.0
CUST22286,Vikas Panda,109550.7,6437.05,1,3.0
CUST24731,Karan Singh,109548.0,5727.6,1,2.0
CUST14032,Vikas Singh,109498.2,9651.56,1,3.0
CUST10213,Swati Mohanty,109429.0,22033.56,1,2.0
CUST22610,Ankit Behera,109428.0,20369.17,1,3.0
CUST12903,Neha Pradhan,109424.0,20968.29,1,2.0
CUST20043,Sneha Gupta,109405.79999999999,7213.2,1,3.0
CUST18357,Swati Mohanty,109366.0,25253.03,1,2.0
CUST22494,Neha Kumar,109358.2,18329.88,1,2.0
CUST15359,Vikas Mishra,109358.1,23963.21,1,3.0
CUST26390,Suresh Mishra,109305.0,20749.25,1,5.0
CUST15018,Vivek Kumar,109272.59999999999,12416.89,1,3.0
CUST11127,Ankit Verma,109269.0,15256.76,1,4.0
CUST25600,Sneha Panda,109260.0,13076.67,1,2.0
CUST25808,Manish Patel,109249.04999999999,24753.89,1,3.0
CUST14648,Rahul Yadav,109220.40000000001,13235.85,1,4.0
CUST19089,Ankit Rao,109211.4,6555.31,1,2.0
CUST26116,Shreya Panda,109206.29999999999,21135.56,1,3.0
CUST28541,Suresh Panda,109198.8,21317.56,1,4.0
CUST24582,Raj Rao,109193.6,22662.29,1,4.0
CUST17533,Amit Behera,109172.09999999999,27055.22,1,3.0
CUST16865,Rahul Sahu,109165.5,23595.88,1,5.0
CUST13439,Vivek Gupta,109152.90000000001,17280.94,1,3.0
CUST10007,Karan Behera,109146.8,18708.51,1,2.0
CUST21290,Neha Patel,109137.9,5880.15,1,3.0
CUST16263,Manish Patel,109135.20000000001,25297.92,1,3.0
CUST13190,Pooja Mohanty,109107.5,12458.38,1,2.0
CUST11871,Pooja Panda,109101.0,7497.1,1,3.0
CUST27840,Priya Panda,109098.75,18256.65,1,5.0
CUST20444,Ankit Sharma,109087.5,6189.57,1,2.0
CUST28752,Sneha Gupta,109074.0,10717.93,1,4.0
CUST11798,Vivek Rao,109062.0,23102.9,1,4.0
CUST10699,Sanjay Patel,109046.25,10147.17,1,3.0
CUST22677,Vivek Singh,109044.8,6175.16,1,2.0
CUST16351,Sanjay Pradhan,109040.0,25016.04,1,4.0
CUST10252,Pooja Kumar,109025.79999999999,6708.3,1,2.0
CUST17506,Vikas Dutta,109017.0,11033.86,1,4.0
CUST12796,Manish Sharma,109016.75,22969.38,1,5.0
CUST22988,Neha Singh,108995.5,26088.36,1,2.0
CUST11744,Swati Yadav,108995.5,19601.52,1,5.0
CUST10975,Riya Mohanty,108966.0,14067.27,1,2.0
CUST24051,Nisha Singh,108880.5,14895.9,1,2.0
CUST23424,Riya Pradhan,108820.5,25145.92,1,2.0
CUST27528,Amit Panda,108805.2,19678.32,1,2.0
CUST22711,Deepak Verma,108801.0,21390.36,1,2.0
CUST10767,Abhishek Jain,108769.5,24663.75,1,5.0
CUST22551,Karan Kumar,108719.25,12322.27,1,3.0
CUST23516,Riya Mishra,108717.0,5439.92,1,2.0
CUST17841,Sanjay Yadav,108703.75,20060.72,1,5.0
CUST28966,Pooja Sharma,108676.8,21353.52,1,3.0
CUST20891,Arjun Yadav,108672.0,13161.92,1,2.0
CUST14461,Priya Reddy,108570.0,19018.33,1,4.0
CUST25639,Raj Behera,108570.0,21037.84,1,3.0
CUST24636,Amit Gupta,108565.2,8119.72,1,4.0
CUST25556,Vivek Sahu,108535.0,19946.9,1,5.0
CUST16470,Sneha Mohanty,108513.0,11687.52,1,3.0
CUST22568,Akash Yadav,108471.0,14444.8,1,2.0
CUST11550,Manish Sahu,108465.0,14108.71,1,3.0
CUST16539,Karan Dutta,108459.0,15113.85,1,5.0
CUST27473,Ankit Das,108458.0,13945.79,1,2.0
CUST19077,Abhishek Singh,108438.4,8449.72,1,4.0
CUST22173,Abhishek Nayak,108436.79999999999,19433.8,1,4.0
CUST28946,Arjun Sahu,108410.2,13110.75,1,2.0
CUST19462,Arjun Reddy,108403.9,14696.46,1,2.0
CUST27560,Deepak Reddy,108397.79999999999,11264.09,1,2.0
CUST24612,Neha Panda,108390.0,13519.91,1,2.0
CUST21946,Neha Yadav,108383.79999999999,8568.58,1,2.0
CUST14340,Nisha Rao,108376.79999999999,25969.67,1,4.0
CUST11092,Manish Mishra,108370.5,23341.9,1,3.0
CUST17564,Arjun Rao,108357.15,17746.87,1,3.0
CUST28162,Shreya Jain,108340.0,11850.89,1,5.0
CUST26999,Rohit Rao,108338.40000000001,6571.11,1,3.0
CUST21922,Nisha Patel,108329.2,23880.7,1,2.0
CUST16894,Pooja Mehta,108320.09999999999,13603.78,1,3.0
CUST24778,Akash Gupta,108310.5,22578.11,1,3.0
CUST26938,Suresh Singh,108288.0,22211.42,1,5.0
CUST21906,Priya Das,108265.79999999999,25991.89,1,2.0
CUST17038,Anjali Behera,108260.09999999999,10874.31,1,3.0
CUST25308,Swati Behera,108246.40000000001,15922.0,1,4.0
CUST17261,Vikas Jain,108221.40000000001,9279.2,1,3.0
CUST27533,Kavita Gupta,108178.4,7147.62,1,2.0
CUST20843,Priya Verma,108163.34999999999,14567.06,1,3.0
CUST26992,Kavita Sahu,108162.0,7196.19,1,4.0
CUST21790,Manish Singh,108146.25,22107.4,1,3.0
CUST27900,Ankit Nayak,108130.0,25176.68,1,5.0
CUST15487,Swati Mohanty,108123.75,17777.87,1,3.0
CUST24691,Priya Das,108104.0,10875.7,1,4.0
CUST20548,Rohit Jain,108092.25,15759.55,1,3.0
CUST26410,Kavita Singh,108086.84999999999,10140.28,1,3.0
CUST13358,Kavita Verma,108083.20000000001,17745.81,1,2.0
CUST19091,Rohit Mishra,108066.0,14385.85,1,2.0
CUST26472,Ankit Sahu,108048.59999999999,18805.84,1,3.0
CUST26243,Abhishek Rao,108014.40000000001,9930.45,1,4.0
CUST17499,Arjun Jain,108010.0,12322.66,1,4.0
CUST15073,Neha Patel,108003.59999999999,21414.32,1,3.0
CUST17120,Kavita Nayak,107992.0,16589.35,1,2.0
CUST18464,Riya Yadav,107990.8,16797.11,1,4.0
CUST17833,Karan Yadav,107989.0,18819.26,1,2.0
CUST26559,Pooja Reddy,107977.5,22067.87,1,5.0
CUST28546,Raj Singh,107960.2,8394.25,1,4.0
CUST15592,Suresh Patel,107927.4,16876.65,1,3.0
CUST12076,Abhishek Panda,107917.5,24774.99,1,2.0
CUST27872,Abhishek Reddy,107912.0,7677.37,1,4.0
CUST19015,Suresh Gupta,107904.0,16814.92,1,3.0
CUST23953,Swati Nayak,107847.59999999999,10673.81,1,3.0
CUST28743,Unknown,107823.0,23730.61,1,4.0
CUST16102,Sanjay Dutta,107805.0,7788.37,1,2.0
CUST24633,Shreya Verma,107795.09999999999,22338.38,1,3.0
CUST13429,Riya Panda,107787.0,25576.8,1,2.0
CUST28913,Shreya Yadav,107781.29999999999,6050.62,1,2.0
CUST19371,Vikas Nayak,107769.6,6082.61,1,4.0
CUST20570,Rohit Sharma,107756.2,23416.28,1,2.0
CUST13624,Vivek Reddy,107745.0,10634.58,1,2.0
CUST20062,Swati Sharma,107723.7,13593.13,1,3.0
CUST25188,Neha Behera,107718.0,12478.28,1,2.0
CUST12807,Deepak Sahu,107715.0,6654.03,1,5.0
CUST24842,Anjali Pradhan,107704.0,14985.829633333344,1,2.0
CUST20942,Rohit Das,107679.59999999999,14674.58,1,4.0
CUST16276,Pooja Patel,107673.0,24952.56,1,2.0
CUST24945,Ankit Das,107622.0,22037.09,1,2.0
CUST18214,Ankit Yadav,107608.2,13644.54,1,3.0
CUST19240,Vivek Rao,107587.5,10302.69,1,2.0
CUST10908,Riya Jain,107541.0,17729.07,1,5.0
CUST24952,Rahul Jain,107541.0,18142.6,1,3.0
CUST13454,Vivek Reddy,107514.0,19128.13,1,2.0
CUST19259,Vikas Patel,107462.09999999999,19762.67,1,3.0
CUST28090,Anjali Jain,107436.59999999999,20962.95,1,2.0
CUST15348,Vikas Jain,107436.0,13617.49,1,2.0
CUST13067,Nisha Mohanty,107415.0,10941.82,1,2.0
CUST21783,Kavita Singh,107380.4,6474.06,1,4.0
CUST14698,Priya Verma,107337.6,24676.0,1,4.0
CUST13058,Abhishek Gupta,107312.5,20782.14,1,2.0
CUST15898,Pooja Singh,107292.5,20750.35,1,5.0
CUST21111,Neha Nayak,107289.0,3897.88,1,3.0
CUST13596,Raj Gupta,107274.6,15767.24,1,2.0
CUST15758,Kavita Panda,107242.2,15682.29,1,2.0
CUST23028,Priya Reddy,107241.6,8740.62,1,2.0
CUST12762,Anjali Das,107219.20000000001,6812.37,1,4.0
CUST11634,Suresh Reddy,107198.0,19944.52,1,5.0
CUST13484,Sanjay Reddy,107164.75,14959.931933333319,1,5.0
CUST11608,Vivek Dutta,107161.2,13960.26,1,3.0
CUST10318,Riya Verma,107133.59999999999,22652.1,1,3.0
CUST10250,Ankit Sahu,107122.0,13386.04,1,5.0
CUST28024,Karan Panda,107104.0,15803.58,1,2.0
CUST13059,Karan Verma,107080.5,14172.09,1,2.0
CUST14763,Abhishek Yadav,107062.2,25500.04,1,2.0
CUST22797,Rohit Pradhan,107040.0,26741.09,1,3.0
CUST20069,Karan Behera,107034.0,10160.34,1,4.0
CUST16041,Rahul Jain,107018.09999999999,19087.48,1,3.0
CUST13331,Vivek Nayak,107014.5,25634.7,1,3.0
CUST17863,Shreya Patel,107010.0,8082.71,1,3.0
CUST13986,Vivek Rao,106990.5,9100.54,1,2.0
CUST24774,Rohit Jain,106969.04999999999,20910.47,1,3.0
CUST14498,Shreya Rao,106942.5,12229.49,1,3.0
CUST11156,Rahul Rao,106932.0,10712.28,1,4.0
CUST13285,Abhishek Verma,106928.3,22440.42,1,2.0
CUST13869,Rohit Reddy,106838.2,8547.47,1,2.0
CUST16080,Neha Sharma,106812.0,16702.12,1,2.0
CUST18136,Akash Behera,106794.0,11018.82,1,4.0
CUST20967,Pooja Mishra,106766.40000000001,10501.09,1,3.0
CUST21164,Raj Sahu,106758.4,20409.5,1,4.0
CUST22760,Amit Behera,106712.4,8133.58,1,3.0
CUST21056,Shreya Yadav,106699.59999999999,22244.1,1,4.0
CUST11859,Pooja Singh,106680.0,12033.9,1,5.0
CUST17219,Neha Das,106639.4,8263.0,1,4.0
CUST16684,Amit Mishra,106624.0,21912.39,1,4.0
CUST22361,Vikas Verma,106614.9,9344.59,1,3.0
CUST24303,Priya Gupta,106612.79999999999,10583.59,1,2.0
CUST10157,Sneha Singh,106607.25,15689.85,1,3.0
CUST18566,Suresh Mehta,106605.2,24669.45,1,2.0
CUST23558,Ankit Pradhan,106565.2,6312.48,1,4.0
CUST22439,Sanjay Dutta,106564.34999999999,18630.55,1,3.0
CUST17851,Pooja Mishra,106563.0,5380.64,1,2.0
CUST10680,Abhishek Mishra,106535.09999999999,15927.62,1,3.0
CUST10261,Rohit Yadav,106534.40000000001,21103.96,1,4.0
CUST17497,Riya Sharma,106531.34999999999,26252.55,1,3.0
CUST23310,Deepak Panda,106517.25,3311.18,1,3.0
CUST13156,Amit Rao,106493.09999999999,10456.87,1,3.0
CUST18097,Suresh Gupta,106423.79999999999,23191.65,1,3.0
CUST16956,Raj Singh,106406.4,6041.76,1,2.0
CUST26072,Karan Rao,106392.8,10101.79,1,2.0
CUST25201,Riya Mehta,106366.4,16016.48,1,2.0
CUST13158,Rahul Jain,106365.0,11527.09,1,5.0
CUST19016,Vivek Mishra,106358.0,11485.02,1,2.0
CUST12687,Suresh Mohanty,106330.65,14827.61,1,3.0
CUST25166,Kavita Sharma,106306.2,25813.05,1,2.0
CUST10802,Rahul Reddy,106302.0,20783.73,1,2.0
CUST25758,Swati Mishra,106293.59999999999,22779.89,1,4.0
CUST14844,Rohit Panda,106287.75,12490.25,1,3.0
CUST11178,Nisha Patel,106251.20000000001,26307.65,1,2.0
CUST11380,Pooja Rao,106233.75,11584.73,1,3.0
CUST26124,Pooja Mishra,106217.7,17770.12,1,3.0
CUST22545,Abhishek Mishra,106216.0,8128.35,1,5.0
CUST22981,Vivek Patel,106167.59999999999,14776.87,1,2.0
CUST10729,Arjun Mishra,106153.59999999999,7538.98,1,4.0
CUST19757,Abhishek Rao,106153.0,9489.19,1,5.0
CUST25053,Suresh Nayak,106125.6,16888.42,1,3.0
CUST14190,Ankit Mishra,106116.0,8409.36,1,4.0
CUST10354,Ankit Nayak,106078.5,13219.98,1,3.0
CUST19616,Abhishek Mishra,106067.20000000001,23167.81,1,2.0
CUST21736,Karan Pradhan,106050.6,17169.81,1,2.0
CUST10243,Raj Kumar,106041.0,7756.64,1,2.0
CUST10300,Vikas Sahu,106038.0,11058.46,1,5.0
CUST19319,Kavita Yadav,106036.0,15055.69,1,2.0
CUST15705,Priya Nayak,106006.5,15442.71,1,3.0
CUST19231,Rahul Mishra,106001.25,11115.9,1,5.0
CUST21286,Swati Nayak,105948.8,24424.13,1,4.0
CUST13586,Sneha Sahu,105924.0,20259.78,1,3.0
CUST19596,Suresh Jain,105921.2,6477.07,1,4.0
CUST24751,Suresh Sharma,105913.5,18902.31,1,5.0
CUST12441,Ankit Yadav,105903.0,23201.67,1,2.0
CUST17034,Raj Dutta,105889.0,9920.19,1,2.0
CUST27910,Akash Behera,105885.5,17513.17,1,5.0
CUST19621,Neha Mohanty,105880.5,6501.14,1,5.0
CUST24811,Rahul Behera,105870.0,17255.5,1,2.0
CUST26950,Suresh Mohanty,105852.6,21939.11,1,2.0
CUST26075,Pooja Rao,105842.79999999999,14438.54,1,2.0
CUST22780,Priya Dutta,105832.8,11310.13,1,2.0
CUST13113,Suresh Verma,105808.0,17124.68,1,4.0
CUST10193,Manish Gupta,105787.5,17500.91,1,5.0
CUST24879,Abhishek Reddy,105778.25,20159.96,1,5.0
CUST20517,Riya Das,105775.5,19617.87,1,2.0
CUST11555,Sanjay Behera,105746.2,6928.25,1,2.0
CUST28499,Deepak Sharma,105736.4,7306.28,1,4.0
CUST12663,Amit Verma,105730.5,17649.71,1,2.0
CUST12860,Shreya Mehta,105682.5,24309.95,1,5.0
CUST10881,Shreya Yadav,105656.0,16124.74,1,2.0
CUST21522,Vikas Mishra,105651.0,13349.69,1,5.0
CUST26277,Rohit Singh,105646.65,15450.33,1,3.0
CUST17750,Deepak Yadav,105616.0,7257.29,1,2.0
CUST11767,Swati Mohanty,105611.25,11279.89,1,5.0
CUST23269,Raj Sharma,105609.6,9689.71,1,4.0
CUST27655,Deepak Mohanty,105609.0,24739.12,1,5.0
CUST21436,Raj Verma,105602.0,10642.22,1,2.0
CUST19185,Rahul Das,105581.25,16483.24,1,5.0
CUST23346,Karan Nayak,105579.0,17538.38,1,2.0
CUST23744,Priya Gupta,105537.6,23122.53,1,3.0
CUST14501,Neha Behera,105522.4,10377.81,1,2.0
CUST28171,Ankit Verma,105517.3,25472.89,1,2.0
CUST19239,Vivek Sharma,105503.40000000001,17532.922333333307,1,2.0
CUST10874,Sanjay Dutta,105472.5,8580.46,1,3.0
CUST18372,Riya Singh,105471.0,21785.9,1,5.0
CUST25745,Priya Pradhan,105332.0,24219.72,1,4.0
CUST22912,Suresh Gupta,105285.59999999999,5290.04,1,4.0
CUST13917,Raj Verma,105281.84999999999,20591.32,1,3.0
CUST27905,Riya Jain,105279.65398007446,8594.16,1,3.0
CUST22649,Swati Mohanty,105279.65398007446,1199.8,1,3.0
CUST11958,Shreya Nayak,105279.65398007446,25278.32,1,3.0
CUST24791,Priya Mishra,105270.0,6889.39,1,2.0
CUST17669,Ankit Das,105265.0,16645.170533333334,1,5.0
CUST28436,Vikas Dutta,105257.2,14505.64,1,4.0
CUST19655,Manish Panda,105244.0,16667.07,1,4.0
CUST12087,Rahul Patel,105231.7,14551.42,1,2.0
CUST10199,Nisha Singh,105231.6,15748.03,1,4.0
CUST17923,Rohit Sahu,105228.0,20268.55,1,4.0
CUST13094,Nisha Sahu,105218.4,11763.91,1,3.0
CUST26922,Neha Kumar,105180.0,6115.98,1,3.0
CUST25204,Akash Mehta,105178.0,7292.51,1,2.0
CUST15244,Amit Mehta,105165.0,13003.88,1,5.0
CUST28793,Raj Das,105149.25,25984.48,1,3.0
CUST14524,Pooja Patel,105144.0,7728.19,1,2.0
CUST26712,Shreya Pradhan,105140.0,8147.27,1,5.0
CUST15383,Karan Nayak,105134.8,9756.38,1,4.0
CUST10051,Manish Mohanty,105120.0,6858.04,1,5.0
CUST21544,Ankit Dutta,105109.2,10769.46,1,2.0
CUST24627,Rohit Rao,105074.0,8973.97,1,2.0
CUST21542,Pooja Sharma,105062.40000000001,13141.85,1,2.0
CUST28207,Raj Behera,105058.79999999999,14179.39,1,2.0
CUST26073,Akash Yadav,105052.0,14916.48,1,5.0
CUST10299,Vivek Panda,105035.40000000001,8456.08,1,3.0
CUST23452,Vivek Mohanty,105032.8,6954.37,1,2.0
CUST24744,Shreya Nayak,105023.09999999999,7754.67,1,3.0
CUST28795,Suresh Rao,105020.59999999999,17576.76,1,2.0
CUST24353,Suresh Mohanty,105013.8,11123.52,1,3.0
CUST13347,Amit Pradhan,105003.5,23397.76,1,2.0
CUST10121,Kavita Panda,104968.2,18529.45,1,2.0
CUST21506,Manish Gupta,104904.79999999999,10627.91,1,2.0
CUST14881,Amit Reddy,104892.9,12116.28,1,3.0
CUST23320,Kavita Pradhan,104863.5,25700.97,1,5.0
CUST28819,Shreya Verma,104856.0,25536.7,1,2.0
CUST28121,Pooja Das,104832.0,15187.8,1,5.0
CUST13907,Abhishek Mehta,104820.8,25546.59,1,2.0
CUST28228,Shreya Reddy,104817.0,10588.97,1,3.0
CUST20679,Abhishek Singh,104808.75,12966.11,1,5.0
CUST14749,Swati Patel,104802.0,25844.68,1,3.0
CUST23993,Shreya Dutta,104801.40000000001,22559.15,1,2.0
CUST13658,Rohit Dutta,104800.5,9887.82,1,5.0
CUST13688,Vikas Rao,104799.0,9813.65,1,3.0
CUST28828,Abhishek Behera,104775.5,16994.85,1,5.0
CUST27534,Sneha Reddy,104756.5,8786.7,1,5.0
CUST11378,Suresh Sharma,104751.0,19949.06,1,5.0
CUST24100,Rohit Mehta,104730.0,20269.32,1,5.0
CUST27511,Manish Reddy,104726.40000000001,14547.39,1,2.0
CUST27735,Swati Pradhan,104695.7,13567.81,1,2.0
CUST25814,Anjali Jain,104671.0,20122.98,1,2.0
CUST24980,Arjun Nayak,104640.75,9883.02,1,3.0
CUST20716,Shreya Kumar,104610.0,13739.69,1,3.0
CUST15826,Riya Pradhan,104606.1,14330.16,1,3.0
CUST18503,Akash Kumar,104602.5,13524.83,1,5.0
CUST17735,Swati Dutta,104559.0,21986.92,1,2.0
CUST13961,Vikas Verma,104539.5,24774.9,1,2.0
CUST20241,Sneha Verma,104518.4,10302.57,1,2.0
CUST11074,Swati Kumar,104481.90000000001,24247.04,1,3.0
CUST25502,Rohit Verma,104479.2,21870.68,1,2.0
CUST28363,Riya Gupta,104461.0,12266.1,1,5.0
CUST28664,Neha Mehta,104457.36,18184.76,1,3.0
CUST20350,Ankit Mohanty,104448.0,13563.28,1,5.0
CUST18952,Nisha Mishra,104420.4,17088.8,1,2.0
CUST10272,Swati Mehta,104396.0,15157.63,1,4.0
CUST25121,Pooja Dutta,104366.25,16296.16,1,5.0
CUST22019,Sanjay Verma,104351.09999999999,9488.56,1,3.0
CUST23636,Ankit Kumar,104349.4,19949.76,1,4.0
CUST23173,Amit Dutta,104349.4,25817.96,1,2.0
CUST21347,Rahul Gupta,104344.0,24785.76,1,5.0
CUST20823,Shreya Singh,104332.79999999999,8582.04,1,4.0
CUST28129,Deepak Kumar,104322.0,15451.87,1,4.0
CUST20324,Rahul Mehta,104302.40000000001,16796.24,1,2.0
CUST17469,Swati Yadav,104282.1,13612.83,1,3.0
CUST24654,Ankit Mehta,104272.05,10621.32,1,3.0
CUST27502,Unknown,104267.09999999999,14281.62,1,3.0
CUST12756,Vikas Gupta,104253.0,13337.47,1,4.0
CUST15120,Shreya Sharma,104252.5,13494.7,1,5.0
CUST12944,Manish Kumar,104236.34999999999,16765.11,1,3.0
CUST26805,Shreya Das,104209.2,25002.29,1,2.0
CUST17572,Rahul Mishra,104203.2,16148.52,1,3.0
CUST25000,Rahul Dutta,104177.6,8609.26,1,2.0
CUST17451,Pooja Dutta,104130.09999999999,10056.27,1,2.0
CUST22135,Pooja Pradhan,104092.79999999999,20393.39,1,3.0
CUST28206,Abhishek Jain,104074.2,7649.07,1,3.0
CUST15191,Raj Reddy,104068.8,14819.45,1,3.0
CUST26847,Rohit Pradhan,104057.6,10093.75,1,4.0
CUST11622,Vivek Patel,104047.2,18643.89,1,2.0
CUST18606,Manish Dutta,104041.8,6304.15,1,3.0
CUST19851,Neha Mohanty,104034.0,12228.33,1,3.0
CUST24101,Arjun Rao,103984.0,6236.57,1,4.0
CUST23086,Arjun Pradhan,103977.6,23505.91,1,4.0
CUST19055,Sanjay Dutta,103944.8,24873.75,1,4.0
CUST19924,Suresh Das,103934.40000000001,20851.65,1,3.0
CUST17847,Anjali Behera,103930.0,6910.52,1,4.0
CUST27764,Arjun Dutta,103910.40000000001,16359.84,1,4.0
CUST27382,Neha Patel,103903.79999999999,5298.96,1,3.0
CUST26030,Amit Verma,103880.59999999999,15384.05,1,4.0
CUST24370,Karan Verma,103858.2,25547.22,1,2.0
CUST16414,Amit Behera,103844.5,9707.75,1,2.0
CUST18578,Neha Sahu,103821.0,14832.73,1,4.0
CUST25764,Nisha Dutta,103800.0,6319.82,1,4.0
CUST13609,Manish Verma,103794.0,6250.84,1,2.0
CUST20003,Manish Verma,103768.8,16951.46,1,3.0
CUST11781,Karan Panda,103739.09999999999,12415.97,1,2.0
CUST14073,Riya Behera,103730.40000000001,9261.98,1,3.0
CUST12833,Neha Sharma,103716.2,18596.58,1,2.0
CUST25400,Neha Patel,103694.4,7350.11,1,3.0
CUST24835,Manish Yadav,103671.0,10175.71,1,4.0
CUST25722,Swati Kumar,103666.5,13858.04,1,5.0
CUST11433,Nisha Rao,103660.8,5742.5,1,3.0
CUST11732,Amit Nayak,103657.4,13199.0,1,2.0
CUST27531,Sneha Yadav,103644.0,18825.94,1,3.0
CUST27256,Sanjay Sharma,103609.8,20800.01,1,3.0
CUST12239,Nisha Pradhan,103602.0,21660.66,1,2.0
CUST15036,Deepak Nayak,103590.90000000001,19394.69,1,3.0
CUST22397,Sanjay Pradhan,103552.95,8160.17,1,3.0
CUST24468,Raj Dutta,103540.5,11492.59,1,3.0
CUST22597,Rahul Mohanty,103527.0,10483.09,1,2.0
CUST24486,Sneha Panda,103496.4,6667.93,1,3.0
CUST19875,Vivek Panda,103436.0,23478.56,1,2.0
CUST28916,Sneha Mishra,103414.0,24939.66,1,2.0
CUST10285,Rahul Dutta,103410.0,10851.92,1,5.0
CUST27954,Karan Patel,103402.8,11786.36,1,4.0
CUST25243,Manish Pradhan,103401.0,14573.35,1,5.0
CUST17337,Riya Panda,103395.59999999999,15906.57,1,3.0
CUST16621,Manish Sahu,103371.4,15066.98,1,4.0
CUST28161,Rohit Sharma,103350.0,18716.44,1,5.0
CUST11739,Shreya Mehta,103309.65,8562.28,1,3.0
CUST21228,Suresh Das,103288.75,9707.96,1,5.0
CUST18859,Kavita Das,103281.15,14438.57,1,3.0
CUST19547,Akash Mohanty,103269.6,22546.97,1,2.0
CUST15972,Rahul Pradhan,103258.8,25097.01,1,2.0
CUST23135,Rahul Das,103254.2,8019.7,1,2.0
CUST11455,Neha Singh,103222.40000000001,15910.78,1,2.0
CUST28581,Abhishek Verma,103222.0,14126.75,1,4.0
CUST22337,Swati Verma,103216.0,12690.250466666672,1,2.0
CUST22313,Vikas Panda,103146.75,7856.41,1,3.0
CUST11679,Shreya Mohanty,103140.0,6808.09,1,2.0
CUST28453,Vivek Das,103139.59999999999,11213.58,1,4.0
CUST10816,Anjali Verma,103132.4,6335.07,1,2.0
CUST21172,Rahul Reddy,103130.5,13448.43,1,5.0
CUST28729,Shreya Kumar,103127.25,25685.01,1,5.0
CUST24844,Rohit Panda,103123.8,9646.37,1,3.0
CUST11244,Priya Panda,103121.1,34073.26,1,3.0
CUST13849,Karan Singh,103068.0,24856.39,1,3.0
CUST12070,Neha Gupta,103017.59999999999,13262.6,1,3.0
CUST11143,Swati Gupta,103009.5,13607.9,1,2.0
CUST26678,Neha Yadav,103008.0,7282.45,1,4.0
CUST22731,Vikas Panda,103007.25,20221.92,1,5.0
CUST17718,Shreya Pradhan,102992.0,12400.03,1,2.0
CUST10441,Priya Kumar,102991.0,19125.25,1,5.0
CUST18513,Vikas Reddy,102964.8,14542.07,1,2.0
CUST18716,Deepak Dutta,102958.8,25019.4,1,2.0
CUST28642,Riya Rao,102948.75,20099.01,1,3.0
CUST13691,Abhishek Mehta,102919.59999999999,22126.02,1,4.0
CUST12487,Kavita Jain,102891.0,19222.51,1,3.0
CUST10026,Rahul Patel,102887.4,25517.18,1,2.0
CUST27574,Deepak Verma,102845.0,25022.25,1,5.0
CUST24610,Nisha Gupta,102814.2,7831.33,1,2.0
CUST13612,Karan Panda,102807.59999999999,10983.0,1,2.0
CUST20777,Swati Gupta,102805.8,15507.23,1,2.0
CUST17131,Neha Sahu,102802.5,11960.72,1,5.0
CUST17519,Pooja Mohanty,102766.7,12226.11,1,2.0
CUST18802,Arjun Verma,102765.59999999999,23115.71,1,4.0
CUST28974,Shreya Sahu,102762.0,19272.52,1,4.0
CUST11461,Riya Patel,102762.0,7145.38,1,2.0
CUST14291,Swati Mishra,102757.5,22996.29,1,5.0
CUST26239,Suresh Das,102755.79999999999,24043.68,1,2.0
CUST17175,Karan Nayak,102740.40000000001,7037.45,1,4.0
CUST22813,Priya Verma,102726.75,22308.45,1,3.0
CUST25213,Rahul Mohanty,102719.09999999999,14071.1,1,3.0
CUST22761,Priya Panda,102704.0,20027.64,1,2.0
CUST11773,Arjun Das,102677.40000000001,9201.48,1,2.0
CUST23022,Sanjay Reddy,102649.4,19470.25,1,4.0
CUST15591,Suresh Reddy,102628.4,23149.75,1,4.0
CUST18434,Priya Gupta,102609.0,19748.81,1,2.0
CUST22345,Sneha Jain,102564.0,8462.8,1,2.0
CUST16655,Pooja Mohanty,102550.5,8182.54,1,2.0
CUST12747,Swati Panda,102496.79999999999,19864.22,1,3.0
CUST23109,Shreya Sahu,102493.0,8779.44,1,4.0
CUST23049,Nisha Mishra,102489.79999999999,21560.29,1,4.0
CUST22513,Vivek Singh,102468.79999999999,17252.5,1,2.0
CUST27248,Nisha Verma,102467.0,11522.79,1,4.0
CUST12184,Suresh Nayak,102453.9,23210.4,1,2.0
CUST11398,Pooja Patel,102411.0,25401.31,1,5.0
CUST27027,Riya Sahu,102393.0,24179.58,1,3.0
CUST10795,Vivek Singh,102363.75,24800.33,1,5.0
CUST13226,Pooja Behera,102360.0,18947.64,1,4.0
CUST11147,Rohit Verma,102351.9,6877.51,1,3.0
CUST14879,Vikas Behera,102349.8,7406.04,1,2.0
CUST27139,Amit Singh,102343.5,22148.4,1,5.0
CUST12497,Vivek Gupta,102330.2,18837.14,1,2.0
CUST14144,Anjali Mohanty,102281.2,19929.93,1,4.0
CUST13506,Sneha Mishra,102234.0,13619.19,1,2.0
CUST25107,Vivek Panda,102216.2,15475.21,1,4.0
CUST10551,Arjun Singh,102206.7,10172.26,1,3.0
CUST27061,Sanjay Kumar,102115.59999999999,8310.05,1,2.0
CUST23078,Vivek Singh,102087.0,7355.68,1,4.0
CUST23496,Suresh Sharma,102073.5,9685.78,1,3.0
CUST26218,Raj Gupta,102068.0,15940.2,1,5.0
CUST28069,Neha Das,102055.20000000001,5174.25,1,3.0
CUST26358,Amit Kumar,102051.20000000001,24945.5,1,4.0
CUST28838,Ankit Pradhan,102045.0,21024.8,1,5.0
CUST28276,Karan Sahu,102036.0,24794.11,1,5.0
CUST13452,Riya Patel,101957.5,9783.34,1,2.0
CUST17248,Anjali Mishra,101901.0,16707.84,1,2.0
CUST14962,Abhishek Jain,101894.79999999999,23044.56,1,2.0
CUST19821,Deepak Jain,101879.9,22170.81,1,2.0
CUST10438,Akash Kumar,101870.0,5948.48,1,2.0
CUST20377,Amit Singh,101856.0,17061.77,1,5.0
CUST12424,Vikas Yadav,101844.0,14484.32,1,3.0
CUST27080,Deepak Pradhan,101842.0,16757.27,1,2.0
CUST17527,Deepak Mohanty,101830.5,20454.39,1,5.0
CUST19569,Karan Yadav,101820.0,6567.2,1,2.0
CUST27094,Shreya Kumar,101782.40000000001,15331.09,1,2.0
CUST21936,Anjali Verma,101773.8,21000.64,1,3.0
CUST22839,Neha Dutta,101767.5,21310.19,1,2.0
CUST20402,Suresh Reddy,101760.0,14868.053366666656,1,4.0
CUST23837,Riya Yadav,101746.8,6480.09,1,2.0
CUST16618,Rahul Mishra,101728.2,16826.37,1,3.0
CUST12972,Arjun Sahu,101707.2,20626.25,1,2.0
CUST28234,Vivek Dutta,101683.5,19540.53,1,2.0
CUST25958,Manish Behera,101657.7,19876.99,1,3.0
CUST12195,Rohit Jain,101648.0,22120.48,1,2.0
CUST24306,Priya Mehta,101638.40000000001,10815.89,1,2.0
CUST19844,Karan Das,101628.79999999999,5125.32,1,4.0
CUST11666,Vivek Mishra,101598.0,17326.65,1,4.0
CUST11090,Manish Mehta,101597.09999999999,24575.11,1,2.0
CUST20381,Rohit Mehta,101559.75,17961.91,1,5.0
CUST21761,Amit Nayak,101551.5,17285.162833333336,1,2.0
CUST10819,Akash Mishra,101546.09999999999,14882.8,1,3.0
CUST18365,Ankit Verma,101536.5,15652.44,1,2.0
CUST21361,Pooja Kumar,101520.0,11263.24,1,2.0
CUST16419,Rahul Mehta,101483.20000000001,22611.96,1,2.0
CUST21933,Vivek Das,101470.0,24875.03,1,2.0
CUST11362,Swati Rao,101448.0,16092.05,1,3.0
CUST24366,Akash Sharma,101409.0,21618.68,1,2.0
CUST26948,Vikas Patel,101407.5,6500.9,1,5.0
CUST20979,Riya Rao,101388.75,22484.89,1,5.0
CUST26599,Neha Nayak,101358.40000000001,21149.95,1,2.0
CUST15539,Nisha Behera,101346.0,22438.56,1,5.0
CUST26804,Sneha Mehta,101340.29999999999,24277.46,1,3.0
CUST15675,Priya Behera,101320.0,20388.42,1,5.0
CUST22963,Sneha Mehta,101304.0,21209.49,1,5.0
CUST23901,Rahul Pradhan,101291.84999999999,19585.28,1,3.0
CUST24319,Deepak Rao,101265.0,8080.23,1,5.0
CUST25314,Anjali Gupta,101262.0,21772.39,1,3.0
CUST19075,Vikas Verma,101258.59999999999,13170.73,1,2.0
CUST27797,Vivek Rao,101226.0,16588.07,1,2.0
CUST11750,Karan Dutta,101222.5,21963.95,1,2.0
CUST12943,Karan Pradhan,101214.0,7607.6,1,4.0
CUST12557,Arjun Dutta,101208.0,20045.83,1,2.0
CUST24541,Raj Dutta,101189.25,12150.48,1,5.0
CUST21827,Ankit Sahu,101171.20000000001,15926.38,1,2.0
CUST20397,Riya Mishra,101168.7,18167.86,1,2.0
CUST14991,Rohit Mehta,101118.0,5405.73,1,3.0
CUST20878,Deepak Rao,101100.8,19292.62,1,2.0
CUST24581,Neha Mohanty,101096.0,17893.43,1,2.0
CUST15795,Rohit Sahu,101081.4,6909.93,1,3.0
CUST20940,Pooja Pradhan,101064.0,17103.75,1,2.0
CUST14108,Deepak Rao,101036.0,14193.15,1,4.0
CUST17066,Anjali Reddy,101016.0,15672.42,1,2.0
CUST24233,Pooja Sharma,100998.40000000001,15533.22,1,2.0
CUST20661,Akash Dutta,100992.0,23836.97,1,2.0
CUST22694,Amit Sharma,100959.59999999999,5575.47,1,2.0
CUST15904,Amit Gupta,100956.79999999999,14166.4,1,2.0
CUST20462,Sneha Pradhan,100934.40000000001,12445.59,1,3.0
CUST27834,Sneha Nayak,100934.4,6176.33,1,2.0
CUST28981,Vikas Singh,100912.79999999999,21848.59,1,3.0
CUST10152,Vivek Behera,100861.0,18509.88,1,4.0
CUST22746,Neha Sharma,100852.0,12999.32,1,4.0
CUST14346,Akash Mehta,100850.40000000001,12463.54,1,4.0
CUST17557,Suresh Sahu,100819.20000000001,13527.24,1,2.0
CUST12738,Suresh Nayak,100812.0,8484.74,1,2.0
CUST20113,Rahul Kumar,100790.40000000001,15630.44,1,3.0
CUST10891,Priya Gupta,100779.75,6791.34,1,3.0
CUST17233,Akash Sahu,100755.2,8550.14,1,4.0
CUST23703,Kavita Nayak,100733.5,7014.25,1,5.0
CUST17949,Swati Nayak,100732.29999999999,18487.04,1,2.0
CUST10033,Sanjay Nayak,100721.59999999999,5381.78,1,4.0
CUST12069,Kavita Dutta,100706.40000000001,9734.33,1,2.0
CUST18542,Vivek Mohanty,100669.59999999999,24291.28,1,2.0
CUST16586,Shreya Behera,100665.59999999999,12413.19,1,4.0
CUST15282,Priya Jain,100620.8,15557.25,1,4.0
CUST27466,Nisha Patel,100620.0,15426.72,1,2.0
CUST27831,Nisha Nayak,100609.2,18073.48,1,4.0
CUST19255,Vivek Mohanty,100589.84999999999,24467.04,1,3.0
CUST22532,Shreya Nayak,100567.75,23419.61,1,5.0
CUST19043,Sanjay Mohanty,100552.2,6199.45,1,3.0
CUST10879,Sanjay Pradhan,100531.20000000001,14037.39,1,4.0
CUST11672,Ankit Kumar,100523.20000000001,15722.53,1,2.0
CUST27416,Sanjay Das,100500.59999999999,22085.52,1,2.0
CUST12459,Abhishek Mishra,100486.8,13688.01,1,2.0
CUST19413,Nisha Pradhan,100460.0,20114.03,1,2.0
CUST27150,Rahul Jain,100438.5,12138.02,1,2.0
CUST23497,Riya Panda,100434.0,16533.0,1,4.0
CUST18917,Suresh Reddy,100430.9,20129.86,1,2.0
CUST24442,Vivek Sharma,100418.40000000001,10840.56,1,4.0
CUST28354,Rohit Sharma,100413.9,12671.77,1,3.0
CUST27573,Riya Dutta,100372.5,17899.39,1,2.0
CUST20718,Suresh Verma,100357.04999999999,22943.06,1,3.0
CUST16239,Riya Yadav,100266.33712388045,2771.25,1,2.0
CUST22506,Riya Mishra,100266.33712388045,39163.29,1,2.0
CUST19006,Anjali Behera,100266.33712388045,23476.27,1,2.0
CUST10093,Rahul Yadav,100266.33712388045,3930.33,1,2.0
CUST28790,Rohit Das,100266.33712388045,2858.55,1,2.0
CUST22007,Vikas Das,100263.45,19165.17,1,3.0
CUST13698,Sanjay Panda,100256.79999999999,21337.67,1,4.0
CUST10514,Unknown,100240.0,17385.51,1,4.0
CUST14417,Deepak Pradhan,100200.29999999999,12632.64,1,2.0
CUST23165,Kavita Dutta,100199.7,9647.93,1,2.0
CUST16841,Suresh Kumar,100180.8,6683.12,1,3.0
CUST24033,Karan Patel,100086.29999999999,7222.28,1,3.0
CUST22307,Rahul Yadav,100074.0,23319.98,1,2.0
CUST22290,Riya Das,100071.0,13613.4,1,5.0
CUST18376,Vivek Panda,100055.0,8054.48,1,5.0
CUST10968,Anjali Pradhan,100041.59999999999,18471.77,1,4.0
CUST17514,Kavita Panda,100028.0,24174.57,1,2.0
CUST27927,Kavita Reddy,100002.0,10118.71,1,4.0
CUST25192,Ankit Mohanty,99991.20000000001,11448.44,1,3.0
CUST13315,Nisha Sharma,99936.0,12766.23,1,1.0
CUST17254,Kavita Rao,99916.0,16354.58,1,5.0
CUST10454,Akash Nayak,99886.5,8608.06,1,3.0
CUST23202,Ankit Rao,99841.0,7727.85,1,1.0
CUST28476,Deepak Das,99821.25,17952.12,1,5.0
CUST20557,Arjun Dutta,99817.2,18762.17,1,4.0
CUST19675,Deepak Mehta,99817.2,17494.95,1,2.0
CUST18473,Rahul Yadav,99810.0,15533.07,1,5.0
CUST19980,Suresh Mohanty,99780.79999999999,16123.14,1,4.0
CUST10426,Sanjay Rao,99779.4,24481.76,1,3.0
CUST13659,Vikas Verma,99751.5,8134.58,1,2.0
CUST12288,Arjun Sharma,99740.0,15241.32,1,5.0
CUST24513,Amit Sahu,99729.0,16352.91,1,3.0
CUST16507,Arjun Panda,99725.29999999999,18445.51,1,2.0
CUST10927,Pooja Mehta,99646.0,5580.58,1,2.0
CUST26967,Sneha Panda,99632.0,18645.54,1,5.0
CUST25262,Nisha Sharma,99617.0,10965.94,1,4.0
CUST16559,Amit Behera,99610.0,16306.35,1,4.0
CUST25122,Sanjay Panda,99607.5,8073.65,1,3.0
CUST14868,Akash Yadav,99552.0,22887.51,1,3.0
CUST13523,Nisha Verma,99513.0,17877.45,1,2.0
CUST23966,Ankit Sahu,99509.2,10752.73,1,4.0
CUST28411,Abhishek Kumar,99446.0,8967.21,1,2.0
CUST28712,Ankit Pradhan,99424.0,14779.1,1,2.0
CUST26923,Rahul Sahu,99419.4,17704.09,1,3.0
CUST28681,Abhishek Jain,99400.5,19083.34,1,2.0
CUST13400,Ankit Patel,99388.0,15125.67,1,4.0
CUST12627,Manish Panda,99357.3,6895.79,1,3.0
CUST15787,Swati Sahu,99348.0,12162.14,1,2.0
CUST21147,Priya Singh,99348.0,19347.31,1,5.0
CUST16089,Sanjay Behera,99346.5,11232.23,1,5.0
CUST15620,Rohit Das,99332.8,17101.87,1,2.0
CUST14314,Sanjay Verma,99319.5,10402.98,1,5.0
CUST15775,Manish Dutta,99270.0,10427.15,1,4.0
CUST11043,Vivek Jain,99268.2,17404.57,1,2.0
CUST28927,Priya Das,99227.5,17331.46,1,2.0
CUST15418,Raj Reddy,99205.0,18073.84,1,1.0
CUST11717,Swati Sharma,99198.4,19553.16,1,2.0
CUST24502,Vivek Singh,99159.75,8998.29,1,3.0
CUST15075,Vikas Rao,99151.5,11619.13,1,3.0
CUST22733,Raj Mehta,99151.5,13538.79,1,3.0
CUST28612,Amit Das,99132.09999999999,18924.94,1,2.0
CUST22485,Manish Mehta,99123.75,20050.26,1,5.0
CUST23019,Karan Pradhan,99101.79999999999,23123.81,1,2.0
CUST19995,Suresh Das,99051.0,18659.37,1,2.0
CUST18028,Karan Rao,99019.20000000001,10123.96,1,3.0
CUST14065,Priya Yadav,99018.0,5358.34,1,2.0
CUST20336,Akash Behera,98950.40000000001,10964.76,1,4.0
CUST24911,Vivek Behera,98929.0,18099.02,1,1.0
CUST28117,Akash Gupta,98924.40000000001,19595.45,1,2.0
CUST27179,Ankit Kumar,98923.5,17200.25,1,2.0
CUST15096,Riya Verma,98897.4,14345.49,1,2.0
CUST24079,Akash Yadav,98893.2,8856.95,1,2.0
CUST18488,Arjun Nayak,98887.59999999999,10131.36,1,2.0
CUST27016,Suresh Kumar,98885.59999999999,22923.6,1,2.0
CUST17861,Swati Panda,98868.0,15843.87,1,2.0
CUST22864,Arjun Mishra,98823.75,5143.19,1,3.0
CUST20825,Priya Kumar,98813.29999999999,19412.72,1,2.0
CUST26414,Deepak Mishra,98805.0,5739.9,1,2.0
CUST21238,Shreya Nayak,98793.0,16140.41,1,4.0
CUST26138,Akash Singh,98793.0,7286.16,1,2.0
CUST28649,Neha Panda,98784.0,13865.78,1,3.0
CUST26481,Sneha Nayak,98780.2,12578.2,1,4.0
CUST23579,Ankit Pradhan,98766.0,18353.04,1,3.0
CUST20813,Pooja Kumar,98728.2,12905.0,1,2.0
CUST15464,Rahul Verma,98725.9,10506.3,1,2.0
CUST12375,Arjun Verma,98713.6,9314.13,1,2.0
CUST18563,Deepak Das,98676.5,9826.03,1,5.0
CUST25590,Arjun Rao,98675.20000000001,18135.79,1,2.0
CUST11838,Suresh Patel,98669.7,20236.72,1,2.0
CUST13509,Rahul Dutta,98618.0,8880.74,1,2.0
CUST15297,Abhishek Das,98600.59999999999,7132.21,1,2.0
CUST26287,Anjali Nayak,98572.5,14559.42,1,5.0
CUST27611,Priya Rao,98565.6,15773.98,1,3.0
CUST25666,Ankit Nayak,98563.20000000001,21919.19,1,3.0
CUST25396,Neha Mehta,98550.0,17034.49,1,3.0
CUST15564,Suresh Reddy,98527.75,22132.92,1,5.0
CUST20468,Swati Patel,98516.9,13798.36,1,2.0
CUST24598,Vivek Gupta,98510.0,14069.94,1,2.0
CUST17632,Anjali Mishra,98509.5,20907.27,1,3.0
CUST11385,Anjali Patel,98506.79999999999,13676.14,1,3.0
CUST12273,Akash Yadav,98484.0,14553.84,1,2.0
CUST20981,Rahul Sharma,98467.2,11205.19,1,4.0
CUST21122,Priya Pradhan,98464.0,21070.26,1,2.0
CUST11584,Ankit Yadav,98433.4,6429.4,1,2.0
CUST20135,Akash Patel,98408.79999999999,17688.54,1,4.0
CUST20509,Priya Nayak,98397.0,10647.08,1,1.0
CUST19856,Kavita Sharma,98385.8,15932.98,1,2.0
CUST20366,Neha Sharma,98385.0,16062.97,1,3.0
CUST26532,Arjun Behera,98379.0,15324.75,1,2.0
CUST15225,Akash Mishra,98376.75,21435.64,1,3.0
CUST14414,Vivek Reddy,98376.59999999999,9574.76,1,2.0
CUST21698,Vikas Mohanty,98376.0,20990.6,1,2.0
CUST17472,Neha Sahu,98372.0,21714.27,1,5.0
CUST15308,Vivek Das,98340.0,15125.93,1,4.0
CUST17223,Pooja Patel,98260.4,11429.9,1,2.0
CUST15657,Sanjay Singh,98258.0,18500.69,1,1.0
CUST21727,Manish Yadav,98252.8,18853.84,1,4.0
CUST12844,Riya Sahu,98219.2,11630.32,1,2.0
CUST27851,Kavita Sharma,98203.5,13451.84,1,5.0
CUST24423,Karan Jain,98198.09999999999,10720.07,1,3.0
CUST10552,Nisha Mehta,98056.0,11834.83,1,4.0
CUST13822,Swati Mohanty,98052.0,13757.26,1,3.0
CUST28263,Swati Panda,98041.6,15183.42,1,4.0
CUST24030,Neha Singh,98028.0,8815.1,1,2.0
CUST16309,Pooja Behera,98026.7,16643.97,1,2.0
CUST15895,Deepak Yadav,98019.09999999999,23597.98,1,2.0
CUST19557,Sneha Sharma,98015.40000000001,24061.34,1,3.0
CUST11607,Vikas Das,98013.0,8146.13,1,4.0
CUST15633,Kavita Mishra,97996.0,17577.47,1,2.0
CUST21378,Kavita Kumar,97990.5,17720.82,1,2.0
CUST20332,Amit Reddy,97964.0,13086.21,1,4.0
CUST15687,Suresh Reddy,97961.6,13203.96,1,4.0
CUST26927,Priya Yadav,97937.0,19211.73,1,5.0
CUST20323,Shreya Patel,97926.5,16109.91,1,5.0
CUST27798,Shreya Mishra,97887.0,13714.1,1,2.0
CUST13955,Riya Sharma,97884.0,11065.52,1,2.0
CUST20036,Priya Das,97866.15,10491.48,1,3.0
CUST19165,Deepak Mehta,97864.25,9330.03,1,5.0
CUST15932,Ankit Panda,97851.59999999999,22926.54,1,3.0
CUST10386,Raj Pradhan,97843.20000000001,13971.65,1,2.0
CUST19180,Abhishek Verma,97804.8,15610.49,1,2.0
CUST14990,Rohit Behera,97720.2,7359.6,1,2.0
CUST14794,Nisha Patel,97700.4,22601.12,1,3.0
CUST14285,Sneha Sahu,97679.0,8640.58,1,5.0
CUST12907,Raj Reddy,97629.3,16365.88,1,2.0
CUST26585,Riya Panda,97600.0,11359.28,1,2.0
CUST25792,Raj Gupta,97571.59999999999,20821.78,1,2.0
CUST16861,Pooja Sharma,97556.40000000001,10361.21,1,2.0
CUST19491,Pooja Rao,97512.0,19213.19,1,4.0
CUST23890,Pooja Nayak,97510.0,10323.64,1,5.0
CUST14573,Vikas Kumar,97500.4,23463.39,1,2.0
CUST23369,Sanjay Mishra,97499.5,7544.25,1,5.0
CUST11993,Sanjay Kumar,97484.8,18773.74,1,2.0
CUST25870,Raj Das,97432.09999999999,8744.52,1,2.0
CUST23795,Kavita Dutta,97416.0,15581.29,1,3.0
CUST10757,Rahul Nayak,97372.8,20693.91,1,4.0
CUST10474,Anjali Yadav,97359.75,21584.78,1,3.0
CUST15828,Neha Yadav,97352.0,23117.92,1,2.0
CUST24933,Karan Reddy,97348.5,21117.89,1,3.0
CUST20367,Ankit Kumar,97345.0,17684.71,1,5.0
CUST13223,Amit Panda,97324.5,12120.98,1,5.0
CUST11110,Karan Pradhan,97306.59999999999,20757.84,1,4.0
CUST25179,Anjali Yadav,97300.0,21280.68,1,2.0
CUST15892,Pooja Mohanty,97272.0,16347.37,1,2.0
CUST11451,Riya Nayak,97263.75,10996.26,1,5.0
CUST22652,Sneha Mohanty,97260.0,8034.67,1,2.0
CUST22392,Raj Mehta,97258.34701016404,4330.84,1,2.0
CUST15812,Vikas Verma,97246.0,11945.9,1,1.0
CUST11824,Shreya Panda,97241.2,18999.61,1,4.0
CUST13232,Arjun Jain,97240.0,19500.69,1,2.0
CUST20625,Priya Yadav,97223.0,9187.08,1,1.0
CUST23101,Priya Singh,97186.5,20148.22,1,2.0
CUST13092,Vivek Mishra,97150.5,16056.88,1,2.0
CUST26941,Neha Panda,97134.75,21374.02,1,3.0
CUST28279,Kavita Dutta,97112.5,19925.72,1,2.0
CUST24302,Deepak Sahu,97098.0,12333.05,1,1.0
CUST20730,Karan Panda,97093.8,5838.44,1,2.0
CUST25957,Raj Nayak,97079.40000000001,11004.74,1,2.0
CUST18596,Amit Verma,97048.5,14518.78,1,2.0
CUST22242,Suresh Rao,97036.8,16091.31,1,2.0
CUST18319,Vivek Dutta,97023.5,10210.72,1,5.0
CUST15105,Riya Gupta,97022.4,14063.22,1,2.0
CUST27859,Deepak Mohanty,97002.5,14056.5,1,5.0
CUST17435,Amit Sharma,97001.79999999999,8842.98,1,2.0
CUST24310,Riya Mishra,96989.0,23655.42,1,1.0
CUST19193,Rahul Sahu,96988.8,19997.92,1,2.0
CUST27087,Swati Sahu,96956.0,9750.46,1,1.0
CUST26795,Pooja Reddy,96918.40000000001,10358.69,1,4.0
CUST24473,Sneha Gupta,96917.79999999999,13168.13,1,2.0
CUST11270,Vivek Mishra,96915.0,8050.23,1,5.0
CUST19612,Deepak Nayak,96905.7,15285.64,1,3.0
CUST17390,Anjali Nayak,96867.20000000001,7094.58,1,2.0
CUST28255,Vivek Gupta,96839.2,18027.22,1,2.0
CUST25442,Kavita Mishra,96837.09999999999,9861.16,1,2.0
CUST16005,Amit Kumar,96835.2,4842.67,1,4.0
CUST10974,Sneha Reddy,96832.8,15150.66,1,4.0
CUST27451,Pooja Kumar,96830.40000000001,13089.71,1,3.0
CUST18398,Nisha Mohanty,96791.40000000001,12434.34,1,2.0
CUST16380,Raj Mishra,96770.40000000001,10650.3,1,3.0
CUST25087,Neha Singh,96758.9,10702.54,1,2.0
CUST10307,Kavita Patel,96743.59999999999,17939.21,1,2.0
CUST23379,Kavita Jain,96700.5,18994.34,1,5.0
CUST18123,Rahul Mishra,96646.5,15560.06,1,2.0
CUST14130,Shreya Yadav,96643.5,9667.27,1,3.0
CUST23178,Pooja Sharma,96641.59999999999,19847.55,1,2.0
CUST16991,Riya Panda,96633.6,24035.13,1,4.0
CUST28887,Shreya Behera,96633.0,11915.39,1,2.0
CUST17765,Neha Sahu,96566.4,16353.94,1,3.0
CUST21268,Akash Verma,96489.0,16741.25,1,5.0
CUST19549,Vikas Rao,96454.5,9407.46,1,2.0
CUST13573,Shreya Rao,96444.8,12203.19,1,2.0
CUST22741,Rahul Panda,96439.5,23559.71,1,5.0
CUST12221,Vikas Nayak,96420.0,12367.1,1,5.0
CUST10665,Rahul Reddy,96415.5,19697.17,1,3.0
CUST20667,Anjali Verma,96408.0,11606.15,1,2.0
CUST23272,Deepak Behera,96366.0,14314.41,1,1.0
CUST23848,Arjun Yadav,96350.40000000001,16350.07,1,2.0
CUST19778,Priya Rao,96317.2,16226.02,1,2.0
CUST19311,Amit Mohanty,96295.20000000001,10415.01,1,3.0
CUST13643,Swati Nayak,96288.5,16103.92,1,5.0
CUST12013,Anjali Gupta,96286.5,7976.77,1,5.0
CUST16809,Suresh Behera,96255.7,14426.15,1,2.0
CUST21766,Nisha Mehta,96235.5,20709.05,1,2.0
CUST22931,Suresh Singh,96228.5,16121.35,1,2.0
CUST10347,Nisha Mehta,96228.0,20676.07,1,5.0
CUST21033,Swati Yadav,96187.5,20068.18,1,3.0
CUST21809,Kavita Mohanty,96182.40000000001,10870.69,1,4.0
CUST11811,Ankit Nayak,96172.29999999999,22646.41,1,2.0
CUST11892,Akash Pradhan,96152.40000000001,4831.53,1,4.0
CUST18386,Swati Sharma,96150.45,21236.41,1,3.0
CUST12167,Riya Dutta,96148.59999999999,8177.78,1,2.0
CUST20561,Nisha Verma,96141.0,12106.63,1,4.0
CUST13225,Abhishek Sharma,96129.0,5777.64,1,4.0
CUST21349,Pooja Kumar,96126.0,16310.72,1,2.0
CUST23337,Pooja Sharma,96120.0,16681.44,1,5.0
CUST17480,Amit Patel,96104.0,22665.84,1,2.0
CUST26645,Rahul Rao,96094.59999999999,5164.97,1,2.0
CUST24441,Sanjay Pradhan,96092.5,23289.54,1,5.0
CUST20779,Manish Nayak,96067.20000000001,14954.26,1,2.0
CUST28505,Rohit Patel,96047.7,5035.19,1,3.0
CUST20155,Priya Mohanty,96028.75,7865.01,1,5.0
CUST25784,Suresh Das,96020.0,13559.18,1,5.0
CUST21330,Sanjay Rao,96012.0,21900.44,1,3.0
CUST17719,Karan Pradhan,95988.9,10288.12,1,3.0
CUST10777,Kavita Yadav,95971.8,17757.28,1,3.0
CUST10731,Deepak Yadav,95968.59999999999,22295.26,1,2.0
CUST13947,Ankit Rao,95932.7,18066.94,1,2.0
CUST16552,Abhishek Jain,95883.0,5139.39,1,2.0
CUST17741,Nisha Panda,95879.25,16949.21,1,3.0
CUST19536,Unknown,95875.2,11959.15,1,2.0
CUST28029,Deepak Das,95874.0,22403.35,1,1.0
CUST22275,Deepak Yadav,95858.75,9219.75,1,5.0
CUST25705,Arjun Verma,95835.59999999999,23132.46,1,3.0
CUST15462,Shreya Nayak,95828.0,20577.9,1,1.0
CUST16796,Ankit Pradhan,95811.29999999999,23340.37,1,2.0
CUST21030,Manish Panda,95776.0,21823.98,1,2.0
CUST11220,Vikas Sharma,95769.0,14350.25,1,3.0
CUST16295,Swati Nayak,95737.5,17771.77,1,2.0
CUST18923,Priya Mehta,95716.8,17639.26,1,2.0
CUST18288,Priya Kumar,95712.0,14679.9,1,3.0
CUST24700,Vikas Reddy,95707.75,8047.8,1,5.0
CUST16176,Deepak Mehta,95694.0,5937.71,1,2.0
CUST24446,Anjali Panda,95631.0,12794.59,1,1.0
CUST26750,Swati Mohanty,95622.40000000001,10079.87,1,2.0
CUST20887,Swati Mehta,95573.0,19090.33,1,1.0
CUST18688,Rahul Jain,95463.90000000001,19230.02,1,3.0
CUST12228,Karan Jain,95457.0,5669.27,1,1.0
CUST28347,Riya Verma,95448.2,5375.19,1,2.0
CUST15748,Rahul Verma,95443.59999999999,19371.92,1,4.0
CUST19714,Sneha Mehta,95443.2,10679.57,1,4.0
CUST16177,Ankit Pradhan,95415.59999999999,14021.213166666666,1,2.0
CUST23168,Arjun Jain,95353.6,21403.41,1,4.0
CUST24102,Neha Mishra,95342.40000000001,15617.41,1,2.0
CUST25438,Priya Dutta,95315.59999999999,15849.75,1,4.0
CUST19038,Kavita Reddy,95310.0,16487.01,1,3.0
CUST28724,Raj Jain,95308.0,21596.17,1,2.0
CUST21656,Neha Das,95290.09999999999,5664.11,1,2.0
CUST21140,Sneha Mohanty,95288.0,12791.35,1,5.0
CUST16748,Abhishek Nayak,95270.40000000001,5633.78,1,2.0
CUST14053,Neha Pradhan,95253.02026768643,9637.48,1,2.0
CUST25337,Deepak Patel,95253.02026768643,7857.0,1,2.0
CUST26541,Vivek Dutta,95253.02026768643,31948.64,1,2.0
CUST25638,Nisha Verma,95225.0,11521.09,1,1.0
CUST13603,Priya Reddy,95220.4,7340.45,1,2.0
CUST23047,Vikas Rao,95214.0,5155.6,1,4.0
CUST18631,Abhishek Panda,95212.8,16368.37,1,3.0
CUST19854,Raj Nayak,95184.29999999999,10342.92,1,2.0
CUST12828,Ankit Mohanty,95147.25,20788.09,1,5.0
CUST25812,Nisha Sahu,95136.79999999999,7806.17,1,4.0
CUST16885,Neha Gupta,95135.4,12716.14,1,4.0
CUST27916,Amit Singh,95115.0,17193.82,1,4.0
CUST14318,Manish Kumar,95058.0,23522.8,1,4.0
CUST18370,Priya Reddy,95035.95,16794.61,1,3.0
CUST11913,Abhishek Verma,95022.0,22986.84,1,3.0
CUST13112,Deepak Behera,95013.0,6936.49,1,4.0
CUST15175,Manish Yadav,95004.0,7602.29,1,4.0
CUST17304,Karan Gupta,94990.40000000001,18265.66,1,2.0
CUST26300,Neha Sahu,94944.0,11288.17,1,2.0
CUST19149,Arjun Patel,94921.2,22935.59,1,4.0
CUST16627,Kavita Gupta,94901.79999999999,16307.07,1,2.0
CUST17901,Karan Nayak,94880.79999999999,13289.71,1,2.0
CUST11620,Rohit Singh,94877.0,5958.28,1,1.0
CUST14813,Abhishek Pradhan,94872.0,23631.84,1,4.0
CUST11083,Rahul Dutta,94860.0,14699.82,1,5.0
CUST27357,Ankit Mehta,94850.0,19370.43,1,5.0
CUST12015,Rahul Jain,94840.2,6228.88,1,3.0
CUST28059,Deepak Singh,94833.2,13399.98,1,2.0
CUST15385,Karan Rao,94815.0,22113.64,1,5.0
CUST25097,Shreya Rao,94808.0,17167.18,1,2.0
CUST13047,Suresh Dutta,94805.0,7373.41,1,5.0
CUST10550,Manish Dutta,94802.4,21197.43,1,1.0
CUST13260,Abhishek Singh,94740.0,7886.7,1,5.0
CUST27062,Manish Mishra,94726.8,22488.13,1,3.0
CUST12565,Swati Mehta,94720.7,6214.7,1,2.0
CUST22737,Priya Nayak,94713.09999999999,20533.11,1,2.0
CUST17822,Sneha Gupta,94707.0,7073.83,1,2.0
CUST22031,Priya Sahu,94698.79999999999,20785.52,1,4.0
CUST13169,Rohit Das,94682.0,14860.13,1,2.0
CUST11412,Shreya Kumar,94658.2,22809.58,1,2.0
CUST20707,Nisha Sahu,94640.0,12062.1,1,2.0
CUST27191,Sanjay Reddy,94591.0,15188.24,1,5.0
CUST22142,Vivek Yadav,94588.5,8904.0,1,2.0
CUST26849,Arjun Mohanty,94555.0,9944.89,1,1.0
CUST17934,Raj Verma,94545.0,13220.92,1,5.0
CUST10231,Riya Behera,94539.2,17183.92,1,2.0
CUST12834,Priya Mohanty,94539.2,15742.42,1,4.0
CUST10530,Akash Sharma,94524.0,9179.95,1,2.0
CUST16612,Amit Singh,94520.25,14751.75,1,1.0
CUST24059,Akash Mehta,94518.0,13572.76,1,2.0
CUST17045,Riya Kumar,94515.0,13632.79,1,5.0
CUST21808,Pooja Mohanty,94480.34999999999,9354.03,1,3.0
CUST11834,Sneha Behera,94444.2,23429.68,1,2.0
CUST17918,Manish Nayak,94418.84999999999,13920.68,1,3.0
CUST11615,Vivek Sahu,94400.0,19027.49,1,4.0
CUST25913,Manish Reddy,94394.25,16987.06,1,3.0
CUST19391,Abhishek Mehta,94385.2,9408.79,1,2.0
CUST23839,Manish Mohanty,94369.79999999999,12146.24,1,3.0
CUST21724,Sneha Jain,94340.7,21817.65,1,3.0
CUST18099,Pooja Reddy,94312.0,10221.96,1,2.0
CUST23651,Manish Kumar,94271.8,15197.55,1,2.0
CUST24147,Akash Yadav,94257.0,17335.04,1,2.0
CUST25431,Rahul Mishra,94257.0,15469.67,1,4.0
CUST26315,Anjali Kumar,94244.75,22654.8,1,1.0
CUST25689,Vivek Jain,94240.34999999999,18058.82,1,3.0
CUST18889,Neha Dutta,94240.0,22903.93,1,4.0
CUST21419,Suresh Mohanty,94238.09999999999,9597.5,1,1.0
CUST14014,Vivek Dutta,94222.5,15966.95,1,5.0
CUST24340,Priya Rao,94219.09999999999,10846.7,1,2.0
CUST28438,Raj Behera,94200.0,22343.27,1,1.0
CUST22924,Vikas Mehta,94179.20000000001,21910.47,1,2.0
CUST22168,Nisha Sahu,94156.4,14751.14,1,4.0
CUST16938,Nisha Verma,94155.59999999999,5658.07,1,2.0
CUST25762,Neha Nayak,94120.0,13766.1,1,2.0
CUST22546,Vikas Reddy,94119.0,13611.54,1,1.0
CUST16359,Manish Sharma,94111.5,10891.84,1,3.0
CUST26469,Vikas Sahu,94086.09999999999,8008.52,1,2.0
CUST27838,Pooja Sharma,94069.0,16482.71,1,1.0
CUST24474,Manish Panda,94033.84999999999,21697.27,1,1.0
CUST16085,Nisha Mohanty,94028.8,17001.64,1,4.0
CUST10545,Amit Yadav,94017.6,9545.27,1,4.0
CUST22945,Suresh Singh,94002.5,21906.64,1,2.0
CUST23433,Sanjay Panda,94002.0,12173.85,1,4.0
CUST15868,Rohit Gupta,93965.2,10941.76,1,4.0
CUST26597,Raj Kumar,93959.59999999999,4736.03,1,4.0
CUST14006,Abhishek Mehta,93956.0,16363.36,1,5.0
CUST19794,Swati Rao,93955.0,18716.34,1,2.0
CUST18445,Karan Pradhan,93944.55,6173.35,1,3.0
CUST17073,Shreya Behera,93928.4,6251.09,1,4.0
CUST11936,Riya Dutta,93920.4,23019.55,1,4.0
CUST21240,Rohit Nayak,93903.75,9214.7,1,3.0
CUST13420,Kavita Das,93850.2,14318.54,1,4.0
CUST27335,Abhishek Patel,93844.0,16374.585366666677,1,1.0
CUST28549,Raj Mohanty,93843.75,17539.62,1,5.0
CUST26525,Vikas Jain,93810.0,16016.37,1,3.0
CUST27293,Shreya Dutta,93782.40000000001,6132.54,1,4.0
CUST21991,Rohit Mohanty,93766.5,18747.53,1,5.0
CUST27604,Rahul Nayak,93755.2,19422.63,1,4.0
CUST10432,Manish Sahu,93752.65,19133.93,1,1.0
CUST16443,Deepak Reddy,93750.0,15910.19,1,2.0
CUST27105,Rahul Pradhan,93710.4,17292.3,1,2.0
CUST12162,Ankit Rao,93706.09999999999,19514.95,1,1.0
CUST17266,Deepak Mishra,93698.5,20950.75,1,5.0
CUST26400,Karan Nayak,93686.40000000001,17092.364100000006,1,2.0
CUST14618,Kavita Kumar,93669.6,20580.54,1,3.0
CUST13884,Neha Das,93668.0,5079.42,1,5.0
CUST27141,Arjun Behera,93646.40000000001,18691.62,1,2.0
CUST19146,Suresh Jain,93645.0,13042.16,1,5.0
CUST11242,Shreya Sharma,93639.4,20594.59,1,4.0
CUST22412,Karan Verma,93624.0,22879.84,1,3.0
CUST28471,Swati Jain,93609.0,9131.16,1,3.0
CUST11926,Swati Patel,93586.7,15039.1,1,2.0
CUST10736,Swati Jain,93574.8,12343.66,1,2.0
CUST18462,Akash Singh,93534.0,17490.36,1,4.0
CUST19395,Akash Dutta,93523.8,8334.14,1,4.0
CUST12872,Amit Das,93523.5,18627.63,1,3.0
CUST16550,Neha Mehta,93521.4,11278.33,1,3.0
CUST13972,Deepak Behera,93517.2,19270.87,1,3.0
CUST23830,Vivek Pradhan,93498.04999999999,16615.9,1,1.0
CUST19764,Anjali Nayak,93494.40000000001,20542.57,1,4.0
CUST21325,Abhishek Panda,93494.40000000001,9164.58,1,3.0
CUST24112,Akash Rao,93492.0,18859.9,1,4.0
CUST14423,Unknown,93466.7,14667.42,1,1.0
CUST26278,Suresh Nayak,93463.2,22293.33,1,4.0
CUST24188,Sanjay Das,93419.2,5513.93,1,4.0
CUST12360,Rahul Mishra,93414.15,10213.84,1,3.0
CUST11298,Anjali Mohanty,93382.7,8028.01,1,2.0
CUST20266,Deepak Yadav,93356.0,13021.74,1,2.0
CUST11789,Swati Rao,93354.59999999999,18921.44,1,2.0
CUST11160,Pooja Mishra,93353.8,14908.3,1,4.0
CUST22426,Swati Yadav,93342.40000000001,8938.75,1,2.0
CUST21331,Sneha Sharma,93288.0,12500.55,1,5.0
CUST19785,Akash Sharma,93282.4,15823.6,1,2.0
CUST27888,Nisha Gupta,93280.5,9888.85,1,5.0
CUST21423,Sneha Patel,93276.0,8298.07,1,4.0
CUST15736,Karan Kumar,93272.0,6181.41,1,2.0
CUST22676,Abhishek Nayak,93248.0,9973.61,1,4.0
CUST16328,Priya Gupta,93245.0,10900.51,1,5.0
CUST17588,Shreya Behera,93217.8,22487.8,1,2.0
CUST22073,Abhishek Mehta,93154.05,19703.26,1,3.0
CUST18541,Swati Mehta,93140.0,21269.18,1,1.0
CUST12418,Neha Mishra,93139.4,11911.55,1,1.0
CUST16840,Anjali Jain,93120.9,9261.59,1,2.0
CUST19346,Neha Patel,93086.0,19009.92,1,5.0
CUST21507,Rohit Panda,93083.5,6801.39,1,2.0
CUST13672,Pooja Sharma,93004.2,21695.52,1,2.0
CUST25268,Vikas Das,92992.5,8949.53,1,2.0
CUST22775,Akash Yadav,92989.8,20806.68,1,4.0
CUST22772,Suresh Nayak,92967.9,14627.580566666651,1,3.0
CUST11084,Kavita Kumar,92952.0,12999.52,1,4.0
CUST28074,Kavita Mehta,92944.09999999999,14369.54,1,2.0
CUST12511,Kavita Behera,92891.0,14483.65,1,2.0
CUST23133,Priya Das,92866.3,14526.69,1,1.0
CUST20448,Neha Gupta,92860.0,10090.16,1,5.0
CUST14281,Rahul Verma,92851.0,22256.85,1,1.0
CUST17837,Abhishek Sharma,92847.6,9724.97,1,3.0
CUST12215,Amit Rao,92814.4,15475.81,1,2.0
CUST17524,Sanjay Mishra,92807.4,19549.31,1,4.0
CUST11682,Rahul Pradhan,92795.5,7510.41,1,5.0
CUST24892,Amit Singh,92786.5,19324.35,1,5.0
CUST22122,Riya Panda,92780.0,18819.62,1,2.0
CUST18098,Kavita Pradhan,92760.0,11282.77,1,2.0
CUST15118,Priya Yadav,92705.40000000001,13394.82,1,2.0
CUST19674,Abhishek Sahu,92705.2,12528.72,1,2.0
CUST24131,Anjali Patel,92703.6,8039.86,1,4.0
CUST10006,Vikas Dutta,92696.79999999999,6275.43,1,4.0
CUST18019,Shreya Sahu,92690.8,7444.13,1,2.0
CUST17597,Suresh Patel,92656.0,8356.69,1,5.0
CUST26936,Anjali Verma,92617.6,14173.27,1,4.0
CUST10188,Vikas Nayak,92617.2,22783.28,1,4.0
CUST24488,Neha Mehta,92609.2,15918.98,1,2.0
CUST25730,Karan Reddy,92604.4,15558.85,1,2.0
CUST12185,Sneha Patel,92594.25,18506.4,1,3.0
CUST11828,Rohit Dutta,92569.5,8997.3,1,3.0
CUST15680,Priya Patel,92556.59999999999,19952.58,1,2.0
CUST28404,Ankit Panda,92554.8,14223.06,1,4.0
CUST20405,Swati Singh,92544.25,22370.26,1,1.0
CUST15930,Amit Yadav,92527.59999999999,22643.01,1,4.0
CUST11139,Pooja Singh,92524.0,22257.64,1,4.0
CUST14386,Riya Pradhan,92469.6,10960.16,1,2.0
CUST12518,Sanjay Mohanty,92450.4,11695.59,1,4.0
CUST21779,Rohit Behera,92448.75,10154.42,1,5.0
CUST25058,Rohit Panda,92448.0,21622.65,1,3.0
CUST14207,Nisha Jain,92416.79999999999,20897.56,1,4.0
CUST19022,Kavita Rao,92355.9,4673.79,1,3.0
CUST17332,Nisha Sharma,92352.4,12744.99,1,2.0
CUST11067,Riya Kumar,92343.29999999999,20592.44,1,3.0
CUST17112,Kavita Rao,92325.6,5635.16,1,2.0
CUST15958,Shreya Verma,92296.8,15853.43,1,3.0
CUST23671,Raj Panda,92296.3,9000.6,1,2.0
CUST21244,Priya Singh,92291.3,9642.66,1,2.0
CUST21221,Karan Mehta,92271.59999999999,8168.1,1,1.0
CUST26800,Deepak Singh,92252.25,14985.79,1,3.0
CUST19308,Sneha Reddy,92246.0,9246.84,1,4.0
CUST21820,Karan Gupta,92242.5,22909.32,1,2.0
CUST16874,Pooja Sharma,92205.0,14112.02,1,3.0
CUST21503,Nisha Behera,92188.0,12659.12,1,1.0
CUST26906,Neha Yadav,92178.0,7756.1,1,4.0
CUST23335,Amit Panda,92141.0,9361.45,1,1.0
CUST27600,Swati Pradhan,92131.0,11509.16,1,5.0
CUST15254,Pooja Verma,92105.0,19196.36,1,1.0
CUST25261,Abhishek Jain,92094.9,17651.83,1,3.0
CUST11145,Anjali Das,92082.0,19007.38,1,4.0
CUST18661,Neha Mehta,92038.0,5682.96,1,5.0
CUST12193,Raj Mishra,91996.09999999999,21439.57,1,1.0
CUST25029,Anjali Sharma,91989.0,21248.73,1,5.0
CUST20229,Deepak Sharma,91977.09999999999,17622.37,1,2.0
CUST24164,Abhishek Panda,91973.7,11685.67,1,3.0
CUST24267,Anjali Sahu,91959.3,19811.76,1,3.0
CUST21908,Deepak Yadav,91929.2,21184.05,1,2.0
CUST28144,Anjali Sharma,91923.0,11371.07,1,3.0
CUST14286,Amit Gupta,91918.4,9662.17,1,2.0
CUST16248,Akash Jain,91914.0,18002.21,1,2.0
CUST19379,Nisha Pradhan,91910.0,9916.83,1,5.0
CUST22965,Deepak Panda,91893.5,10909.88,1,5.0
CUST26954,Ankit Mishra,91861.2,17221.64,1,3.0
CUST13343,Priya Pradhan,91852.0,20258.88,1,5.0
CUST14211,Pooja Sharma,91846.0,9052.18,1,4.0
CUST25218,Rahul Kumar,91826.0,8960.68,1,2.0
CUST19292,Amit Verma,91761.75,19680.65,1,3.0
CUST12791,Kavita Panda,91757.25,8861.31,1,3.0
CUST19703,Deepak Mohanty,91721.55,13944.38,1,3.0
CUST27447,Rahul Jain,91718.4,15649.02,1,3.0
CUST23716,Sneha Jain,91697.40000000001,20946.51,1,3.0
CUST11056,Manish Panda,91672.8,11907.75,1,3.0
CUST14094,Arjun Reddy,91642.7,21596.14,1,2.0
CUST10106,Arjun Patel,91634.25,13398.06,1,3.0
CUST14697,Rahul Rao,91623.0,15166.08020000002,1,1.0
CUST12812,Pooja Gupta,91607.9,7809.26,1,2.0
CUST12839,Deepak Dutta,91602.0,12238.97,1,2.0
CUST11623,Deepak Behera,91601.84999999999,19438.21,1,1.0
CUST18285,Deepak Verma,91560.0,19507.93,1,1.0
CUST21045,Suresh Verma,91551.0,4720.94,1,2.0
CUST28294,Nisha Panda,91545.75,14011.6,1,3.0
CUST21051,Abhishek Das,91544.0,18898.17,1,2.0
CUST10773,Swati Nayak,91503.0,9197.63,1,1.0
CUST20394,Vivek Jain,91502.09999999999,18286.23,1,1.0
CUST26270,Sneha Panda,91478.79999999999,18451.47,1,4.0
CUST23595,Rohit Rao,91468.8,7020.81,1,2.0
CUST19322,Ankit Pradhan,91466.0,10409.9,1,1.0
CUST27552,Akash Rao,91462.5,12695.77,1,2.0
CUST20501,Ankit Das,91458.0,5387.6,1,1.0
CUST27682,Manish Yadav,91447.25,12975.91,1,5.0
CUST24706,Abhishek Reddy,91445.09999999999,13342.14,1,1.0
CUST23313,Amit Nayak,91437.9,4926.74,1,2.0
CUST28990,Manish Jain,91435.5,15974.25,1,5.0
CUST26156,Pooja Behera,91409.0,12584.06,1,1.0
CUST21167,Deepak Rao,91400.40000000001,19802.34,1,3.0
CUST13040,Kavita Reddy,91361.4,17857.63,1,2.0
CUST11984,Priya Mishra,91357.2,18882.11,1,3.0
CUST19495,Vivek Mohanty,91345.79999999999,21518.43,1,2.0
CUST26868,Rohit Mohanty,91344.4,18343.15,1,2.0
CUST10667,Amit Reddy,91336.0,5784.49,1,5.0
CUST15110,Deepak Mehta,91331.09999999999,12325.55,1,3.0
CUST16409,Karan Dutta,91329.2,16911.77,1,2.0
CUST13174,Anjali Gupta,91328.25,5223.02,1,3.0
CUST26489,Shreya Sahu,91281.5,15720.05,1,5.0
CUST22447,Riya Mohanty,91277.25,5471.04,1,3.0
CUST24337,Pooja Jain,91276.8,19144.75,1,3.0
CUST19092,Ankit Sahu,91275.05,11444.39,1,1.0
CUST16674,Priya Rao,91263.6,19046.35,1,2.0
CUST10181,Deepak Reddy,91251.20000000001,19190.8,1,2.0
CUST13788,Swati Sharma,91246.4,14261.65,1,4.0
CUST27401,Sanjay Das,91203.20000000001,17563.98,1,4.0
CUST11475,Riya Behera,91197.6,18780.04,1,3.0
CUST22895,Anjali Singh,91166.0,6291.89,1,2.0
CUST12141,Anjali Singh,91150.0,16584.64,1,1.0
CUST21099,Ankit Sharma,91113.2,10597.07,1,4.0
CUST20746,Manish Patel,91110.0,16147.41,1,2.0
CUST11725,Rohit Mohanty,91075.5,7234.27,1,2.0
CUST26514,Raj Nayak,91070.40000000001,8834.95,1,2.0
CUST23221,Suresh Dutta,91053.7,9913.13,1,1.0
CUST14655,Manish Sahu,91046.40000000001,9282.09,1,3.0
CUST19768,Rahul Sahu,91030.40000000001,5987.73,1,4.0
CUST21659,Vikas Sharma,91029.6,13595.95,1,2.0
CUST18162,Sneha Behera,91026.0,19607.39,1,4.0
CUST26731,Vivek Sahu,90991.8,22175.06,1,2.0
CUST24192,Rohit Gupta,90983.2,10188.55,1,4.0
CUST24469,Amit Mishra,90981.90000000001,10169.59,1,3.0
CUST21780,Anjali Jain,90979.59999999999,12170.97,1,2.0
CUST19249,Swati Sharma,90972.0,17192.75,1,3.0
CUST10411,Sneha Pradhan,90968.5,17974.48,1,5.0
CUST25486,Pooja Pradhan,90968.0,20148.23,1,1.0
CUST19910,Rahul Singh,90965.0,20251.57,1,5.0
CUST15853,Kavita Kumar,90950.40000000001,10205.14,1,4.0
CUST23009,Kavita Mishra,90940.8,8213.52,1,2.0
CUST18432,Rohit Sahu,90940.5,12073.9,1,5.0
CUST19512,Kavita Rao,90915.0,18002.95,1,4.0
CUST18344,Vivek Patel,90908.8,11034.47,1,4.0
CUST11743,Vikas Sahu,90900.7,14253.27,1,2.0
CUST16437,Akash Kumar,90889.34999999999,20283.27,1,3.0
CUST13382,Rahul Panda,90884.59999999999,18791.58,1,1.0
CUST21171,Deepak Das,90870.40000000001,21372.83,1,4.0
CUST20904,Kavita Mohanty,90846.0,19082.51,1,4.0
CUST28489,Manish Pradhan,90815.25,18144.75,1,5.0
CUST17746,Shreya Sahu,90804.0,14137.062466666668,1,1.0
CUST14193,Deepak Behera,90801.6,4674.25,1,3.0
CUST14138,Vikas Dutta,90778.0,5813.19,1,2.0
CUST15942,Rohit Pradhan,90765.0,12735.16,1,1.0
CUST15320,Anjali Gupta,90758.25,10735.65,1,3.0
CUST12790,Ankit Panda,90743.09999999999,11588.08,1,3.0
CUST24464,Sanjay Mohanty,90734.40000000001,16222.88,1,3.0
CUST20792,Raj Panda,90731.55,9085.63,1,3.0
CUST21308,Pooja Rao,90690.0,9985.77,1,2.0
CUST14273,Amit Mohanty,90687.0,8525.62,1,1.0
CUST25575,Swati Rao,90684.8,21802.59,1,2.0
CUST15978,Ankit Singh,90676.0,9781.64,1,2.0
CUST27051,Priya Sharma,90675.0,11453.73,1,5.0
CUST11671,Vivek Yadav,90657.0,14769.55,1,2.0
CUST16448,Rahul Pradhan,90656.0,10449.0,1,1.0
CUST25445,Suresh Gupta,90642.3,14613.71,1,2.0
CUST22424,Karan Verma,90640.0,17905.59,1,2.0
CUST23325,Anjali Yadav,90628.2,18385.02,1,2.0
CUST19213,Vikas Reddy,90624.0,11608.28,1,3.0
CUST12824,Shreya Dutta,90618.75,12392.54,1,5.0
CUST27453,Nisha Behera,90600.55,9249.53,1,1.0
CUST23230,Abhishek Singh,90582.40000000001,5640.88,1,4.0
CUST17400,Sneha Panda,90562.4,16538.65,1,4.0
CUST18930,Akash Jain,90527.4,21302.17,1,4.0
CUST16471,Kavita Kumar,90520.75,14640.34,1,1.0
CUST24406,Sanjay Kumar,90511.5,10419.53,1,2.0
CUST28730,Deepak Mohanty,90486.9,21521.08,1,3.0
CUST21280,Akash Patel,90478.0,13119.17,1,2.0
CUST14394,Amit Sharma,90475.0,15709.3,1,1.0
CUST12901,Raj Kumar,90470.4,5233.76,1,4.0
CUST13755,Rohit Das,90470.4,8605.1,1,3.0
CUST20157,Anjali Singh,90453.59999999999,10997.5,1,4.0
CUST21369,Kavita Behera,90453.0,17555.18,1,4.0
CUST26813,Arjun Verma,90448.5,10397.66,1,3.0
CUST14911,Sneha Yadav,90441.4,22346.67,1,2.0
CUST11233,Priya Mishra,90433.5,11760.32,1,2.0
CUST21678,Karan Das,90430.5,9673.11,1,1.0
CUST13981,Deepak Rao,90363.0,11408.26,1,4.0
CUST23929,Raj Das,90339.3,20576.59,1,1.0
CUST14259,Amit Dutta,90336.0,14415.52,1,5.0
CUST23962,Suresh Sahu,90329.0,19527.11,1,1.0
CUST19809,Neha Rao,90321.0,11033.99,1,5.0
CUST23317,Rahul Pradhan,90313.5,20066.22,1,2.0
CUST20989,Sanjay Sahu,90311.2,19932.46,1,4.0
CUST12587,Ankit Pradhan,90306.0,19045.68,1,3.0
CUST25833,Neha Panda,90288.0,4647.11,1,4.0
CUST24408,Neha Mishra,90279.0,15910.3,1,3.0
CUST25325,Kavita Mishra,90239.70341149242,2119.08,1,2.0
CUST24605,Swati Mohanty,90228.15,5073.47,1,3.0
CUST24504,Vikas Pradhan,90218.79999999999,14257.2,1,2.0
CUST24632,Nisha Singh,90211.05,11601.49,1,3.0
CUST16202,Nisha Nayak,90180.0,11633.66,1,5.0
CUST10361,Nisha Dutta,90175.5,22278.83,1,5.0
CUST21311,Priya Jain,90151.59999999999,8053.9,1,4.0
CUST16179,Sanjay Mehta,90126.0,13087.57,1,2.0
CUST18142,Manish Jain,90104.25,15509.08,1,5.0
CUST28334,Rahul Kumar,90101.7,20514.93,1,3.0
CUST18259,Ankit Mishra,90092.8,13009.85,1,4.0
CUST26362,Arjun Patel,90086.5,13231.51,1,5.0
CUST17734,Ankit Sharma,90045.59999999999,22227.01,1,2.0
CUST11644,Pooja Reddy,90039.59999999999,13725.54,1,3.0
CUST19023,Rahul Yadav,90003.0,14934.68,1,2.0
CUST16724,Deepak Yadav,89988.3,7923.57,1,1.0
CUST19489,Rohit Jain,89985.25,17981.81,1,5.0
CUST24341,Vivek Behera,89933.4,12041.97,1,3.0
CUST10947,Karan Panda,89932.5,6999.63,1,3.0
CUST25977,Akash Singh,89904.5,5601.38,1,5.0
CUST23970,Karan Yadav,89901.0,16231.39,1,3.0
CUST28970,Suresh Mishra,89882.0,10584.83,1,2.0
CUST22125,Priya Panda,89877.59999999999,7072.3,1,3.0
CUST26909,Karan Nayak,89873.9,12981.46,1,2.0
CUST15155,Vikas Dutta,89866.0,19704.94,1,2.0
CUST26232,Vivek Gupta,89856.0,4501.39,1,3.0
CUST22837,Suresh Pradhan,89851.8,15055.38,1,4.0
CUST25656,Arjun Gupta,89849.25,17930.71,1,3.0
CUST13376,Arjun Rao,89844.8,10662.26,1,2.0
CUST27054,Anjali Mehta,89838.0,14622.89,1,2.0
CUST26793,Karan Jain,89815.0,11356.81,1,1.0
CUST10055,Anjali Mishra,89796.0,16553.01,1,4.0
CUST21592,Priya Das,89789.25,20315.49,1,3.0
CUST19221,Deepak Singh,89760.6,17033.56,1,2.0
CUST15080,Nisha Das,89754.0,13868.65,1,2.0
CUST25807,Vikas Yadav,89745.6,14306.34,1,2.0
CUST20218,Riya Pradhan,89726.0,12399.38,1,5.0
CUST23853,Manish Sahu,89712.0,12554.52,1,3.0
CUST28054,Rohit Verma,89709.0,13226.13,1,2.0
CUST28259,Akash Das,89697.6,12731.58,1,2.0
CUST14148,Sneha Kumar,89694.0,11272.75,1,1.0
CUST12532,Pooja Das,89690.40000000001,19596.05,1,1.0
CUST27538,Kavita Verma,89688.0,7345.44,1,3.0
CUST12127,Manish Pradhan,89663.0,10244.04,1,5.0
CUST24659,Raj Nayak,89635.20000000001,19933.45,1,3.0
CUST21665,Vikas Patel,89613.0,15606.43,1,2.0
CUST24062,Anjali Gupta,89604.9,12020.87,1,3.0
CUST11498,Anjali Gupta,89592.0,6086.87,1,2.0
CUST24950,Priya Nayak,89586.0,11531.56,1,5.0
CUST28146,Abhishek Verma,89568.0,22289.22,1,4.0
CUST26177,Arjun Mehta,89566.2,14492.95,1,3.0
CUST13141,Rohit Gupta,89562.0,20309.72,1,2.0
CUST24626,Vivek Das,89542.0,14036.68,1,2.0
CUST11068,Pooja Sharma,89526.09999999999,7292.32,1,2.0
CUST10962,Raj Dutta,89496.90000000001,14133.63,1,1.0
CUST27773,Anjali Singh,89496.5,13236.15,1,2.0
CUST21454,Abhishek Reddy,89496.0,11737.55,1,4.0
CUST28940,Abhishek Dutta,89485.0,17496.6,1,5.0
CUST17930,Deepak Jain,89484.0,9265.23,1,1.0
CUST18309,Arjun Das,89479.55,13804.39,1,1.0
CUST28832,Karan Mishra,89456.75,11521.11,1,1.0
CUST12826,Sanjay Behera,89422.2,14455.99,1,2.0
CUST11211,Rahul Mehta,89406.4,18421.15,1,2.0
CUST16170,Akash Singh,89401.6,7534.21,1,2.0
CUST27369,Raj Reddy,89394.0,8023.03,1,4.0
CUST17615,Akash Mohanty,89381.75,8849.75,1,5.0
CUST14679,Swati Gupta,89355.0,21892.06,1,4.0
CUST26407,Raj Sahu,89337.6,9428.36,1,2.0
CUST13694,Vikas Jain,89334.0,12783.88,1,5.0
CUST15505,Deepak Jain,89331.59999999999,11763.37,1,3.0
CUST25405,Neha Das,89329.79999999999,11039.62,1,3.0
CUST23551,Priya Sharma,89319.29999999999,20301.01,1,3.0
CUST24656,Swati Panda,89311.5,2405.38,1,3.0
CUST16474,Arjun Sharma,89307.59999999999,20326.65,1,3.0
CUST19072,Akash Jain,89288.0,14965.24,1,2.0
CUST21926,Riya Pradhan,89285.7,16521.63,1,2.0
CUST16126,Swati Panda,89284.0,19024.89,1,5.0
CUST11921,Pooja Singh,89233.5,10313.41,1,2.0
CUST12534,Sneha Reddy,89212.8,21118.24,1,3.0
CUST22660,Neha Nayak,89164.8,10319.67,1,3.0
CUST17193,Raj Yadav,89161.79999999999,21707.23,1,3.0
CUST26669,Priya Behera,89159.7,8942.86,1,3.0
CUST12980,Amit Gupta,89153.6,11046.93,1,2.0
CUST26726,Shreya Yadav,89114.0,8880.99,1,2.0
CUST27025,Riya Mishra,89100.0,19707.8,1,5.0
CUST23842,Kavita Nayak,89084.8,7121.86,1,1.0
CUST16728,Nisha Mohanty,89072.0,20508.91,1,5.0
CUST11195,Deepak Verma,89025.3,8940.67,1,1.0
CUST22140,Vivek Rao,89012.8,20997.62,1,2.0
CUST26604,Pooja Gupta,89006.4,16068.85,1,4.0
CUST15344,Swati Kumar,89003.5,7046.56,1,2.0
CUST21824,Neha Das,88977.0,17242.46,1,3.0
CUST15378,Akash Jain,88947.0,17842.99,1,3.0
CUST12166,Nisha Das,88928.0,9458.12,1,4.0
CUST17654,Rahul Sharma,88920.0,9544.01,1,4.0
CUST12798,Kavita Patel,88889.59999999999,4682.28,1,1.0
CUST21966,Unknown,88884.0,12666.49,1,4.0
CUST20949,Neha Behera,88876.8,13360.55,1,4.0
CUST15830,Karan Rao,88863.0,11711.02,1,5.0
CUST26624,Vikas Sharma,88855.4,22188.94,1,2.0
CUST15785,Sanjay Sahu,88847.0,8821.65,1,1.0
CUST12190,Shreya Panda,88838.59999999999,9815.87,1,4.0
CUST20117,Deepak Mohanty,88823.0,14272.38,1,5.0
CUST21496,Akash Pradhan,88813.59999999999,14820.26,1,2.0
CUST28408,Rohit Verma,88784.0,16923.33,1,1.0
CUST25019,Priya Mishra,88730.1,4561.7,1,1.0
CUST20910,Amit Singh,88727.40000000001,10587.64,1,1.0
CUST20762,Neha Pradhan,88718.59999999999,5122.26,1,4.0
CUST16830,Priya Reddy,88714.8,9626.5,1,1.0
CUST13945,Rahul Dutta,88708.0,7240.48,1,5.0
CUST10589,Swati Mishra,88707.5,5824.56,1,5.0
CUST19741,Priya Sharma,88685.09999999999,9674.12,1,3.0
CUST18667,Pooja Verma,88680.59999999999,8871.68,1,1.0
CUST16065,Priya Nayak,88668.29999999999,5886.16,1,3.0
CUST19954,Rahul Behera,88627.5,11343.52,1,5.0
CUST14521,Karan Rao,88623.59999999999,15266.57,1,2.0
CUST15146,Ankit Reddy,88620.75,14002.6,1,5.0
CUST23547,Sanjay Gupta,88586.4,12148.2,1,3.0
CUST16135,Shreya Dutta,88580.2,20980.85,1,2.0
CUST24872,Manish Pradhan,88554.0,15295.0,1,4.0
CUST26286,Vikas Panda,88550.0,10344.61,1,4.0
CUST24459,Kavita Sharma,88548.75,8943.21,1,3.0
CUST21323,Kavita Mohanty,88535.25,9591.26,1,5.0
CUST18284,Neha Reddy,88507.20000000001,18816.45,1,3.0
CUST17751,Sneha Mishra,88495.34999999999,12295.26,1,3.0
CUST20617,Pooja Gupta,88474.0,21795.49,1,1.0
CUST23219,Kavita Yadav,88459.5,19380.66,1,2.0
CUST21760,Vikas Singh,88449.6,18657.13,1,3.0
CUST22147,Manish Singh,88447.79999999999,7782.83,1,3.0
CUST16412,Akash Dutta,88446.0,18409.99,1,4.0
CUST17899,Sneha Mehta,88428.0,15443.87,1,5.0
CUST18945,Abhishek Das,88417.0,7150.94,1,4.0
CUST11384,Arjun Verma,88401.0,16701.99,1,2.0
CUST16631,Arjun Sahu,88376.0,20588.46,1,1.0
CUST20021,Swati Jain,88353.0,10124.0,1,3.0
CUST16430,Swati Patel,88338.59999999999,13186.26,1,3.0
CUST23371,Rahul Pradhan,88324.2,7469.69,1,1.0
CUST12925,Manish Jain,88320.0,10969.49,1,5.0
CUST14439,Vivek Panda,88317.0,5994.51,1,4.0
CUST18644,Shreya Pradhan,88308.0,17784.97,1,2.0
CUST24972,Akash Yadav,88297.75,11838.44,1,5.0
CUST18975,Karan Verma,88287.5,19491.05,1,5.0
CUST13848,Suresh Mehta,88269.25,10122.91,1,5.0
CUST11453,Akash Sahu,88264.5,19109.08,1,2.0
CUST26670,Swati Kumar,88247.25,20124.33,1,3.0
CUST21939,Priya Yadav,88230.0,5874.74,1,5.0
CUST11512,Kavita Das,88225.6,6293.22,1,2.0
CUST28025,Sneha Nayak,88224.0,17344.14,1,4.0
CUST17758,Amit Verma,88212.59999999999,7982.72,1,3.0
CUST13894,Akash Gupta,88211.2,11435.31,1,2.0
CUST25118,Nisha Sahu,88189.5,16542.7,1,5.0
CUST10161,Vivek Mishra,88189.2,9256.44,1,3.0
CUST11956,Nisha Singh,88180.0,10234.66,1,5.0
CUST25929,Vivek Kumar,88169.6,18182.14,1,4.0
CUST25621,Swati Gupta,88118.0,14307.16,1,1.0
CUST17517,Suresh Pradhan,88110.0,8435.18,1,1.0
CUST20363,Abhishek Sahu,88102.5,16990.66,1,2.0
CUST11929,Pooja Rao,88095.6,17502.15,1,1.0
CUST11015,Shreya Behera,88079.0,5136.7,1,1.0
CUST20619,Rohit Yadav,88076.7,15095.9,1,1.0
CUST27165,Sanjay Yadav,88071.65,11545.01,1,1.0
CUST19330,Sneha Mehta,88059.29999999999,21543.25,1,3.0
CUST17516,Deepak Pradhan,88038.0,20351.91,1,3.0
CUST25031,Abhishek Nayak,87991.4,8437.89,1,2.0
CUST27225,Pooja Yadav,87977.59999999999,10908.47,1,1.0
CUST11806,Swati Singh,87957.15,12283.69,1,3.0
CUST13778,Neha Kumar,87956.0,16313.69,1,2.0
CUST18302,Raj Panda,87949.5,4479.95,1,2.0
CUST17346,Shreya Mishra,87939.59999999999,19353.93,1,4.0
CUST24026,Suresh Das,87926.40000000001,18483.31,1,4.0
CUST13710,Kavita Nayak,87870.25,16450.02,1,5.0
CUST23670,Priya Sahu,87870.0,15784.02,1,5.0
CUST27109,Arjun Mohanty,87866.2,12523.41,1,4.0
CUST10614,Ankit Pradhan,87862.0,13821.14,1,1.0
CUST17740,Anjali Mehta,87853.5,16472.35,1,5.0
CUST27360,Manish Singh,87852.0,18675.6,1,4.0
CUST20115,Karan Yadav,87839.0,14559.46,1,1.0
CUST25837,Anjali Das,87825.4,4460.14,1,4.0
CUST22143,Abhishek Mishra,87819.0,9654.19,1,4.0
CUST11602,Pooja Singh,87818.59999999999,15926.68,1,2.0
CUST23205,Sneha Kumar,87813.59999999999,6015.77,1,2.0
CUST20803,Abhishek Patel,87795.20000000001,10793.87,1,4.0
CUST20899,Kavita Das,87777.8,4895.27,1,4.0
CUST18764,Sanjay Das,87776.0,7659.38,1,2.0
CUST24730,Anjali Mishra,87744.0,15632.36,1,3.0
CUST20063,Sanjay Kumar,87725.0,5751.43,1,5.0
CUST20035,Priya Behera,87706.5,20964.23,1,2.0
CUST20449,Anjali Panda,87703.5,9412.28,1,2.0
CUST22088,Karan Dutta,87609.0,20268.59,1,1.0
CUST11051,Vivek Pradhan,87584.0,18270.17,1,2.0
CUST15423,Ankit Sahu,87571.95,9015.78,1,1.0
CUST11788,Neha Mishra,87571.20000000001,12896.09,1,4.0
CUST17274,Shreya Gupta,87554.0,13270.79,1,1.0
CUST27862,Deepak Patel,87553.0,4818.96,1,1.0
CUST18224,Pooja Mehta,87530.15,18699.32,1,1.0
CUST23194,Anjali Yadav,87528.0,7777.31,1,4.0
CUST25349,Anjali Nayak,87523.5,7571.99,1,1.0
CUST22849,Amit Mohanty,87508.8,6541.63,1,2.0
CUST18481,Raj Yadav,87504.0,15328.82,1,2.0
CUST20636,Abhishek Sahu,87503.25,8704.6,1,3.0
CUST25153,Vivek Sahu,87470.09999999999,21411.79,1,2.0
CUST28879,Anjali Dutta,87459.3,20610.99,1,1.0
CUST20007,Ankit Kumar,87453.75,15437.9,1,5.0
CUST16567,Amit Panda,87436.8,17775.84,1,2.0
CUST20688,Nisha Das,87424.7,11796.42,1,2.0
CUST15762,Kavita Singh,87416.4,6821.4,1,3.0
CUST25559,Pooja Pradhan,87414.25,9379.4,1,5.0
CUST11629,Vivek Patel,87388.8,7460.61,1,4.0
CUST27601,Anjali Jain,87373.8,9223.92,1,1.0
CUST15652,Arjun Reddy,87352.8,19018.85,1,3.0
CUST11566,Akash Nayak,87333.3,6608.9,1,1.0
CUST12809,Manish Nayak,87325.2,19089.9,1,1.0
CUST26488,Pooja Sharma,87319.20000000001,9629.6,1,3.0
CUST14770,Rohit Sharma,87317.09999999999,16081.99,1,3.0
CUST22939,Riya Behera,87300.25,8821.83,1,1.0
CUST22014,Raj Behera,87296.40000000001,20136.88,1,1.0
CUST24388,Kavita Reddy,87268.5,12653.14,1,1.0
CUST23804,Raj Behera,87257.5,16018.88,1,2.0
CUST21702,Deepak Gupta,87253.59999999999,17170.83,1,2.0
CUST11202,Vikas Patel,87232.0,15737.7,1,1.0
CUST22041,Sanjay Reddy,87222.79999999999,17723.22,1,2.0
CUST20293,Sneha Panda,87212.8,11799.13,1,2.0
CUST26294,Riya Verma,87211.20000000001,13091.25,1,3.0
CUST27709,Pooja Patel,87210.0,12135.1,1,3.0
CUST10221,Vivek Pradhan,87181.5,6228.46,1,3.0
CUST25699,Arjun Das,87177.6,19849.94,1,4.0
CUST23574,Swati Patel,87175.2,17292.09,1,4.0
CUST27046,Riya Nayak,87164.0,4395.85,1,2.0
CUST17391,Deepak Sahu,87160.0,16252.88,1,5.0
CUST16533,Kavita Pradhan,87147.3,21366.79,1,3.0
CUST11562,Akash Nayak,87138.0,21657.71,1,2.0
CUST19593,Rohit Jain,87112.5,18431.25,1,2.0
CUST10182,Rohit Mohanty,87111.4,8597.51,1,4.0
CUST14665,Karan Jain,87109.88,15631.39,1,4.0
CUST28247,Neha Mehta,87103.79999999999,10742.44,1,2.0
CUST13220,Arjun Mehta,87045.75,20077.36,1,3.0
CUST22055,Ankit Verma,87018.09999999999,13284.02,1,1.0
CUST10937,Raj Verma,87013.5,13194.1,1,3.0
CUST16185,Kavita Sahu,87012.0,15142.06,1,4.0
CUST27828,Vikas Singh,87008.0,10378.44,1,1.0
CUST10232,Rohit Mehta,86997.0,4787.3,1,1.0
CUST10400,Rohit Sharma,86996.7,21707.81,1,3.0
CUST23776,Manish Behera,86996.25,6649.61,1,3.0
CUST18742,Ankit Mehta,86995.20000000001,15915.31,1,2.0
CUST20869,Anjali Gupta,86961.8,11531.01,1,2.0
CUST19067,Rahul Nayak,86961.09999999999,17715.59,1,1.0
CUST25687,Rohit Mishra,86941.5,11069.02,1,2.0
CUST25228,Amit Behera,86927.40000000001,14467.08,1,1.0
CUST22996,Rahul Patel,86919.0,6609.83,1,2.0
CUST17753,Nisha Rao,86901.75,8561.25,1,3.0
CUST19735,Abhishek Mehta,86900.40000000001,8833.28,1,2.0
CUST17478,Neha Behera,86871.0,15083.22,1,2.0
CUST20133,Suresh Mohanty,86858.79999999999,17807.39,1,4.0
CUST20864,Rahul Yadav,86850.0,13981.49,1,4.0
CUST20943,Abhishek Nayak,86838.0,11305.38,1,4.0
CUST12089,Suresh Singh,86817.3,6666.31,1,3.0
CUST12322,Rohit Rao,86813.1,7417.92,1,1.0
CUST10993,Rohit Dutta,86806.0,6239.61,1,2.0
CUST10171,Amit Mishra,86775.75,12100.05,1,3.0
CUST15091,Abhishek Dutta,86774.9,11743.87,1,1.0
CUST17582,Suresh Gupta,86772.0,5939.1,1,3.0
CUST28434,Suresh Sharma,86770.59999999999,7168.69,1,2.0
CUST28687,Unknown,86770.59999999999,7010.03,1,2.0
CUST14939,Shreya Mehta,86762.0,5150.68,1,2.0
CUST22647,Raj Mohanty,86757.3,9474.25,1,1.0
CUST20245,Akash Yadav,86753.25,20955.73,1,3.0
CUST20125,Sanjay Yadav,86745.0,19039.45,1,4.0
CUST27374,Raj Mehta,86717.0,6860.54,1,1.0
CUST25395,Vikas Singh,86716.0,5722.97,1,4.0
CUST16985,Vivek Sahu,86712.2,13782.1,1,2.0
CUST20098,Abhishek Panda,86706.0,11389.04,1,3.0
CUST12698,Ankit Nayak,86698.0,13289.24,1,2.0
CUST26735,Ankit Mehta,86697.90000000001,7415.24,1,1.0
CUST11373,Pooja Behera,86687.25,17959.29,1,5.0
CUST16071,Rahul Rao,86686.40000000001,16194.33,1,2.0
CUST18761,Raj Gupta,86680.0,15103.2,1,2.0
CUST24780,Shreya Patel,86665.5,11803.52,1,2.0
CUST24984,Anjali Das,86651.1,9808.53,1,3.0
CUST11716,Kavita Rao,86626.5,20888.34,1,2.0
CUST18967,Karan Rao,86616.25,17475.77,1,5.0
CUST28736,Deepak Kumar,86608.2,19740.6,1,4.0
CUST18872,Anjali Mohanty,86608.0,19217.02,1,4.0
CUST14758,Karan Pradhan,86607.0,18488.52,1,1.0
CUST16484,Nisha Rao,86605.0,17254.65,1,5.0
CUST25126,Rahul Dutta,86598.0,21268.24,1,1.0
CUST26357,Suresh Behera,86594.4,17869.22,1,4.0
CUST24737,Amit Yadav,86583.6,14728.21,1,4.0
CUST18493,Rahul Mohanty,86572.5,15608.75,1,5.0
CUST24666,Rahul Verma,86572.5,4640.74,1,2.0
CUST21213,Sneha Gupta,86564.79999999999,19609.28,1,2.0
CUST15711,Ankit Pradhan,86552.0,17415.59,1,1.0
CUST22578,Amit Dutta,86551.2,18990.75,1,3.0
CUST22319,Kavita Gupta,86541.2,16496.21,1,2.0
CUST15965,Priya Patel,86540.8,15408.16,1,4.0
CUST20037,Riya Pradhan,86529.6,13139.16,1,2.0
CUST16702,Akash Gupta,86526.95,16750.1,1,1.0
CUST11165,Neha Mishra,86517.2,14666.9,1,4.0
CUST19607,Swati Gupta,86517.2,19505.72,1,4.0
CUST28310,Manish Nayak,86499.0,6829.01,1,3.0
CUST16836,Shreya Reddy,86492.0,14212.13,1,5.0
CUST17968,Pooja Behera,86472.90000000001,10959.92,1,1.0
CUST10726,Akash Verma,86469.59999999999,10127.48,1,2.0
CUST22794,Arjun Mohanty,86468.2,14934.53,1,2.0
CUST10711,Vikas Mehta,86464.0,11709.17,1,2.0
CUST23789,Amit Sahu,86440.2,5373.63,1,2.0
CUST22836,Nisha Mohanty,86420.0,20703.18,1,1.0
CUST24818,Riya Nayak,86416.75,19034.34,1,1.0
CUST17259,Rohit Sharma,86415.8,10279.98,1,1.0
CUST20657,Shreya Rao,86410.8,12931.6,1,2.0
CUST25584,Sneha Gupta,86389.5,11671.89,1,2.0
CUST27394,Rohit Mohanty,86376.0,8062.67,1,3.0
CUST10414,Akash Gupta,86279.0,8689.75,1,2.0
CUST16130,Ankit Nayak,86274.0,9246.41,1,4.0
CUST11053,Suresh Mishra,86256.0,20222.39,1,2.0
CUST13687,Sanjay Verma,86250.6,15097.05,1,2.0
CUST28794,Ankit Panda,86229.0,17720.39,1,4.0
CUST22527,Ankit Sahu,86207.0,11937.06,1,5.0
CUST15545,Karan Patel,86176.0,8876.42,1,4.0
CUST10602,Shreya Dutta,86157.0,6559.52,1,1.0
CUST24588,Nisha Kumar,86132.0,16473.45,1,2.0
CUST15664,Anjali Patel,86115.6,10212.72,1,1.0
CUST27484,Raj Sahu,86099.9,13922.49,1,2.0
CUST28345,Amit Dutta,86079.5,17463.4,1,5.0
CUST16495,Shreya Nayak,86077.8,20559.26,1,2.0
CUST18366,Vikas Nayak,86077.59999999999,6514.55,1,2.0
CUST20138,Swati Nayak,86060.0,4992.87,1,5.0
CUST25596,Raj Kumar,86058.0,8661.35,1,3.0
CUST21392,Rahul Kumar,86056.2,20794.03,1,2.0
CUST20048,Pooja Behera,86042.0,20330.58,1,2.0
CUST17694,Sneha Panda,86040.55,9060.31,1,1.0
CUST24365,Rohit Mohanty,86024.4,14402.41,1,2.0
CUST25664,Pooja Mehta,86019.5,4677.33,1,5.0
CUST25549,Raj Jain,86008.5,18549.96,1,3.0
CUST20478,Vikas Mohanty,86006.4,5239.6,1,4.0
CUST16546,Pooja Kumar,85997.7,9179.37,1,1.0
CUST17625,Kavita Mishra,85996.2,15417.43,1,4.0
CUST25108,Manish Gupta,85991.15,21430.45,1,1.0
CUST13036,Karan Sahu,85979.7,10415.21,1,1.0
CUST22622,Arjun Kumar,85968.0,14935.935533333353,1,4.0
CUST14229,Amit Das,85952.0,6117.14,1,4.0
CUST25340,Vivek Reddy,85946.5,5263.18,1,1.0
CUST18082,Vikas Dutta,85936.0,20755.4,1,2.0
CUST22372,Shreya Gupta,85930.0,20867.37,1,2.0
CUST20059,Neha Sahu,85919.40000000001,10003.39,1,3.0
CUST25211,Ankit Pradhan,85913.25,4362.57,1,1.0
CUST17687,Vikas Verma,85908.0,14635.74,1,3.0
CUST19048,Shreya Rao,85891.65,14920.08,1,3.0
CUST18185,Kavita Pradhan,85880.0,7627.12,1,5.0
CUST22256,Karan Rao,85816.34999999999,19548.81,1,3.0
CUST11985,Ankit Verma,85808.79999999999,5758.49,1,4.0
CUST10325,Manish Singh,85806.0,7027.38,1,2.0
CUST20195,Deepak Gupta,85804.59999999999,10780.21,1,2.0
CUST13407,Karan Reddy,85792.59999999999,16729.49,1,4.0
CUST21559,Ankit Behera,85790.7,4584.66,1,2.0
CUST14907,Nisha Patel,85782.15,20645.53,1,1.0
CUST26003,Priya Mishra,85774.0,8249.27,1,2.0
CUST18711,Sanjay Yadav,85772.25,12987.78,1,3.0
CUST19636,Vikas Mishra,85770.0,12311.28,1,3.0
CUST11513,Amit Reddy,85753.6,15537.13,1,2.0
CUST25716,Riya Singh,85734.4,11463.07,1,2.0
CUST17927,Karan Patel,85704.0,11754.39,1,4.0
CUST20108,Vikas Mohanty,85690.0,9819.49,1,1.0
CUST21757,Vikas Sharma,85662.45,5023.42,1,1.0
CUST20185,Raj Verma,85640.0,19795.79,1,2.0
CUST28772,Abhishek Mishra,85635.84999999999,19261.1,1,1.0
CUST22306,Amit Rao,85634.0,17570.94,1,1.0
CUST19463,Sanjay Gupta,85614.0,16249.33,1,1.0
CUST19119,Nisha Verma,85537.8,11579.66,1,2.0
CUST19353,Raj Gupta,85536.5,21130.71,1,5.0
CUST23995,Amit Patel,85532.0,20041.54,1,4.0
CUST28338,Amit Rao,85529.45,18774.24,1,1.0
CUST12494,Shreya Pradhan,85508.5,12551.06,1,5.0
CUST19529,Abhishek Mehta,85483.20000000001,20229.22,1,3.0
CUST12237,Manish Dutta,85476.0,17287.57,1,5.0
CUST25777,Kavita Kumar,85467.0,5228.85,1,4.0
CUST15823,Akash Pradhan,85454.4,10064.93,1,1.0
CUST21728,Deepak Singh,85444.9,14457.29,1,2.0
CUST18295,Karan Mishra,85429.5,6052.65,1,2.0
CUST16522,Neha Behera,85408.5,18965.77,1,2.0
CUST14377,Anjali Dutta,85367.25,6018.81,1,3.0
CUST14681,Vivek Gupta,85358.0,21041.61,1,2.0
CUST10185,Suresh Mehta,85314.6,15510.8,1,1.0
CUST28253,Sneha Jain,85306.2,12734.69,1,3.0
CUST22801,Rahul Reddy,85303.5,14443.78,1,2.0
CUST20613,Pooja Dutta,85303.4,12966.61,1,2.0
CUST21057,Abhishek Reddy,85261.8,8461.94,1,2.0
CUST26047,Ankit Kumar,85251.6,14529.65,1,1.0
CUST19299,Rahul Yadav,85239.7,9126.0,1,1.0
CUST11658,Amit Verma,85239.0,11619.0,1,3.0
CUST12737,Raj Yadav,85226.38655529838,20462.19,1,2.0
CUST11835,Vikas Mishra,85226.38655529838,2873.97,1,2.0
CUST27031,Rohit Nayak,85226.38655529838,1583.16,1,2.0
CUST10458,Arjun Jain,85226.38655529838,14542.055068888887,1,2.0
CUST21861,Raj Behera,85190.0,8218.21,1,1.0
CUST24300,Akash Singh,85187.2,19081.31,1,4.0
CUST28183,Sanjay Reddy,85174.0,20330.37,1,2.0
CUST15513,Ankit Sahu,85166.40000000001,10362.53,1,3.0
CUST27316,Manish Singh,85140.0,7346.1,1,5.0
CUST26641,Nisha Sharma,85122.0,4649.05,1,2.0
CUST15809,Anjali Panda,85115.20000000001,14254.69,1,2.0
CUST17884,Nisha Kumar,85113.0,15795.49,1,2.0
CUST28009,Suresh Panda,85084.8,16178.12,1,2.0
CUST11171,Ankit Singh,85065.84999999999,6288.59,1,1.0
CUST17644,Shreya Gupta,85026.9,5057.61,1,3.0
CUST26453,Karan Mohanty,85020.0,13837.38,1,2.0
CUST22488,Nisha Patel,84999.0,18644.57,1,1.0
CUST22369,Raj Mehta,84959.2,17758.36,1,1.0
CUST11869,Manish Yadav,84950.0,7518.36,1,5.0
CUST21825,Manish Patel,84930.3,6829.58,1,1.0
CUST16890,Nisha Mishra,84897.0,10362.29,1,4.0
CUST24394,Priya Reddy,84897.0,13344.643200000006,1,1.0
CUST23440,Anjali Mishra,84888.0,8226.99,1,4.0
CUST17594,Vikas Behera,84870.40000000001,9073.8,1,2.0
CUST11288,Suresh Jain,84868.0,15487.22,1,4.0
CUST24011,Vikas Kumar,84841.65,16189.24,1,3.0
CUST12976,Riya Patel,84835.8,13764.26,1,1.0
CUST20066,Swati Pradhan,84827.4,15021.4,1,3.0
CUST12419,Vikas Gupta,84817.59999999999,11212.28,1,2.0
CUST25849,Riya Singh,84809.34999999999,17497.9,1,1.0
CUST21117,Sanjay Mohanty,84800.0,9566.54,1,5.0
CUST21708,Shreya Panda,84790.05,9047.8,1,3.0
CUST23554,Rohit Gupta,84787.5,14933.36,1,5.0
CUST19955,Shreya Mehta,84722.40000000001,14142.95,1,2.0
CUST25270,Manish Verma,84717.8,9130.46,1,2.0
CUST23338,Shreya Patel,84709.3,7964.48,1,1.0
CUST24495,Rohit Reddy,84699.29999999999,11157.08,1,3.0
CUST18569,Ankit Pradhan,84690.90000000001,17754.29,1,3.0
CUST14101,Pooja Behera,84686.8,20466.6,1,2.0
CUST19435,Kavita Mishra,84679.2,17110.54,1,3.0
CUST26388,Sanjay Reddy,84677.3,14098.41,1,2.0
CUST11770,Rohit Mehta,84664.5,13747.05,1,2.0
CUST25605,Pooja Mohanty,84660.75,20704.7,1,3.0
CUST17795,Rahul Sharma,84659.20000000001,19361.88,1,2.0
CUST18494,Priya Mehta,84644.7,9602.5,1,3.0
CUST16504,Riya Mehta,84630.6,12562.11,1,2.0
CUST11514,Neha Rao,84614.95,9331.31,1,1.0
CUST25344,Rahul Nayak,84586.59999999999,16312.22,1,2.0
CUST23431,Vikas Pradhan,84574.0,10339.99,1,1.0
CUST23107,Nisha Rao,84566.25,12584.63,1,5.0
CUST22590,Neha Dutta,84555.0,4453.69,1,1.0
CUST26681,Riya Reddy,84550.2,7954.97,1,2.0
CUST26356,Raj Patel,84541.0,17981.5,1,1.0
CUST18740,Raj Sahu,84531.0,15392.81,1,5.0
CUST10961,Shreya Jain,84527.4,19088.15,1,2.0
CUST17323,Anjali Rao,84526.25,5605.14,1,5.0
CUST11706,Raj Reddy,84518.04,12900.92,1,4.0
CUST18769,Akash Yadav,84483.2,13758.79,1,2.0
CUST11522,Riya Singh,84471.15,15539.09,1,1.0
CUST12438,Neha Das,84430.8,9702.12,1,4.0
CUST25525,Anjali Mehta,84430.5,11503.31,1,5.0
CUST26570,Shreya Pradhan,84427.2,17773.5,1,4.0
CUST18916,Akash Rao,84399.3,15678.96,1,1.0
CUST23956,Arjun Kumar,84361.5,14215.38,1,3.0
CUST11245,Manish Singh,84336.15,14471.6,1,3.0
CUST24548,Akash Das,84314.25,13499.9,1,3.0
CUST27029,Abhishek Sahu,84275.09999999999,18612.94,1,3.0
CUST13366,Amit Verma,84272.0,4330.11,1,2.0
CUST12787,Manish Gupta,84268.5,20560.92,1,2.0
CUST26572,Sanjay Rao,84200.2,19538.45,1,2.0
CUST22865,Priya Patel,84198.79999999999,19750.88,1,4.0
CUST28075,Akash Nayak,84188.0,4518.13,1,4.0
CUST23418,Abhishek Sharma,84174.75,13578.97,1,5.0
CUST11528,Sanjay Singh,84155.4,5475.89,1,2.0
CUST13769,Suresh Pradhan,84155.0,5301.54,1,1.0
CUST23177,Shreya Jain,84139.5,7088.85,1,2.0
CUST21679,Vikas Singh,84137.25,9063.12,1,1.0
CUST10469,Abhishek Panda,84131.20000000001,8114.03,1,4.0
CUST16511,Rahul Sharma,84123.0,18484.96,1,2.0
CUST27647,Amit Mehta,84069.0,7478.2,1,2.0
CUST23583,Akash Jain,84068.4,15570.37,1,1.0
CUST15637,Rahul Patel,84066.3,7036.22,1,1.0
CUST27895,Swati Panda,84058.2,20974.13,1,1.0
CUST11819,Ankit Pradhan,84038.5,6759.56,1,5.0
CUST23513,Priya Panda,84014.40000000001,4145.5,1,3.0
CUST13269,Kavita Sharma,84014.0,5060.96,1,5.0
CUST10443,Neha Reddy,83983.20000000001,11587.26,1,3.0
CUST25622,Suresh Rao,83972.34999999999,15246.96,1,1.0
CUST14837,Raj Verma,83970.5,18146.83,1,1.0
CUST18575,Abhishek Verma,83968.95,11884.2,1,1.0
CUST10831,Priya Patel,83961.3,10727.76,1,2.0
CUST21044,Pooja Gupta,83930.40000000001,6601.12,1,3.0
CUST11309,Sanjay Sahu,83918.8,15438.26,1,1.0
CUST24683,Riya Sahu,83910.0,10551.89,1,2.0
CUST16983,Neha Pradhan,83904.0,11714.63,1,2.0
CUST10462,Amit Behera,83892.0,9688.2,1,3.0
CUST12041,Nisha Gupta,83874.0,7089.49,1,3.0
CUST16467,Karan Yadav,83865.6,18831.69,1,1.0
CUST20820,Sanjay Reddy,83865.59999999999,8404.06,1,2.0
CUST16846,Priya Sahu,83865.0,8233.52,1,4.0
CUST14322,Kavita Rao,83862.0,18726.34,1,4.0
CUST15715,Shreya Singh,83832.75,5976.3,1,1.0
CUST17716,Karan Kumar,83830.40000000001,10361.41,1,4.0
CUST18627,Rohit Reddy,83808.75,7034.11,1,5.0
CUST17074,Rahul Sharma,83784.3,13076.48,1,1.0
CUST28890,Deepak Jain,83770.05,17607.96,1,3.0
CUST22252,Rahul Mohanty,83754.0,17648.9,1,2.0
CUST14389,Kavita Dutta,83752.8,8756.06,1,3.0
CUST22890,Neha Jain,83643.0,7966.05,1,5.0
CUST17831,Vivek Mehta,83635.20000000001,4957.72,1,4.0
CUST21053,Priya Behera,83620.8,9782.9,1,2.0
CUST14949,Raj Mohanty,83616.0,18661.88,1,5.0
CUST14739,Pooja Mohanty,83610.79999999999,18285.35,1,2.0
CUST24937,Anjali Jain,83541.6,13397.99,1,2.0
CUST11321,Karan Gupta,83540.0,5436.03,1,1.0
CUST19932,Sneha Mehta,83535.45,13100.39,1,1.0
CUST18580,Riya Kumar,83528.0,13611.32,1,4.0
CUST18489,Sanjay Panda,83522.0,18034.18,1,1.0
CUST16426,Rohit Sharma,83507.20000000001,7124.8,1,4.0
CUST25176,Amit Mishra,83502.15,5704.12,1,3.0
CUST19745,Abhishek Yadav,83500.25,10654.87,1,5.0
CUST25864,Rahul Mohanty,83492.0,15297.21,1,4.0
CUST19087,Suresh Singh,83482.2,19096.79,1,1.0
CUST20172,Sneha Nayak,83442.3,16248.64,1,2.0
CUST10518,Abhishek Panda,83441.25,14421.76,1,5.0
CUST20193,Swati Rao,83432.8,16095.38,1,1.0
CUST19002,Priya Sharma,83420.4,5424.9,1,4.0
CUST24623,Arjun Dutta,83418.0,9953.41,1,1.0
CUST12501,Pooja Reddy,83375.1,14001.76,1,1.0
CUST18737,Rohit Behera,83362.9,5880.55,1,2.0
CUST27626,Sanjay Patel,83352.0,16161.91,1,1.0
CUST18420,Vivek Sahu,83327.40000000001,14373.62,1,2.0
CUST10862,Vikas Panda,83318.40000000001,18268.18,1,2.0
CUST20512,Nisha Reddy,83310.0,13512.06,1,4.0
CUST18666,Sneha Pradhan,83308.34999999999,17160.08,1,1.0
CUST16718,Sanjay Behera,83296.95,7059.29,1,3.0
CUST17429,Raj Sharma,83296.0,19055.14,1,1.0
CUST21602,Rahul Mohanty,83290.0,15449.13,1,5.0
CUST12416,Ankit Gupta,83274.15,18648.19,1,1.0
CUST12715,Sanjay Nayak,83260.9,10302.61,1,2.0
CUST28071,Ankit Rao,83258.0,9382.27,1,4.0
CUST24068,Manish Yadav,83248.8,8657.36,1,3.0
CUST21676,Sanjay Rao,83235.20000000001,10812.54,1,2.0
CUST20424,Nisha Singh,83223.0,14996.13,1,3.0
CUST20204,Sanjay Panda,83217.15,13439.32,1,1.0
CUST23609,Vikas Jain,83216.0,14697.71,1,4.0
CUST11846,Akash Kumar,83208.2,11959.28,1,1.0
CUST10971,Unknown,83205.90000000001,5930.39,1,1.0
CUST23831,Priya Reddy,83202.0,10969.3,1,2.0
CUST20547,Nisha Reddy,83190.0,20227.04,1,5.0
CUST23563,Ankit Yadav,83176.2,15399.68,1,1.0
CUST25813,Anjali Singh,83162.79999999999,5097.08,1,2.0
CUST27148,Nisha Das,83160.59999999999,20133.47,1,2.0
CUST11849,Priya Verma,83160.0,12006.79,1,2.0
CUST16228,Suresh Kumar,83156.40000000001,5207.26,1,2.0
CUST17342,Riya Mohanty,83151.59999999999,5108.89,1,4.0
CUST14467,Kavita Reddy,83151.0,4679.3,1,3.0
CUST14019,Amit Gupta,83150.0,10135.15,1,1.0
CUST11276,Deepak Panda,83147.40000000001,14996.47,1,2.0
CUST21415,Sanjay Rao,83106.0,6946.1,1,1.0
CUST18057,Rohit Panda,83087.0,15934.18,1,1.0
CUST21092,Priya Dutta,83085.8,19302.66,1,1.0
CUST15068,Ankit Sharma,83071.0,17461.56,1,1.0
CUST28706,Suresh Gupta,83052.65,20247.25,1,1.0
CUST24143,Amit Kumar,83052.0,6212.23,1,3.0
CUST22642,Riya Mehta,83039.5,6335.33,1,2.0
CUST25298,Ankit Kumar,83037.0,10792.39,1,1.0
CUST12349,Deepak Yadav,83016.7,19519.04,1,1.0
CUST19269,Nisha Pradhan,83004.2,17319.37,1,4.0
CUST26255,Vikas Gupta,82990.8,10681.94,1,2.0
CUST25542,Ankit Reddy,82969.5,19085.15,1,2.0
CUST14004,Neha Rao,82942.59999999999,7467.47,1,2.0
CUST14007,Sneha Yadav,82929.0,14140.08,1,5.0
CUST16459,Sneha Pradhan,82916.0,12465.64,1,2.0
CUST18110,Abhishek Sharma,82915.2,15073.21,1,4.0
CUST12183,Amit Rao,82911.6,7600.22,1,2.0
CUST22109,Riya Sharma,82904.40000000001,4757.43,1,2.0
CUST18876,Deepak Yadav,82893.2,5858.41,1,2.0
CUST28245,Sanjay Das,82871.25,20592.35,1,5.0
CUST20455,Deepak Behera,82857.6,7430.4,1,2.0
CUST22107,Nisha Panda,82857.0,16246.34,1,4.0
CUST27903,Swati Sahu,82845.0,18118.75,1,5.0
CUST24514,Manish Reddy,82834.3,7639.58,1,1.0
CUST21837,Riya Gupta,82821.2,20637.09,1,2.0
CUST11621,Anjali Gupta,82813.4,7891.46,1,2.0
CUST17768,Swati Verma,82805.02,4470.89,1,2.0
CUST19842,Akash Jain,82804.5,8973.14,1,2.0
CUST11903,Manish Singh,82803.0,17637.49,1,3.0
CUST28096,Rohit Rao,82774.8,10481.91,1,1.0
CUST20320,Abhishek Verma,82773.59999999999,17695.79,1,2.0
CUST15559,Anjali Jain,82764.0,17712.41,1,1.0
CUST26814,Sanjay Pradhan,82731.20000000001,11119.69,1,2.0
CUST16716,Arjun Yadav,82722.0,9928.53,1,3.0
CUST17787,Karan Mishra,82709.25,15964.58,1,1.0
CUST21875,Vivek Mohanty,82683.0,15158.08,1,3.0
CUST10670,Arjun Mishra,82682.9,16541.08,1,2.0
CUST16929,Rohit Jain,82652.8,10976.85,1,4.0
CUST23190,Pooja Mishra,82649.6,11746.82,1,4.0
CUST20102,Riya Rao,82590.15,16550.55,1,3.0
CUST26783,Akash Verma,82589.2,6428.35,1,1.0
CUST20244,Nisha Jain,82584.0,15742.57,1,3.0
CUST14662,Kavita Panda,82565.0,18019.08,1,5.0
CUST17915,Vikas Jain,82562.0,6011.74,1,1.0
CUST24410,Arjun Kumar,82543.59999999999,17299.06,1,2.0
CUST20242,Rahul Nayak,82537.6,11025.84,1,4.0
CUST17049,Karan Panda,82536.7,13813.93,1,1.0
CUST16895,Unknown,82530.0,15867.19,1,3.0
CUST25514,Riya Jain,82526.0,19052.01,1,2.0
CUST10854,Rohit Patel,82491.0,11404.05,1,1.0
CUST25885,Raj Patel,82485.0,20491.74,1,2.0
CUST24989,Rahul Reddy,82476.0,9228.94,1,5.0
CUST19054,Abhishek Pradhan,82473.3,14950.23,1,2.0
CUST25795,Ankit Jain,82464.9,10389.44,1,3.0
CUST22037,Amit Patel,82428.75,17538.1,1,5.0
CUST14251,Akash Sharma,82425.0,5223.32,1,2.0
CUST28628,Akash Verma,82406.7,17891.57,1,3.0
CUST23642,Suresh Gupta,82390.5,5965.73,1,3.0
CUST20346,Suresh Kumar,82374.0,18949.3,1,1.0
CUST28026,Suresh Das,82367.1,8604.83,1,1.0
CUST10580,Deepak Behera,82341.2,19826.72,1,1.0
CUST25617,Riya Patel,82329.3,5841.57,1,1.0
CUST27713,Priya Yadav,82308.0,10304.64,1,5.0
CUST26979,Akash Nayak,82285.0,17879.29,1,5.0
CUST24123,Suresh Nayak,82263.34999999999,17546.52,1,1.0
CUST25057,Suresh Mishra,82248.0,7811.35,1,5.0
CUST20697,Amit Sahu,82240.05,9391.59,1,3.0
CUST14232,Vivek Behera,82238.79999999999,4449.03,1,2.0
CUST26510,Nisha Jain,82212.0,20482.16,1,1.0
CUST27917,Karan Yadav,82210.3,5973.1,1,1.0
CUST13524,Sneha Singh,82205.0,12620.35,1,5.0
CUST28578,Riya Patel,82201.5,4407.02,1,3.0
CUST28278,Amit Singh,82154.79999999999,7940.26,1,4.0
CUST10770,Abhishek Dutta,82141.0,5033.3,1,1.0
CUST18192,Abhishek Patel,82133.2,5710.33,1,4.0
CUST23849,Abhishek Mehta,82130.0,17516.23,1,2.0
CUST15405,Suresh Yadav,82123.7,8284.79,1,2.0
CUST14244,Arjun Verma,82111.5,14236.71,1,2.0
CUST11656,Swati Rao,82076.0,18613.23,1,4.0
CUST20288,Vivek Verma,82071.0,13763.92,1,1.0
CUST12299,Nisha Pradhan,82063.79999999999,13559.68,1,2.0
CUST16930,Unknown,82043.1,17168.03,1,1.0
CUST27347,Kavita Patel,82028.4,8357.07,1,2.0
CUST23714,Vivek Rao,82020.0,13328.75,1,3.0
CUST21279,Suresh Dutta,82008.0,6028.05,1,4.0
CUST22878,Amit Yadav,82003.20000000001,11181.52,1,4.0
CUST10857,Karan Reddy,81981.0,7334.25,1,1.0
CUST17661,Sanjay Behera,81978.3,18210.48,1,1.0
CUST10564,Sneha Mohanty,81966.95,12765.65,1,1.0
CUST10385,Akash Das,81936.0,17550.38,1,4.0
CUST26473,Akash Behera,81931.8,10136.68,1,2.0
CUST13597,Amit Sharma,81915.0,17819.73,1,4.0
CUST20995,Deepak Jain,81910.25,12246.94,1,5.0
CUST23801,Suresh Patel,81902.0,18803.97,1,2.0
CUST13538,Nisha Patel,81901.5,9467.76463333331,1,2.0
CUST26010,Sanjay Pradhan,81896.25,18507.28,1,5.0
CUST12196,Rohit Jain,81895.8,15375.56,1,2.0
CUST20969,Karan Jain,81894.6,8428.43,1,1.0
CUST18995,Shreya Pradhan,81876.0,19435.97,1,3.0
CUST13728,Rohit Yadav,81851.20000000001,8939.53,1,2.0
CUST21380,Suresh Yadav,81848.0,16006.55,1,4.0
CUST15556,Amit Yadav,81846.5,7535.72,1,5.0
CUST24535,Riya Rao,81840.0,8057.87,1,5.0
CUST26575,Raj Pradhan,81836.25,7112.93,1,5.0
CUST14690,Sanjay Gupta,81836.0,7199.68,1,5.0
CUST22904,Sneha Gupta,81832.5,19507.4,1,1.0
CUST22697,Vikas Reddy,81821.59999999999,8893.53,1,4.0
CUST25478,Manish Panda,81814.0,7697.95,1,2.0
CUST20481,Akash Jain,81802.3,8197.9,1,2.0
CUST22422,Riya Jain,81777.6,8982.59,1,3.0
CUST24159,Unknown,81771.9,9795.28,1,3.0
CUST17505,Swati Sharma,81762.79999999999,13916.47,1,2.0
CUST13701,Nisha Kumar,81760.5,10978.08,1,2.0
CUST20291,Ankit Reddy,81754.0,16190.89,1,2.0
CUST22708,Rohit Patel,81741.6,11505.16,1,4.0
CUST28374,Pooja Mohanty,81719.0,9089.11,1,1.0
CUST27920,Riya Yadav,81698.40000000001,16489.63,1,3.0
CUST24684,Vikas Mishra,81697.0,10578.04,1,5.0
CUST26163,Rohit Verma,81692.79999999999,13889.08,1,4.0
CUST22846,Vivek Singh,81684.0,4334.2,1,3.0
CUST17405,Manish Sharma,81681.0,4398.94,1,4.0
CUST11690,Abhishek Sahu,81672.25,16390.8,1,1.0
CUST10599,Shreya Gupta,81671.0,14935.0,1,1.0
CUST13297,Abhishek Dutta,81658.2,11569.18,1,2.0
CUST14768,Riya Yadav,81643.5,12550.96,1,1.0
CUST15745,Nisha Mehta,81630.0,4736.99,1,5.0
CUST10921,Unknown,81616.0,11567.57,1,2.0
CUST13845,Karan Kumar,81611.59999999999,8071.19,1,4.0
CUST17870,Anjali Mehta,81605.0,15317.97,1,1.0
CUST16247,Deepak Rao,81600.0,8337.77,1,3.0
CUST21020,Swati Reddy,81595.0,19966.89,1,1.0
CUST25371,Nisha Patel,81593.2,10887.14,1,2.0
CUST27583,Swati Dutta,81585.0,9420.19,1,4.0
CUST17352,Suresh Rao,81548.59999999999,10864.99,1,2.0
CUST26674,Sneha Nayak,81526.15,4682.63,1,1.0
CUST19773,Rohit Nayak,81524.25,13213.78,1,5.0
CUST12615,Pooja Behera,81519.9,11156.29,1,3.0
CUST20893,Arjun Das,81508.0,7348.63,1,2.0
CUST25930,Rohit Verma,81490.0,13647.21,1,2.0
CUST19350,Riya Rao,81487.2,10112.63,1,1.0
CUST25858,Riya Gupta,81471.6,10731.92,1,1.0
CUST12457,Amit Gupta,81444.0,13410.53,1,2.0
CUST22006,Ankit Yadav,81413.09999999999,2547.16,1,3.0
CUST12345,Rahul Yadav,81396.8,9383.0,1,2.0
CUST21519,Pooja Verma,81396.0,13438.19,1,4.0
CUST26328,Raj Singh,81370.8,18784.73,1,4.0
CUST17339,Abhishek Gupta,81363.6,17657.8,1,4.0
CUST28867,Arjun Sahu,81355.2,14646.11,1,4.0
CUST28486,Shreya Yadav,81324.0,6771.86,1,1.0
CUST18830,Akash Reddy,81300.6,15308.28,1,2.0
CUST24665,Rohit Panda,81272.75,14466.64,1,1.0
CUST13173,Rahul Jain,81251.5,5043.3,1,5.0
CUST27310,Vikas Kumar,81249.0,19646.45,1,2.0
CUST19676,Karan Jain,81247.8,11962.41,1,3.0
CUST25555,Suresh Kumar,81232.59999999999,9635.94,1,4.0
CUST15951,Unknown,81203.40000000001,18698.17,1,2.0
CUST16253,Arjun Jain,81200.0,8514.49,1,5.0
CUST24239,Sneha Jain,81183.6,4388.96,1,4.0
CUST17693,Ankit Kumar,81159.75,15371.73,1,3.0
CUST13733,Kavita Panda,81157.5,8070.07,1,1.0
CUST18750,Priya Sharma,81154.5,8765.92,1,5.0
CUST26186,Rahul Jain,81148.0,6300.25,1,2.0
CUST18881,Abhishek Mohanty,81135.90000000001,8126.6,1,1.0
CUST11989,Suresh Kumar,81129.09999999999,8465.82,1,2.0
CUST22745,Swati Nayak,81126.2,5511.56,1,2.0
CUST11965,Shreya Das,81121.5,7954.87,1,3.0
CUST10722,Pooja Mehta,81097.6,10458.46,1,4.0
CUST22404,Shreya Das,81088.2,9903.92,1,1.0
CUST13268,Shreya Sharma,81087.3,19945.51,1,1.0
CUST17913,Neha Singh,81082.5,17131.88,1,5.0
CUST20804,Vivek Yadav,81059.4,8921.55,1,3.0
CUST17376,Swati Mohanty,81056.0,15506.53,1,5.0
CUST23875,Karan Patel,81041.0,18052.84,1,1.0
CUST28936,Ankit Pradhan,81040.5,18245.01,1,2.0
CUST28208,Rahul Dutta,81039.0,18279.99,1,5.0
CUST22707,Anjali Mohanty,81029.3,6520.89,1,2.0
CUST27395,Nisha Mehta,81029.2,16144.53,1,2.0
CUST24882,Anjali Dutta,80979.0,15932.23,1,3.0
CUST21258,Vikas Dutta,80973.0,9279.87,1,1.0
CUST10695,Arjun Sharma,80965.05,18004.69,1,1.0
CUST15238,Raj Reddy,80960.40000000001,19778.79,1,1.0
CUST12769,Akash Behera,80942.40000000001,13778.69,1,3.0
CUST24674,Ankit Kumar,80939.05,4736.0,1,1.0
CUST10703,Swati Mohanty,80881.5,5207.26,1,3.0
CUST19160,Pooja Das,80874.0,19789.49,1,4.0
CUST16033,Manish Mehta,80862.09999999999,18873.66,1,1.0
CUST21080,Akash Rao,80840.0,12584.38,1,5.0
CUST16773,Vivek Dutta,80838.0,7674.49,1,2.0
CUST19585,Anjali Panda,80831.79999999999,13747.26,1,2.0
CUST11546,Anjali Patel,80786.09999999999,11122.32,1,3.0
CUST25493,Rahul Mohanty,80767.0,15115.83,1,1.0
CUST21198,Manish Gupta,80763.2,17281.67,1,4.0
CUST16778,Arjun Kumar,80716.75,12476.62,1,5.0
CUST25377,Riya Patel,80692.5,12345.86,1,3.0
CUST14846,Kavita Jain,80690.40000000001,10634.65,1,1.0
CUST17916,Suresh Jain,80666.40000000001,11523.98,1,3.0
CUST22285,Swati Patel,80661.59999999999,9157.65,1,3.0
CUST19956,Shreya Verma,80617.59999999999,15135.61,1,2.0
CUST28741,Akash Gupta,80616.0,10724.53,1,2.0
CUST14581,Neha Panda,80615.25,12427.0,1,3.0
CUST27904,Neha Nayak,80610.59999999999,9841.49,1,3.0
CUST18286,Priya Verma,80600.4,12039.37,1,2.0
CUST16694,Nisha Gupta,80597.0,15088.15,1,1.0
CUST25815,Karan Mehta,80587.8,18895.34,1,2.0
CUST12589,Neha Sharma,80584.0,15117.43,1,5.0
CUST27095,Riya Gupta,80579.20000000001,6735.51,1,2.0
CUST10396,Vivek Reddy,80577.0,16154.04,1,2.0
CUST17335,Pooja Pradhan,80559.0,19936.5,1,3.0
CUST12202,Rohit Mohanty,80552.0,16372.02,1,5.0
CUST16763,Sneha Das,80549.0,17188.31,1,1.0
CUST16941,Neha Jain,80544.6,17293.3,1,1.0
CUST25831,Neha Behera,80544.0,10562.0,1,2.0
CUST15322,Rahul Mishra,80524.0,18161.01,1,1.0
CUST14287,Rahul Jain,80511.3,6114.72,1,3.0
CUST28216,Abhishek Sharma,80510.0,17886.86,1,2.0
CUST19033,Amit Dutta,80509.45,8327.53,1,1.0
CUST21942,Kavita Patel,80507.75,11771.97,1,1.0
CUST20124,Karan Gupta,80489.7,12557.82,1,3.0
CUST26616,Vikas Rao,80469.0,17132.71,1,3.0
CUST18691,Amit Patel,80458.5,18425.48,1,2.0
CUST19334,Raj Patel,80456.0,17139.22,1,1.0
CUST22385,Rahul Mohanty,80444.84999999999,4906.38,1,1.0
CUST24800,Rohit Jain,80434.65,10510.44,1,3.0
CUST18478,Raj Mishra,80434.2,14450.88,1,3.0
CUST27648,Ankit Gupta,80429.40000000001,5542.8,1,1.0
CUST19270,Suresh Rao,80409.6,16122.46,1,4.0
CUST22900,Vivek Singh,80408.0,8007.74,1,5.0
CUST26506,Anjali Kumar,80400.65,12479.99,1,1.0
CUST23493,Swati Das,80400.0,11952.06,1,4.0
CUST11624,Karan Kumar,80394.0,6883.86,1,2.0
CUST18161,Vikas Patel,80384.0,7648.59,1,4.0
CUST12945,Manish Gupta,80377.6,15736.2,1,4.0
CUST17127,Nisha Sahu,80357.3,18167.06,1,2.0
CUST18714,Sanjay Mohanty,80347.5,16308.83,1,2.0
CUST13723,Arjun Sahu,80347.2,16401.26,1,3.0
CUST24201,Kavita Sharma,80340.3,16990.3,1,1.0
CUST26781,Sneha Pradhan,80326.40000000001,4074.84,1,2.0
CUST26032,Vivek Pradhan,80319.0,6724.77,1,4.0
CUST27174,Sneha Mishra,80310.15,11769.65,1,3.0
CUST16217,Ankit Sahu,80301.0,8647.56,1,2.0
CUST11320,Arjun Gupta,80300.0,12367.64,1,5.0
CUST16079,Rahul Reddy,80289.0,11222.32,1,4.0
CUST25219,Kavita Das,80284.8,6930.63,1,2.0
CUST14445,Deepak Das,80275.0,10228.57,1,2.0
CUST16216,Amit Verma,80270.59999999999,5271.03,1,2.0
CUST21854,Shreya Yadav,80258.40000000001,16884.66,1,2.0
CUST16815,Deepak Yadav,80257.5,8727.1,1,1.0
CUST14047,Manish Sharma,80225.0,7700.35,1,5.0
CUST13261,Priya Mishra,80213.06969910437,2643.81,1,2.0
CUST11307,Abhishek Kumar,80213.06969910437,31139.28,1,2.0
CUST22592,Priya Mishra,80213.06969910437,17231.44,1,2.0
CUST20041,Arjun Jain,80210.0,12188.72,1,1.0
CUST25589,Pooja Rao,80179.65,11563.83,1,3.0
CUST18021,Rohit Patel,80156.25,23115.6,1,3.0
CUST17869,Karan Mehta,80128.0,18739.04,1,2.0
CUST14925,Swati Pradhan,80113.5,9217.8,1,3.0
CUST26960,Rohit Mehta,80104.5,8239.7,1,3.0
CUST24273,Rohit Kumar,80089.2,14759.78,1,4.0
CUST26916,Neha Yadav,80079.3,19175.55,1,1.0
CUST15387,Karan Singh,80074.55,9728.85,1,1.0
CUST27523,Manish Verma,80068.5,5375.27,1,1.0
CUST27423,Riya Kumar,80067.9,14557.98,1,1.0
CUST16364,Rahul Das,80066.95,4603.34,1,1.0
CUST13744,Manish Patel,80028.0,17996.71,1,3.0
CUST20073,Manish Nayak,80005.0,11436.47,1,1.0
CUST22776,Amit Sharma,80004.0,12865.56,1,5.0
CUST21836,Deepak Behera,79982.4,13545.41,1,2.0
CUST26139,Manish Reddy,79981.2,15741.31,1,2.0
CUST15063,Vikas Panda,79940.0,17647.3,1,1.0
CUST14355,Shreya Patel,79930.59999999999,13112.57,1,1.0
CUST14677,Abhishek Mehta,79923.20000000001,15009.04,1,2.0
CUST24551,Raj Mishra,79913.59999999999,4037.38,1,2.0
CUST11448,Rohit Verma,79908.0,6982.51,1,3.0
CUST19555,Ankit Nayak,79906.0,16506.14,1,2.0
CUST23132,Neha Kumar,79896.0,12096.27,1,4.0
CUST16104,Vikas Panda,79893.90000000001,15181.74,1,1.0
CUST17845,Suresh Jain,79875.0,8069.69,1,2.0
CUST21881,Sanjay Mehta,79870.0,15486.21,1,2.0
CUST28864,Suresh Pradhan,79842.0,15939.01,1,3.0
CUST11646,Amit Nayak,79834.5,4704.81,1,2.0
CUST28357,Deepak Das,79830.3,19010.59,1,1.0
CUST20767,Karan Reddy,79806.0,19125.72,1,2.0
CUST17002,Akash Pradhan,79797.6,19450.88,1,4.0
CUST18207,Akash Sharma,79797.15,12595.26,1,3.0
CUST14900,Kavita Mishra,79784.0,11190.13,1,1.0
CUST19522,Nisha Nayak,79781.0,10388.4,1,5.0
CUST25309,Rohit Nayak,79777.5,16102.52,1,2.0
CUST13952,Suresh Mohanty,79771.20000000001,10215.64,1,2.0
CUST19360,Arjun Nayak,79758.40000000001,17788.07,1,2.0
CUST12186,Akash Dutta,79747.2,5666.91,1,3.0
CUST28705,Deepak Sahu,79740.2,7140.89,1,4.0
CUST27007,Pooja Nayak,79730.0,12272.19,1,2.0
CUST18007,Raj Nayak,79730.0,8939.12,1,2.0
CUST12677,Ankit Gupta,79728.0,13633.58,1,4.0
CUST16081,Amit Nayak,79724.25,11012.54,1,3.0
CUST14898,Sanjay Yadav,79710.4,18194.73,1,2.0
CUST15524,Karan Panda,79691.75,10625.09,1,1.0
CUST14712,Nisha Patel,79670.40000000001,5267.69,1,2.0
CUST17877,Rohit Singh,79667.1,17610.2,1,1.0
CUST14708,Priya Singh,79660.8,5705.86,1,1.0
CUST17696,Karan Gupta,79654.45999999999,17184.73,1,2.0
CUST19098,Akash Mehta,79653.5,13876.09,1,1.0
CUST28220,Deepak Verma,79625.6,6521.89,1,1.0
CUST23208,Raj Pradhan,79596.7,15267.9,1,2.0
CUST21246,Shreya Rao,79590.0,10800.77,1,4.0
CUST24785,Nisha Sharma,79586.40000000001,7027.32,1,1.0
CUST22960,Suresh Mohanty,79585.2,16494.09,1,2.0
CUST24863,Pooja Sahu,79555.20000000001,18550.98,1,3.0
CUST22997,Arjun Jain,79548.0,13024.58,1,5.0
CUST15549,Rahul Behera,79538.40000000001,15526.25,1,1.0
CUST13934,Amit Verma,79519.5,5846.43,1,1.0
CUST24324,Shreya Rao,79515.8,19661.2,1,1.0
CUST11345,Pooja Singh,79477.6,14066.76,1,1.0
CUST18913,Neha Panda,79472.25,4375.26,1,1.0
CUST16671,Vikas Jain,79449.6,9007.25,1,3.0
CUST24268,Nisha Jain,79432.5,8733.85,1,2.0
CUST10577,Sanjay Jain,79427.59999999999,14883.8,1,4.0
CUST19873,Abhishek Yadav,79406.59999999999,14924.85,1,2.0
CUST22659,Neha Mohanty,79401.9,19780.87,1,3.0
CUST19886,Suresh Jain,79389.90000000001,16625.38,1,1.0
CUST18845,Manish Behera,79386.59999999999,19727.95,1,2.0
CUST18133,Akash Yadav,79380.0,9003.4,1,1.0
CUST23134,Nisha Kumar,79369.2,12602.38,1,1.0
CUST19888,Nisha Verma,79367.40000000001,8940.79,1,1.0
CUST17144,Swati Behera,79364.8,18936.77,1,1.0
CUST21607,Priya Mohanty,79352.1,15097.86,1,1.0
CUST28688,Pooja Patel,79345.6,12093.37,1,1.0
CUST16073,Sneha Nayak,79264.0,10220.55,1,4.0
CUST25748,Priya Singh,79257.6,9090.46,1,2.0
CUST15891,Arjun Singh,79256.7,16486.39,1,1.0
CUST25443,Nisha Patel,79254.0,15331.72,1,3.0
CUST24533,Swati Mishra,79252.3,11841.63,1,1.0
CUST12718,Amit Nayak,79251.2,6454.71,1,2.0
CUST23542,Karan Sharma,79250.40000000001,17924.4,1,1.0
CUST26343,Suresh Verma,79249.95,8048.42,1,3.0
CUST15793,Akash Dutta,79221.0,16728.25,1,4.0
CUST23065,Deepak Dutta,79128.8,4652.16,1,1.0
CUST23051,Neha Gupta,79118.40000000001,7557.15,1,3.0
CUST22825,Riya Jain,79101.6,6905.73,1,1.0
CUST18709,Karan Jain,79098.9,15929.56,1,1.0
CUST21590,Riya Panda,79087.5,11381.31,1,3.0
CUST20356,Riya Kumar,79079.40000000001,14169.54,1,1.0
CUST11874,Vivek Singh,79067.20000000001,11534.51,1,2.0
CUST23530,Akash Mohanty,79056.8,11501.651300000001,1,2.0
CUST26249,Deepak Jain,79050.45,18105.57,1,3.0
CUST22064,Suresh Panda,79046.79999999999,4476.66,1,2.0
CUST18516,Ankit Dutta,79019.4,18292.91,1,1.0
CUST23280,Shreya Patel,78994.0,19244.58,1,2.0
CUST10934,Pooja Dutta,78990.75,10302.47,1,3.0
CUST25081,Rahul Das,78978.9,4534.97,1,3.0
CUST23619,Kavita Das,78977.75,18778.63,1,1.0
CUST14235,Ankit Reddy,78976.0,7208.65,1,4.0
CUST14994,Arjun Behera,78937.4,19420.99,1,2.0
CUST14279,Shreya Singh,78934.79999999999,10167.08,1,3.0
CUST28805,Sneha Rao,78905.6,15518.53,1,1.0
CUST27722,Arjun Gupta,78885.0,19041.39,1,1.0
CUST24837,Kavita Pradhan,78880.5,17583.87,1,2.0
CUST17566,Nisha Gupta,78877.55,10557.96,1,1.0
CUST18038,Amit Yadav,78867.0,13631.25,1,2.0
CUST19207,Abhishek Jain,78860.59999999999,9275.61,1,2.0
CUST16513,Sneha Panda,78849.0,8909.81,1,1.0
CUST28975,Suresh Singh,78819.20000000001,5629.78,1,2.0
CUST13870,Kavita Kumar,78813.0,18813.54,1,3.0
CUST13928,Sanjay Mehta,78803.45,8580.1,1,1.0
CUST15483,Rohit Kumar,78800.0,12251.55,1,1.0
CUST12525,Nisha Mishra,78796.8,4033.99,1,3.0
CUST26812,Manish Sahu,78767.5,19436.31,1,5.0
CUST10142,Sanjay Pradhan,78754.2,8003.53,1,1.0
CUST19392,Vivek Singh,78749.09999999999,13269.88,1,1.0
CUST24512,Riya Behera,78748.25,6515.72,1,5.0
CUST21205,Vivek Mehta,78732.0,13429.24,1,5.0
CUST20860,Ankit Pradhan,78729.55,16755.18,1,1.0
CUST22998,Deepak Rao,78698.0,11471.65,1,5.0
CUST18647,Manish Nayak,78664.75,6190.82,1,5.0
CUST13963,Suresh Sahu,78652.0,8177.13,1,1.0
CUST22605,Deepak Jain,78651.0,5879.29,1,3.0
CUST11122,Rohit Verma,78648.5,8599.7,1,5.0
CUST13081,Manish Gupta,78642.0,17865.82,1,2.0
CUST21194,Raj Singh,78615.0,9239.27,1,5.0
CUST20572,Raj Singh,78597.0,5475.07,1,5.0
CUST17844,Amit Jain,78591.2,14669.85,1,1.0
CUST12811,Nisha Patel,78576.0,23825.82,1,3.0
CUST25889,Amit Sharma,78574.5,4300.49,1,2.0
CUST21324,Abhishek Verma,78570.0,16255.83,1,2.0
CUST18174,Rahul Kumar,78568.9,6836.92,1,2.0
CUST16903,Akash Nayak,78568.2,8673.8,1,2.0
CUST15059,Ankit Behera,78560.0,15789.08,1,4.0
CUST15792,Vikas Reddy,78556.0,6011.88,1,2.0
CUST17612,Sanjay Sahu,78553.0,12560.7,1,1.0
CUST23870,Neha Nayak,78522.5,4700.5,1,5.0
CUST13492,Abhishek Kumar,78521.3,5831.18,1,2.0
CUST19412,Vikas Panda,78520.0,4312.72,1,1.0
CUST24364,Vivek Reddy,78499.2,5226.67,1,1.0
CUST18897,Raj Reddy,78477.59999999999,7388.11,1,4.0
CUST14634,Neha Jain,78474.55,17390.79,1,1.0
CUST25681,Neha Behera,78472.0,12289.56,1,1.0
CUST25149,Kavita Sahu,78460.0,6734.45,1,2.0
CUST25903,Priya Patel,78453.0,4837.45,1,1.0
CUST20740,Ankit Patel,78450.0,17198.91,1,1.0
CUST13539,Akash Singh,78410.8,10321.43,1,4.0
CUST17907,Rohit Gupta,78394.40000000001,13918.82,1,1.0
CUST15565,Suresh Mishra,78391.5,5392.51,1,2.0
CUST22405,Abhishek Mohanty,78351.3,14199.71,1,3.0
CUST27894,Kavita Panda,78348.75,15722.58,1,3.0
CUST16182,Priya Patel,78348.0,4510.07,1,2.0
CUST28663,Rahul Pradhan,78326.55,4515.44,1,3.0
CUST21012,Priya Pradhan,78324.09999999999,12660.91,1,1.0
CUST25474,Nisha Mishra,78285.9,19218.84,1,3.0
CUST10164,Sanjay Kumar,78280.8,15148.87,1,3.0
CUST15943,Vivek Verma,78257.2,14544.64,1,2.0
CUST22554,Anjali Sharma,78244.0,15181.71,1,1.0
CUST10788,Priya Mohanty,78238.0,6126.37,1,2.0
CUST21835,Pooja Behera,78222.0,6205.49,1,1.0
CUST18946,Deepak Nayak,78204.0,17179.21,1,2.0
CUST25155,Neha Singh,78186.6,10931.53,1,3.0
CUST23504,Deepak Gupta,78153.59999999999,12518.78,1,2.0
CUST15622,Raj Sahu,78142.5,7782.02,1,3.0
CUST19439,Ankit Pradhan,78135.59999999999,6258.59,1,3.0
CUST10022,Amit Patel,78125.2,9632.35,1,1.0
CUST17565,Karan Panda,78104.25,3922.73,1,1.0
CUST24172,Rohit Kumar,78099.0,12454.79,1,4.0
CUST17153,Sneha Patel,78095.7,11849.94,1,3.0
CUST28274,Arjun Sharma,78086.0,4990.01,1,1.0
CUST10377,Karan Panda,78067.8,9291.38,1,1.0
CUST11790,Rohit Mehta,78061.2,5098.47,1,2.0
CUST15619,Kavita Gupta,78054.9,17275.96,1,3.0
CUST21941,Arjun Dutta,78052.0,12716.54,1,2.0
CUST16756,Kavita Rao,78049.8,16269.17,1,2.0
CUST20302,Raj Dutta,78046.15,11964.74,1,1.0
CUST19818,Nisha Gupta,78039.90000000001,7932.87,1,1.0
CUST12355,Akash Sahu,77998.8,17389.45,1,4.0
CUST17700,Rahul Panda,77976.0,19243.01,1,1.0
CUST24545,Arjun Gupta,77952.0,13755.89,1,1.0
CUST24114,Akash Yadav,77940.79999999999,12373.6,1,4.0
CUST26642,Deepak Behera,77925.65,10372.2,1,1.0
CUST23758,Shreya Mohanty,77895.0,6378.7,1,5.0
CUST10578,Vivek Nayak,77894.3,11884.11,1,1.0
CUST18603,Amit Mishra,77888.0,8643.12,1,1.0
CUST24283,Swati Yadav,77874.40000000001,15693.53,1,1.0
CUST15850,Ankit Dutta,77871.2,6388.53,1,1.0
CUST14479,Deepak Patel,77865.9,8846.77,1,3.0
CUST28544,Abhishek Patel,77865.09999999999,11721.01,1,2.0
CUST27724,Suresh Verma,77847.0,13226.17,1,5.0
CUST22343,Rohit Mohanty,77793.59999999999,8026.35,1,4.0
CUST25725,Rohit Nayak,77745.0,15452.61,1,5.0
CUST27303,Arjun Rao,77737.79999999999,18285.25,1,3.0
CUST11430,Kavita Reddy,77721.0,8330.57,1,3.0
CUST13255,Nisha Mohanty,77698.8,16655.66,1,4.0
CUST13393,Arjun Verma,77697.9,11608.85,1,3.0
CUST27355,Rahul Mishra,77690.05,5226.22,1,1.0
CUST18954,Raj Dutta,77683.5,18424.08,1,1.0
CUST27581,Rohit Yadav,77673.0,4463.89,1,1.0
CUST25757,Karan Patel,77649.3,18750.23,1,3.0
CUST21921,Neha Verma,77641.2,11354.7,1,4.0
CUST12785,Amit Mohanty,77582.4,17591.42,1,3.0
CUST20303,Deepak Jain,77564.65,7796.16,1,1.0
CUST10785,Vivek Reddy,77561.0,4365.85,1,1.0
CUST19227,Raj Das,77539.5,8718.3,1,5.0
CUST13721,Rahul Pradhan,77537.0,14389.05,1,4.0
CUST17685,Sanjay Pradhan,77528.0,17085.63,1,4.0
CUST27272,Shreya Gupta,77518.0,14893.4,1,1.0
CUST14824,Manish Kumar,77510.7,17062.17,1,1.0
CUST26084,Riya Yadav,77504.0,15463.39,1,4.0
CUST28139,Raj Pradhan,77503.0,19184.67,1,1.0
CUST23166,Neha Patel,77490.0,5568.56,1,4.0
CUST21410,Kavita Panda,77486.40000000001,10897.25,1,2.0
CUST17356,Rahul Mishra,77481.59999999999,6654.54,1,4.0
CUST13521,Raj Singh,77472.8,9359.17,1,1.0
CUST24591,Ankit Gupta,77455.0,16684.44,1,5.0
CUST27823,Neha Panda,77445.77,8486.38,1,1.0
CUST22534,Anjali Mehta,77432.40000000001,8677.7,1,2.0
CUST15567,Riya Das,77424.8,16472.38,1,1.0
CUST25375,Akash Verma,77418.0,10747.6,1,3.0
CUST26467,Priya Verma,77405.25,10129.46,1,5.0
CUST10668,Swati Reddy,77400.90000000001,18207.68,1,1.0
CUST26596,Anjali Pradhan,77394.2,6345.51,1,2.0
CUST15722,Karan Das,77392.5,3916.27,1,3.0
CUST24367,Pooja Panda,77391.0,9988.95,1,3.0
CUST15847,Arjun Sahu,77382.3,13874.82,1,1.0
CUST12822,Rahul Reddy,77382.0,13554.67,1,5.0
CUST28175,Akash Singh,77379.2,8213.85,1,4.0
CUST27057,Abhishek Rao,77359.34999999999,14529.69,1,1.0
CUST23760,Swati Panda,77339.8,4314.99,1,1.0
CUST24852,Vikas Yadav,77323.5,12450.38,1,2.0
CUST20002,Karan Kumar,77315.0,5595.45,1,5.0
CUST22484,Suresh Dutta,77300.0,4107.46,1,1.0
CUST10666,Swati Verma,77288.40000000001,11724.33,1,2.0
CUST27224,Shreya Reddy,77280.0,13206.24,1,3.0
CUST16241,Pooja Dutta,77236.8,8430.07,1,2.0
CUST15753,Akash Nayak,77233.5,17607.04,1,5.0
CUST10237,Riya Nayak,77230.40000000001,10635.22,1,1.0
CUST10245,Suresh Mohanty,77212.79999999999,12238.76,1,3.0
CUST17279,Ankit Dutta,77204.59999999999,18200.65,1,2.0
CUST15886,Amit Pradhan,77201.6,17208.46,1,1.0
CUST17331,Neha Dutta,77194.40000000001,18912.38,1,1.0
CUST23569,Vikas Mohanty,77192.25,15385.79,1,1.0
CUST19731,Arjun Mehta,77178.0,13640.57,1,2.0
CUST26958,Sneha Reddy,77174.0,15938.64,1,1.0
CUST17498,Suresh Reddy,77173.2,19238.74,1,1.0
CUST23841,Riya Mehta,77169.45,18320.37,1,1.0
CUST28693,Swati Pradhan,77161.5,16865.71,1,3.0
CUST21960,Amit Yadav,77133.0,6000.92,1,5.0
CUST18056,Priya Rao,77129.0,16254.74,1,4.0
CUST13478,Anjali Nayak,77108.59999999999,17084.17,1,4.0
CUST24711,Shreya Patel,77106.0,16378.8,1,2.0
CUST23017,Priya Panda,77106.0,4693.78,1,3.0
CUST19447,Rahul Das,77098.5,5453.94,1,3.0
CUST14070,Suresh Verma,77094.0,12166.39,1,1.0
CUST25893,Raj Jain,77093.1,12221.66,1,3.0
CUST21342,Neha Reddy,77070.0,7247.82,1,5.0
CUST14757,Manish Reddy,77069.7,9272.72,1,1.0
CUST26237,Unknown,77069.25,11953.6,1,3.0
CUST17467,Riya Pradhan,77064.0,5452.21,1,3.0
CUST23689,Swati Mehta,77060.15,10244.51,1,1.0
CUST27039,Akash Patel,77056.4,17165.35,1,4.0
CUST27291,Abhishek Verma,77034.0,9917.3,1,1.0
CUST15613,Vikas Jain,77026.95,14614.85,1,1.0
CUST20923,Amit Mehta,77017.5,17113.34,1,3.0
CUST20414,Akash Pradhan,77007.45,10596.09,1,3.0
CUST23692,Manish Nayak,76992.75,11654.52,1,5.0
CUST11010,Akash Mohanty,76989.59999999999,12687.29,1,2.0
CUST24565,Sneha Sahu,76988.75,14695.15,1,5.0
CUST23198,Deepak Patel,76988.0,13745.23,1,1.0
CUST13298,Kavita Sahu,76986.0,11661.33,1,4.0
CUST23723,Swati Das,76930.0,16797.52,1,2.0
CUST26023,Ankit Singh,76875.0,18622.88,1,1.0
CUST24641,Neha Patel,76871.7,15769.03,1,3.0
CUST10340,Nisha Gupta,76871.25,16793.69,1,3.0
CUST14582,Sneha Verma,76803.0,6971.12,1,1.0
CUST27249,Vivek Sharma,76798.0,11464.87,1,5.0
CUST24511,Sneha Yadav,76778.0,9122.5,1,1.0
CUST27236,Manish Rao,76760.0,15705.03,1,5.0
CUST24910,Nisha Behera,76756.8,12356.13,1,2.0
CUST25973,Anjali Das,76756.7,14787.57,1,1.0
CUST23658,Arjun Verma,76755.0,4177.2,1,5.0
CUST14958,Neha Patel,76752.0,17970.22,1,1.0
CUST28252,Raj Mehta,76750.79999999999,9723.24,1,3.0
CUST11173,Rahul Nayak,76744.8,14339.44,1,1.0
CUST14265,Sanjay Jain,76727.7,13234.86,1,1.0
CUST19602,Amit Mishra,76711.65,12065.19,1,3.0
CUST11038,Kavita Reddy,76705.5,13745.08,1,2.0
CUST25788,Shreya Patel,76689.7,11518.65,1,1.0
CUST26231,Rohit Panda,76673.0,10229.43,1,1.0
CUST20261,Rahul Gupta,76670.0,14977.22,1,4.0
CUST13578,Arjun Mishra,76648.0,10381.34,1,1.0
CUST28637,Sanjay Verma,76634.59999999999,10162.84,1,2.0
CUST17578,Vivek Patel,76633.2,13967.79,1,3.0
CUST21094,Deepak Pradhan,76627.2,5209.06,1,4.0
CUST15968,Raj Panda,76627.2,3957.48,1,3.0
CUST10717,Karan Behera,76616.1,5108.44,1,1.0
CUST21949,Swati Mohanty,76611.2,13824.25,1,1.0
CUST24728,Priya Reddy,76608.0,6256.01,1,4.0
CUST27507,Priya Patel,76587.09999999999,5436.99,1,2.0
CUST14547,Abhishek Kumar,76572.8,9309.06,1,1.0
CUST27162,Riya Panda,76572.0,6057.56,1,3.0
CUST21105,Sanjay Sahu,76556.0,5260.85,1,4.0
CUST13250,Neha Singh,76555.8,4619.83,1,3.0
CUST20168,Raj Mehta,76541.40000000001,17101.99,1,2.0
CUST26619,Kavita Mishra,76530.40000000001,17370.12,1,1.0
CUST20033,Akash Kumar,76523.40000000001,11094.71,1,3.0
CUST18806,Akash Gupta,76520.0,15886.66,1,1.0
CUST15346,Rohit Gupta,76514.45,10724.86,1,1.0
CUST25274,Raj Mohanty,76503.0,10913.43,1,1.0
CUST14095,Arjun Panda,76450.5,17085.13,1,1.0
CUST14426,Karan Mishra,76437.0,16505.24,1,4.0
CUST24745,Ankit Nayak,76433.2,7147.33,1,4.0
CUST10716,Nisha Yadav,76421.8,11044.11,1,1.0
CUST22388,Nisha Kumar,76410.0,12677.68,1,5.0
CUST23947,Swati Verma,76377.15,12603.05,1,1.0
CUST19610,Swati Patel,76377.0,15518.29,1,2.0
CUST17763,Kavita Mohanty,76367.25,12435.05,1,3.0
CUST15923,Amit Verma,76356.0,18225.08,1,5.0
CUST25237,Suresh Gupta,76347.59999999999,8595.1,1,3.0
CUST20771,Vivek Mohanty,76339.2,15171.61,1,1.0
CUST16406,Raj Patel,76336.0,5168.18,1,1.0
CUST27376,Abhishek Gupta,76329.15,13087.39,1,1.0
CUST11735,Arjun Verma,76329.15,13919.83,1,1.0
CUST13426,Karan Jain,76305.6,12278.61,1,2.0
CUST27929,Shreya Verma,76299.4,17166.63,1,2.0
CUST26006,Nisha Behera,76290.0,6056.1,1,2.0
CUST10143,Rahul Rao,76268.25,8860.68,1,3.0
CUST22204,Shreya Das,76263.59999999999,3879.38,1,3.0
CUST21377,Riya Mehta,76248.9,5706.81,1,3.0
CUST12224,Rohit Dutta,76210.0,5051.08,1,1.0
CUST22598,Priya Sahu,76205.0,15110.88,1,1.0
CUST26449,Arjun Sharma,76198.5,7410.64,1,5.0
CUST14237,Akash Nayak,76180.5,16655.43,1,5.0
CUST24129,Rahul Kumar,76162.5,10238.04,1,1.0
CUST12099,Amit Yadav,76144.8,9686.65,1,3.0
CUST11766,Shreya Panda,76111.2,10034.34,1,4.0
CUST24527,Sanjay Singh,76106.0,10473.74,1,1.0
CUST13888,Kavita Patel,76103.1,6665.99,1,1.0
CUST21796,Swati Sahu,76102.40000000001,16216.61,1,2.0
CUST10686,Raj Yadav,76088.0,9988.93,1,4.0
CUST25721,Amit Patel,76073.6,18792.22,1,1.0
CUST24517,Rahul Jain,76068.0,14131.59,1,3.0
CUST15388,Riya Mohanty,76063.5,8067.82,1,3.0
CUST28763,Shreya Mohanty,76056.0,10649.34,1,3.0
CUST19214,Vivek Mohanty,76054.15,9468.72,1,1.0
CUST18409,Vikas Singh,76052.25,24162.51,1,3.0
CUST28556,Vikas Rao,76035.6,9863.1,1,2.0
CUST18178,Sanjay Behera,76026.59999999999,5821.45,1,3.0
CUST25235,Vivek Reddy,76020.0,9400.97,1,5.0
CUST21869,Neha Panda,76020.0,8549.85,1,4.0
CUST13137,Sneha Singh,76004.1,14930.11,1,1.0
CUST12058,Karan Reddy,75999.6,15286.68,1,1.0
CUST16673,Karan Mohanty,75990.40000000001,14639.24,1,4.0
CUST23891,Nisha Mohanty,75988.8,4636.41,1,3.0
CUST27772,Riya Sharma,75987.0,6592.89,1,2.0
CUST11450,Sneha Singh,75982.40000000001,11305.01,1,1.0
CUST17792,Shreya Nayak,75978.0,15817.97,1,3.0
CUST25801,Vikas Reddy,75972.45,8812.29,1,1.0
CUST22629,Vikas Sahu,75969.59999999999,17557.29,1,4.0
CUST12506,Sanjay Sharma,75951.0,4641.71,1,3.0
CUST10632,Shreya Sharma,75946.65,6800.12,1,3.0
CUST19177,Suresh Behera,75944.0,9920.53,1,2.0
CUST11509,Arjun Mehta,75941.09999999999,12498.18,1,2.0
CUST25467,Amit Mishra,75932.2,18078.77,1,2.0
CUST22530,Riya Reddy,75931.2,4404.09,1,4.0
CUST16973,Amit Pradhan,75923.2,8557.02,1,1.0
CUST22258,Sneha Singh,75922.84999999999,4908.15,1,1.0
CUST25398,Anjali Nayak,75921.3,21364.86,1,3.0
CUST19949,Shreya Mohanty,75881.25,10466.05,1,3.0
CUST12657,Suresh Singh,75861.0,14530.86,1,4.0
CUST24915,Kavita Panda,75833.1,5421.04,1,1.0
CUST28533,Unknown,75828.5,11530.43,1,1.0
CUST16727,Suresh Reddy,75812.79999999999,7065.56,1,4.0
CUST19662,Vivek Jain,75807.2,17136.59,1,2.0
CUST26303,Amit Panda,75796.5,9177.86,1,2.0
CUST28498,Neha Das,75789.4,8543.5,1,1.0
CUST21802,Riya Mishra,75774.6,4634.8,1,2.0
CUST27107,Pooja Mehta,75732.0,11534.82,1,5.0
CUST22171,Shreya Sharma,75721.79999999999,10221.98,1,3.0
CUST11983,Raj Sharma,75703.59999999999,14920.53,1,2.0
CUST28299,Pooja Das,75676.05,18005.27,1,3.0
CUST11763,Manish Yadav,75672.0,5324.85,1,3.0
CUST10941,Sneha Yadav,75666.0,5507.66,1,1.0
CUST26230,Pooja Behera,75652.0,17810.48,1,4.0
CUST10531,Swati Yadav,75631.4,15910.43,1,4.0
CUST10084,Vikas Sharma,75560.0,6884.72,1,1.0
CUST28775,Amit Panda,75558.40000000001,15014.49,1,2.0
CUST11981,Vikas Panda,75536.09999999999,15961.48,1,1.0
CUST14443,Swati Mohanty,75532.5,6979.27,1,1.0
CUST28375,Manish Singh,75517.2,17197.0,1,2.0
CUST18435,Arjun Das,75516.0,7464.49,1,3.0
CUST15656,Suresh Reddy,75508.0,16301.76,1,1.0
CUST10982,Shreya Singh,75496.5,14933.09,1,2.0
CUST15313,Akash Das,75494.7,12378.19,1,3.0
CUST18615,Shreya Jain,75494.40000000001,10245.24,1,1.0
CUST21350,Nisha Kumar,75480.0,14431.67,1,4.0
CUST21463,Arjun Sharma,75476.09999999999,18348.42,1,3.0
CUST22283,Priya Rao,75460.45,13768.44,1,1.0
CUST21250,Sneha Behera,75448.5,7717.35,1,2.0
CUST21604,Arjun Behera,75417.0,8614.51,1,2.0
CUST19281,Unknown,75355.2,4451.89,1,3.0
CUST12137,Vivek Yadav,75355.2,8732.55,1,3.0
CUST22089,Sneha Dutta,75331.2,11605.97,1,2.0
CUST17630,Deepak Jain,75323.59999999999,9665.86,1,4.0
CUST17234,Rahul Kumar,75301.6,11386.39,1,1.0
CUST11052,Amit Nayak,75296.0,17712.75,1,1.0
CUST28573,Manish Patel,75294.0,4527.98,1,1.0
CUST26165,Rohit Pradhan,75293.2,14443.89,1,1.0
CUST10305,Pooja Sharma,75290.40000000001,15542.52,1,2.0
CUST24171,Amit Behera,75288.45,5422.96,1,1.0
CUST28030,Kavita Behera,75280.79999999999,13713.28,1,2.0
CUST24740,Swati Yadav,75276.0,16818.31,1,1.0
CUST22184,Sanjay Mehta,75270.6,12448.97,1,1.0
CUST18912,Nisha Patel,75268.5,6759.35,1,2.0
CUST21253,Riya Kumar,75266.40000000001,10396.92,1,3.0
CUST20805,Abhishek Nayak,75259.8,13485.55,1,3.0
CUST13011,Karan Das,75232.5,15150.02,1,2.0
CUST10070,Deepak Panda,75222.40000000001,15337.74,1,2.0
CUST21485,Rohit Singh,75220.8,13934.79,1,1.0
CUST18832,Anjali Sahu,75219.09999999999,14912.79,1,2.0
CUST19824,Anjali Das,75206.25,11675.55,1,5.0
CUST22950,Ankit Sahu,75199.75284291034,14980.09,1,2.0
CUST28675,Suresh Mishra,75199.75284291034,3336.21,1,2.0
CUST28081,Ankit Rao,75199.75284291034,4781.59,1,2.0
CUST20725,Deepak Pradhan,75199.75284291034,10432.4,1,2.0
CUST24318,Arjun Yadav,75199.75284291034,3266.89,1,2.0
CUST23851,Vivek Sharma,75197.8,17887.31,1,1.0
CUST10329,Riya Mehta,75137.6,9934.6,1,1.0
CUST26621,Amit Yadav,75134.55,21312.8,1,3.0
CUST14716,Riya Gupta,75123.0,7204.62,1,5.0
CUST28834,Karan Mohanty,75118.4,8897.18,1,1.0
CUST21828,Vivek Das,75106.84999999999,5222.03,1,1.0
CUST13396,Vivek Patel,75103.2,15068.71,1,3.0
CUST14100,Sneha Jain,75101.0,8233.68,1,1.0
CUST15258,Anjali Das,75085.2,7433.0,1,4.0
CUST14873,Kavita Dutta,75084.75,12042.82,1,1.0
CUST26679,Vivek Reddy,75077.95,4539.72,1,1.0
CUST10037,Anjali Kumar,75073.75,8868.08,1,5.0
CUST21476,Sneha Nayak,75066.15,5147.61,1,1.0
CUST23265,Kavita Jain,75043.09999999999,14957.26,1,2.0
CUST25740,Shreya Nayak,75018.45,11123.75,1,3.0
CUST22967,Sneha Dutta,75000.6,9591.85,1,2.0
CUST21719,Suresh Panda,75000.0,17331.97,1,5.0
CUST15676,Amit Das,74986.5,7914.15,1,2.0
CUST17100,Sanjay Gupta,74965.5,6902.47,1,3.0
CUST15991,Vikas Sahu,74963.2,10151.57,1,1.0
CUST12745,Deepak Gupta,74959.5,13035.3,1,1.0
CUST13253,Sneha Kumar,74910.0,12581.91,1,5.0
CUST11571,Sneha Sahu,74896.0,13538.78,1,1.0
CUST22498,Rohit Jain,74883.3,6052.06,1,2.0
CUST22327,Arjun Das,74878.2,15172.61,1,1.0
CUST18506,Ankit Rao,74878.2,11515.39,1,4.0
CUST26180,Swati Nayak,74856.95,5012.18,1,1.0
CUST20192,Unknown,74849.40000000001,11814.71,1,3.0
CUST14895,Arjun Behera,74849.3,5816.19,1,1.0
CUST12296,Abhishek Das,74845.9,3905.56,1,1.0
CUST16434,Neha Jain,74844.75,13182.68,1,1.0
CUST16195,Neha Das,74830.5,16770.49,1,2.0
CUST21680,Nisha Gupta,74828.8,5437.97,1,2.0
CUST18422,Priya Das,74822.0,5032.64,1,2.0
CUST18030,Ankit Gupta,74800.15,15075.24,1,1.0
CUST27702,Arjun Dutta,74777.6,10772.06,1,2.0
CUST14121,Sanjay Reddy,74772.8,6913.79,1,1.0
CUST13805,Swati Sharma,74771.65,5619.41,1,1.0
CUST15296,Rahul Sahu,74764.2,16573.09,1,3.0
CUST15208,Nisha Kumar,74728.9,10242.34,1,1.0
CUST23295,Priya Mehta,74709.0,8980.19,1,3.0
CUST28910,Karan Reddy,74688.59999999999,26136.46,1,3.0
CUST13318,Pooja Panda,74685.0,13028.62,1,1.0
CUST20296,Priya Pradhan,74684.4,7706.82,1,3.0
CUST19464,Rohit Yadav,74643.0,10525.47,1,2.0
CUST18143,Neha Rao,74637.0,15425.97,1,2.0
CUST25459,Karan Pradhan,74635.09999999999,8159.72,1,2.0
CUST11530,Manish Singh,74633.25,4219.09,1,1.0
CUST24236,Priya Patel,74627.0,12260.61,1,2.0
CUST22712,Rahul Mishra,74625.0,9401.99,1,5.0
CUST21798,Riya Verma,74616.0,17345.49,1,4.0
CUST13671,Raj Das,74608.0,15860.11,1,4.0
CUST21001,Arjun Nayak,74608.0,18593.85,1,1.0
CUST22278,Pooja Reddy,74606.40000000001,8695.61,1,3.0
CUST27476,Manish Pradhan,74599.4,9921.57,1,2.0
CUST11992,Shreya Mohanty,74589.0,12613.76,1,1.0
CUST20508,Abhishek Dutta,74583.2,10396.52,1,1.0
CUST26824,Ankit Das,74580.0,16535.66,1,5.0
CUST26709,Nisha Pradhan,74573.79999999999,8355.81,1,2.0
CUST13263,Pooja Singh,74570.0,6378.75,1,5.0
CUST26748,Ankit Kumar,74550.0,6161.82,1,3.0
CUST22538,Rohit Pradhan,74523.7,17055.84,1,2.0
CUST28956,Swati Mishra,74517.75,13823.55,1,3.0
CUST14482,Pooja Mohanty,74495.7,7483.31,1,1.0
CUST20217,Abhishek Dutta,74493.6,12317.05,1,3.0
CUST12541,Ankit Verma,74480.0,6711.82,1,2.0
CUST17015,Deepak Verma,74453.4,4896.62,1,2.0
CUST18723,Swati Dutta,74448.75,16451.97,1,5.0
CUST24479,Akash Sharma,74448.0,5265.27,1,1.0
CUST26753,Manish Jain,74433.75,14270.11,1,1.0
CUST19483,Sneha Pradhan,74430.0,5334.24,1,5.0
CUST13835,Neha Behera,74428.7,16135.66,1,2.0
CUST18610,Suresh Nayak,74391.15,18269.83,1,1.0
CUST15339,Anjali Pradhan,74391.15,18096.63,1,3.0
CUST14151,Rahul Jain,74389.0,8136.73,1,5.0
CUST21354,Manish Panda,74378.4,9796.51,1,4.0
CUST14248,Arjun Pradhan,74317.5,16548.95,1,5.0
CUST16669,Sneha Pradhan,74314.8,8382.18,1,3.0
CUST25016,Deepak Behera,74301.75,12927.8,1,1.0
CUST25010,Shreya Gupta,74295.2,14553.92,1,2.0
CUST24611,Rohit Rao,74293.79999999999,15905.16,1,2.0
CUST16622,Neha Reddy,74265.3,11467.56,1,3.0
CUST24648,Ankit Yadav,74257.2,16143.44,1,1.0
CUST14872,Akash Verma,74254.40000000001,18393.92,1,1.0
CUST26422,Karan Rao,74251.05,14909.9,1,1.0
CUST19695,Karan Mohanty,74226.0,13197.66,1,1.0
CUST15035,Sneha Kumar,74218.0,5588.42,1,1.0
CUST16155,Ankit Yadav,74210.09999999999,17180.05,1,1.0
CUST12658,Rohit Singh,74200.5,14980.89,1,1.0
CUST21028,Kavita Mohanty,74196.0,5615.08,1,4.0
CUST15518,Shreya Behera,74187.0,18204.64,1,1.0
CUST24031,Manish Gupta,74184.59999999999,12473.59,1,3.0
CUST13064,Ankit Mishra,74169.2,13085.9,1,4.0
CUST22871,Rohit Gupta,74160.8,11799.64,1,4.0
CUST10220,Abhishek Das,74151.0,9328.6,1,4.0
CUST20790,Suresh Dutta,74151.0,8058.47,1,3.0
CUST18842,Suresh Patel,74150.40000000001,16876.7,1,3.0
CUST28979,Riya Jain,74147.0,17149.46,1,1.0
CUST19095,Raj Reddy,74131.34999999999,16659.09,1,3.0
CUST18429,Abhishek Rao,74130.0,15498.64,1,4.0
CUST13239,Nisha Sahu,74118.3,15590.75,1,3.0
CUST22768,Sneha Kumar,74115.0,5101.8,1,5.0
CUST17264,Suresh Reddy,74113.2,17431.28,1,2.0
CUST20543,Ankit Singh,74107.59999999999,10505.07,1,1.0
CUST17972,Akash Kumar,74107.0,6929.73,1,1.0
CUST17904,Arjun Mohanty,74103.0,6789.18,1,3.0
CUST11617,Rohit Sahu,74100.59999999999,9279.84,1,2.0
CUST13227,Priya Dutta,74095.0,3925.51,1,1.0
CUST16311,Anjali Mohanty,74094.3,5973.27,1,1.0
CUST28618,Ankit Mishra,74092.0,10749.33,1,1.0
CUST25506,Suresh Singh,74065.59999999999,4646.04,1,4.0
CUST14802,Arjun Kumar,74052.0,17631.7,1,1.0
CUST24292,Kavita Panda,74045.6,14014.36,1,1.0
CUST17637,Ankit Gupta,74039.40000000001,5116.88,1,1.0
CUST13501,Amit Kumar,74028.75,11678.03,1,1.0
CUST15184,Anjali Mohanty,74024.0,8402.38,1,5.0
CUST13007,Nisha Gupta,74022.9,13532.75,1,3.0
CUST19267,Rohit Nayak,74003.2,10682.56,1,1.0
CUST10314,Neha Yadav,73998.75,17981.92,1,5.0
CUST12690,Riya Panda,73997.0,15024.9,1,1.0
CUST24167,Ankit Panda,73996.0,16834.95,1,2.0
CUST17573,Sneha Panda,73985.7,5096.88,1,3.0
CUST14987,Deepak Mehta,73969.2,16166.26,1,2.0
CUST26791,Swati Patel,73960.0,16032.85,1,1.0
CUST24338,Rohit Mehta,73953.59999999999,14548.43,1,3.0
CUST13346,Neha Jain,73948.5,16843.78,1,2.0
CUST11916,Arjun Sharma,73948.5,16108.54,1,5.0
CUST24557,Ankit Sharma,73926.15,13569.9,1,1.0
CUST23721,Akash Mishra,73920.0,13303.59,1,2.0
CUST24424,Vikas Panda,73915.7,18308.35,1,2.0
CUST21272,Shreya Gupta,73884.0,6898.52,1,1.0
CUST10065,Abhishek Nayak,73865.4,5242.51,1,3.0
CUST26491,Arjun Mohanty,73862.5,17721.08,1,2.0
CUST26430,Sanjay Dutta,73861.2,15016.12,1,3.0
CUST12402,Deepak Nayak,73851.4,13487.17,1,2.0
CUST10445,Vikas Mohanty,73847.2,12532.8,1,2.0
CUST28611,Deepak Yadav,73845.6,13769.18,1,3.0
CUST25472,Akash Singh,73843.5,8520.4,1,5.0
CUST20590,Akash Yadav,73825.6,8895.5,1,2.0
CUST16296,Arjun Nayak,73816.0,5520.83,1,1.0
CUST13028,Sneha Das,73815.0,4847.51,1,5.0
CUST22316,Kavita Mishra,73813.59999999999,11738.24,1,4.0
CUST16767,Amit Sahu,73805.5,14264.09,1,5.0
CUST27022,Sanjay Mohanty,73795.05,5375.53,1,3.0
CUST14578,Karan Kumar,73775.25,14082.94,1,3.0
CUST24824,Akash Mohanty,73764.0,9308.7,1,3.0
CUST25704,Sneha Reddy,73749.0,5861.51,1,2.0
CUST24725,Suresh Reddy,73732.4,5989.69,1,2.0
CUST19019,Sneha Singh,73725.59999999999,12978.44,1,2.0
CUST20728,Rohit Pradhan,73708.59999999999,9508.31,1,2.0
CUST26872,Priya Yadav,73695.6,16623.49,1,1.0
CUST15182,Anjali Mohanty,73684.8,7654.13,1,2.0
CUST27649,Rahul Mishra,73680.0,9274.53,1,4.0
CUST14632,Sneha Dutta,73669.5,4543.9,1,5.0
CUST19155,Suresh Sharma,73663.79999999999,7789.6,1,2.0
CUST19260,Vivek Mohanty,73657.6,10386.41,1,1.0
CUST25830,Sneha Jain,73656.79999999999,8462.85,1,2.0
CUST15273,Deepak Sahu,73632.6,15273.27,1,2.0
CUST12420,Deepak Gupta,73631.25,7809.18,1,3.0
CUST16137,Neha Das,73624.59999999999,3904.86,1,2.0
CUST20018,Amit Behera,73620.0,12305.63,1,1.0
CUST17398,Priya Nayak,73619.1,13010.27,1,1.0
CUST25163,Suresh Mishra,73601.6,12235.57,1,2.0
CUST19472,Kavita Nayak,73584.0,12040.73,1,1.0
CUST19238,Sneha Patel,73578.0,6137.25,1,4.0
CUST18396,Neha Singh,73569.9,17437.38,1,2.0
CUST20451,Sanjay Reddy,73569.9,15518.24,1,3.0
CUST17791,Neha Singh,73566.09999999999,3786.05,1,2.0
CUST22793,Rohit Nayak,73533.6,15011.38,1,3.0
CUST17608,Deepak Gupta,73533.5,6643.89,1,2.0
CUST24816,Suresh Gupta,73530.0,8757.09,1,1.0
CUST20913,Neha Nayak,73510.05,12959.77,1,1.0
CUST11589,Shreya Sharma,73507.5,13271.39,1,2.0
CUST20443,Sanjay Yadav,73507.2,13095.45,1,4.0
CUST22821,Vivek Mishra,73498.59999999999,12288.94,1,2.0
CUST25544,Rohit Das,73497.0,8782.84,1,1.0
CUST16464,Unknown,73492.5,16746.18,1,1.0
CUST26104,Suresh Das,73488.0,12996.46,1,1.0
CUST20176,Abhishek Gupta,73484.2,15941.61,1,1.0
CUST23394,Vikas Rao,73484.0,6477.31,1,2.0
CUST11810,Pooja Patel,73476.8,14183.55,1,1.0
CUST20626,Ankit Das,73472.0,3964.06,1,5.0
CUST26483,Anjali Mishra,73468.0,5519.45,1,4.0
CUST16064,Suresh Gupta,73453.59999999999,10155.39,1,4.0
CUST26187,Sanjay Panda,73446.0,6129.63,1,3.0
CUST26413,Karan Verma,73422.0,15111.44,1,2.0
CUST13181,Sanjay Jain,73386.0,7767.46,1,3.0
CUST15842,Raj Pradhan,73374.0,6173.25,1,2.0
CUST19717,Akash Yadav,73372.5,8754.05,1,2.0
CUST10539,Pooja Reddy,73368.0,14240.09,1,3.0
CUST24223,Sneha Das,73352.7,12678.71,1,1.0
CUST16369,Nisha Das,73348.2,4714.26,1,4.0
CUST11280,Anjali Patel,73334.09999999999,7257.27,1,3.0
CUST10468,Anjali Yadav,73333.0,14363.15,1,1.0
CUST17216,Deepak Singh,73332.9,11754.22,1,1.0
CUST10045,Nisha Mohanty,73332.0,15064.55,1,4.0
CUST20053,Raj Das,73330.0,9675.09,1,2.0
CUST10420,Sneha Mehta,73323.75,15981.94,1,5.0
CUST15444,Sneha Sharma,73320.8,11827.36,1,1.0
CUST10727,Amit Yadav,73317.6,4999.31,1,2.0
CUST23381,Vivek Gupta,73296.3,8766.46,1,2.0
CUST23771,Akash Gupta,73296.0,17728.95,1,5.0
CUST18431,Pooja Jain,73293.75,7341.29,1,5.0
CUST28435,Karan Rao,73292.09999999999,12000.83,1,1.0
CUST14257,Anjali Verma,73287.0,12747.72,1,3.0
CUST10911,Riya Jain,73180.68,3518.47,1,4.0
CUST23541,Ankit Patel,73158.0,16601.47,1,4.0
CUST26458,Sneha Nayak,73119.0,9342.44,1,4.0
CUST14897,Swati Yadav,73091.2,14621.33,1,2.0
CUST28888,Vikas Patel,73082.40000000001,13551.63,1,1.0
CUST12767,Sneha Kumar,73080.0,14796.0,1,3.0
CUST24692,Ankit Reddy,73057.6,10324.75,1,2.0
CUST13939,Kavita Sahu,73049.6,4701.16,1,2.0
CUST18849,Ankit Das,73042.2,12727.2,1,4.0
CUST10484,Shreya Gupta,73040.5,17059.94,1,1.0
CUST14324,Karan Reddy,73028.4,7207.39,1,3.0
CUST27945,Sneha Gupta,73021.5,12194.01,1,1.0
CUST18113,Pooja Pradhan,73013.2,11456.09,1,4.0
CUST25916,Riya Kumar,72999.0,4413.4,1,1.0
CUST26185,Pooja Rao,72989.25,15200.34,1,1.0
CUST25703,Arjun Kumar,72988.8,13706.5,1,2.0
CUST28154,Karan Rao,72983.7,9283.34,1,3.0
CUST27991,Priya Patel,72957.15,14399.46,1,3.0
CUST13208,Anjali Verma,72934.5,12609.75,1,2.0
CUST15902,Suresh Behera,72933.0,9470.28,1,1.0
CUST11203,Suresh Singh,72924.8,9633.27,1,4.0
CUST11093,Suresh Sahu,72901.09999999999,14067.15,1,2.0
CUST14775,Akash Panda,72897.0,14373.36,1,4.0
CUST20579,Pooja Patel,72893.79999999999,5423.52,1,2.0
CUST15449,Karan Mishra,72886.79999999999,12950.24,1,3.0
CUST13606,Shreya Gupta,72850.4,15453.29,1,2.0
CUST28323,Neha Mehta,72846.7,17196.84,1,1.0
CUST17333,Manish Gupta,72846.40000000001,13939.61,1,1.0
CUST28473,Raj Sharma,72846.0,6938.67,1,2.0
CUST18119,Pooja Sharma,72845.5,15710.39,1,5.0
CUST17353,Rohit Panda,72833.40000000001,9702.73,1,1.0
CUST16315,Suresh Mishra,72832.25,14104.57,1,5.0
CUST23447,Manish Mishra,72816.79999999999,14644.37,1,4.0
CUST17109,Ankit Patel,72812.0,5436.64,1,1.0
CUST18680,Swati Sahu,72805.5,17465.8,1,2.0
CUST25873,Arjun Dutta,72796.5,14252.75,1,2.0
CUST28727,Rahul Panda,72792.75,10907.63,1,1.0
CUST20268,Abhishek Dutta,72792.0,17756.86,1,2.0
CUST20104,Vivek Verma,72785.0,16858.83,1,5.0
CUST25655,Sanjay Behera,72761.25,7837.56,1,1.0
CUST18904,Karan Singh,72752.4,6137.27,1,2.0
CUST12244,Nisha Jain,72746.25,15612.99,1,5.0
CUST10944,Rohit Yadav,72691.2,12813.68,1,1.0
CUST11977,Deepak Reddy,72685.2,14184.24,1,4.0
CUST15173,Nisha Behera,72676.79999999999,5562.68,1,4.0
CUST28652,Akash Pradhan,72676.0,10924.85,1,5.0
CUST22215,Arjun Pradhan,72630.0,9743.91,1,3.0
CUST10319,Vivek Yadav,72622.75,14002.43,1,1.0
CUST10111,Deepak Singh,72616.8,17997.13,1,3.0
CUST16145,Manish Behera,72614.40000000001,15433.78,1,2.0
CUST10267,Manish Singh,72604.7,14110.31,1,2.0
CUST12784,Ankit Nayak,72600.0,10415.13,1,1.0
CUST15975,Vivek Kumar,72573.2,16727.5,1,2.0
CUST10887,Deepak Jain,72567.2,17085.32,1,1.0
CUST20742,Vivek Jain,72526.40000000001,7333.41,1,1.0
CUST11491,Rahul Gupta,72499.5,9058.15,1,5.0
CUST13077,Akash Jain,72493.6,6799.59,1,1.0
CUST26833,Kavita Jain,72482.9,6620.79,1,2.0
CUST26415,Vikas Das,72474.75,3706.64,1,3.0
CUST19795,Shreya Rao,72455.0,4110.65,1,5.0
CUST10853,Suresh Mehta,72441.3,17906.37,1,3.0
CUST19867,Ankit Mehta,72436.8,7492.82,1,3.0
CUST14261,Rahul Sahu,72433.2,13902.35,1,2.0
CUST24670,Akash Mehta,72427.5,14809.01,1,1.0
CUST13313,Arjun Gupta,72425.0,10666.44,1,5.0
CUST10159,Priya Reddy,72420.0,7337.06,1,1.0
CUST26391,Sanjay Jain,72412.8,13812.17,1,3.0
CUST23181,Rohit Kumar,72372.29999999999,8598.0,1,3.0
CUST20246,Arjun Mishra,72367.2,13426.92,1,3.0
CUST11599,Abhishek Reddy,72363.2,6711.15,1,2.0
CUST14805,Rahul Mehta,72351.90000000001,10458.95,1,1.0
CUST10289,Priya Gupta,72348.75,14011.51,1,5.0
CUST27627,Raj Panda,72340.95,9541.77,1,1.0
CUST27370,Rohit Dutta,72317.8,15307.33,1,1.0
CUST22842,Shreya Singh,72317.7,4180.97,1,3.0
CUST14091,Arjun Kumar,72316.5,16296.74,1,1.0
CUST28181,Riya Mehta,72312.0,17334.09,1,1.0
CUST12891,Pooja Dutta,72301.65,8558.7,1,3.0
CUST22321,Nisha Behera,72300.0,13973.6,1,5.0
CUST26258,Sanjay Mehta,72280.8,12536.93,1,4.0
CUST27938,Arjun Jain,72278.40000000001,12149.78,1,4.0
CUST27550,Ankit Mehta,72275.2,4235.24,1,1.0
CUST25358,Akash Dutta,72272.0,15025.94,1,1.0
CUST20484,Manish Singh,72252.0,15401.2,1,1.0
CUST24767,Karan Sahu,72249.75,7508.21,1,1.0
CUST24602,Suresh Gupta,72243.5,11873.69,1,5.0
CUST12937,Sneha Panda,72208.0,10146.88,1,4.0
CUST20141,Nisha Mohanty,72207.5,5937.13,1,2.0
CUST24110,Riya Mohanty,72204.0,4072.3,1,3.0
CUST19473,Vivek Sharma,72196.0,8906.88,1,1.0
CUST18929,Raj Rao,72192.0,17801.88,1,1.0
CUST21251,Ankit Rao,72190.5,10200.73,1,2.0
CUST26696,Arjun Behera,72165.75,8561.58,1,1.0
CUST18483,Vivek Mohanty,72163.2,9905.76,1,1.0
CUST24539,Swati Mohanty,72152.1,18037.87,1,1.0
CUST17617,Abhishek Patel,72151.5,17375.45,1,2.0
CUST11731,Sneha Nayak,72116.0,10158.49,1,1.0
CUST15125,Rohit Sahu,72113.25,10887.01,1,1.0
CUST10675,Rahul Das,72103.5,7532.15,1,3.0
CUST11381,Rohit Dutta,72093.59999999999,14916.31,1,2.0
CUST27937,Ankit Singh,72093.59999999999,3777.5,1,3.0
CUST26711,Karan Panda,72090.90000000001,17898.79,1,1.0
CUST16921,Arjun Patel,72086.8,13236.7,1,4.0
CUST15227,Karan Nayak,72083.2,17867.11,1,1.0
CUST18368,Riya Das,72076.5,15931.93,1,1.0
CUST14181,Manish Mohanty,72075.75,8115.28,1,3.0
CUST17166,Vivek Sharma,72063.2,5618.37,1,1.0
CUST24105,Shreya Verma,72059.40000000001,7629.4,1,2.0
CUST23302,Raj Verma,72057.6,11025.54,1,2.0
CUST22565,Swati Pradhan,72055.2,16888.48,1,2.0
CUST25933,Anjali Das,72050.25,9744.59,1,1.0
CUST23915,Arjun Reddy,72043.2,5720.04,1,2.0
CUST23045,Amit Sahu,72029.0,5711.93,1,1.0
CUST17706,Priya Dutta,72025.2,17207.77,1,2.0
CUST11036,Abhishek Kumar,72019.8,12723.19,1,1.0
CUST24240,Raj Yadav,72000.0,17749.33,1,4.0
CUST15747,Akash Nayak,71984.8,16381.76,1,4.0
CUST21890,Karan Jain,71981.4,5068.08,1,4.0
CUST18834,Priya Gupta,71950.5,15569.64,1,3.0
CUST20352,Rahul Yadav,71947.5,5579.76,1,2.0
CUST15831,Deepak Behera,71940.0,13328.6,1,4.0
CUST18511,Arjun Kumar,71931.2,15820.26,1,2.0
CUST15733,Priya Rao,71903.25,16763.71,1,3.0
CUST28133,Pooja Kumar,71889.0,6133.16,1,4.0
CUST25915,Abhishek Behera,71888.75,13164.27,1,5.0
CUST28022,Suresh Behera,71868.0,10594.53,1,1.0
CUST16036,Anjali Das,71862.3,12311.72,1,1.0
CUST20221,Sanjay Sahu,71843.7,15671.18,1,2.0
CUST13959,Swati Jain,71841.6,16991.29,1,3.0
CUST28249,Nisha Mishra,71825.40000000001,14228.5,1,2.0
CUST12934,Akash Mohanty,71814.40000000001,16016.35,1,1.0
CUST25370,Neha Behera,71793.0,6169.87,1,1.0
CUST17461,Karan Rao,71770.0,6705.59,1,2.0
CUST26439,Rahul Behera,71757.0,4137.61,1,2.0
CUST12967,Akash Verma,71739.2,12281.19,1,2.0
CUST28592,Amit Mohanty,71736.0,13777.52,1,3.0
CUST23697,Sanjay Das,71736.0,14691.98,1,5.0
CUST22663,Suresh Patel,71725.5,10398.27,1,5.0
CUST20925,Nisha Panda,71711.09999999999,4021.91,1,2.0
CUST14457,Vivek Sahu,71710.25,15384.22,1,5.0
CUST16927,Sanjay Singh,71703.0,15361.1,1,3.0
CUST27217,Amit Das,71700.8,8597.93,1,1.0
CUST10136,Raj Nayak,71683.2,6766.128199999999,1,1.0
CUST16344,Neha Rao,71661.6,4373.46,1,1.0
CUST28516,Priya Gupta,71644.25,11866.57,1,5.0
CUST14103,Anjali Patel,71640.0,12979.23,1,1.0
CUST16428,Swati Behera,71640.0,13454.65,1,2.0
CUST14564,Riya Reddy,71630.34999999999,11031.85,1,1.0
CUST25015,Nisha Pradhan,71624.0,5783.98,1,5.0
CUST25134,Akash Das,71620.2,4233.29,1,3.0
CUST25287,Vivek Patel,71586.0,9444.16,1,1.0
CUST13469,Raj Gupta,71545.5,5639.45,1,2.0
CUST20327,Suresh Gupta,71540.7,8470.89,1,3.0
CUST18864,Priya Nayak,71532.0,17246.48,1,5.0
CUST17970,Nisha Mohanty,71520.75,4668.82,1,5.0
CUST23034,Sanjay Das,71482.5,8158.57,1,3.0
CUST25742,Swati Mishra,71477.25,15011.25,1,1.0
CUST28401,Kavita Singh,71428.8,10615.1,1,3.0
CUST23083,Karan Das,71424.8,7283.33,1,2.0
CUST20524,Vikas Sharma,71414.0,15036.12,1,4.0
CUST22548,Manish Singh,71403.5,12328.28,1,5.0
CUST28402,Rohit Reddy,71383.0,7579.95,1,4.0
CUST22351,Rohit Mehta,71382.15,8257.94,1,1.0
CUST15731,Arjun Rao,71381.09999999999,7561.47,1,2.0
CUST25881,Sanjay Das,71380.8,13947.01,1,3.0
CUST28529,Vikas Jain,71380.0,10201.64,1,4.0
CUST14755,Pooja Sahu,71359.2,12220.17,1,1.0
CUST25189,Anjali Verma,71350.0,8404.75,1,2.0
CUST24095,Arjun Singh,71349.75,9608.44,1,1.0
CUST24104,Vivek Patel,71343.09999999999,11215.44,1,2.0
CUST26462,Anjali Singh,71340.5,8436.58,1,2.0
CUST23108,Riya Sahu,71336.0,5478.53,1,4.0
CUST11764,Riya Das,71328.84999999999,6026.63,1,1.0
CUST25283,Amit Yadav,71304.0,15368.06,1,1.0
CUST13997,Sneha Kumar,71304.0,12477.61,1,2.0
CUST27988,Abhishek Verma,71298.0,12773.15,1,1.0
CUST26890,Suresh Gupta,71280.0,11773.67,1,2.0
CUST22852,Sanjay Reddy,71276.0,9254.46,1,4.0
CUST10069,Deepak Mishra,71275.9,11900.01390000001,1,2.0
CUST23118,Priya Rao,71270.8,11161.49,1,2.0
CUST19828,Sanjay Reddy,71256.0,5245.75,1,3.0
CUST10979,Amit Das,71242.4,11923.42,1,2.0
CUST14921,Riya Patel,71231.0,8589.63,1,4.0
CUST26827,Raj Sharma,71222.40000000001,10823.15,1,4.0
CUST26050,Karan Panda,71208.0,13892.96,1,5.0
CUST20772,Rahul Behera,71205.0,12279.86,1,1.0
CUST19832,Anjali Jain,71195.25,9873.73,1,1.0
CUST11040,Pooja Pradhan,71188.34999999999,10397.12,1,1.0
CUST18109,Rohit Panda,71161.5,5112.66,1,1.0
CUST17762,Rohit Sahu,71160.7,15786.83,1,2.0
CUST13262,Suresh Mohanty,71154.0,12497.8,1,3.0
CUST17367,Deepak Verma,71103.9,17222.66,1,3.0
CUST27984,Kavita Reddy,71094.79999999999,11589.5,1,2.0
CUST15162,Shreya Singh,71091.0,5697.07,1,1.0
CUST14137,Vikas Sahu,71078.7,5520.12,1,2.0
CUST13389,Arjun Behera,71073.6,8927.38,1,2.0
CUST11932,Raj Singh,71064.0,11715.34,1,2.0
CUST15008,Akash Mishra,71040.0,12116.47,1,3.0
CUST17171,Pooja Verma,71023.5,5914.28,1,1.0
CUST18968,Manish Gupta,71020.9,14444.35,1,1.0
CUST26052,Anjali Mishra,70998.25,9471.17,1,5.0
CUST28604,Kavita Sharma,70997.20999999999,9542.36,1,1.0
CUST18851,Vivek Sharma,70996.0,9070.109599999998,1,4.0
CUST14798,Rahul Panda,70969.5,5372.06,1,1.0
CUST12567,Raj Jain,70966.5,5197.43,1,3.0
CUST18441,Neha Mehta,70961.2,13645.29,1,1.0
CUST24858,Riya Kumar,70952.9,12319.581233333343,1,1.0
CUST27597,Deepak Mishra,70906.15,17032.26,1,1.0
CUST11665,Arjun Kumar,70904.0,7282.14,1,2.0
CUST22533,Shreya Yadav,70890.75,14117.1,1,3.0
CUST17546,Priya Yadav,70871.5,14095.88,1,5.0
CUST18250,Manish Sahu,70844.8,6042.64,1,4.0
CUST11720,Sanjay Gupta,70841.6,14991.77,1,1.0
CUST15509,Nisha Dutta,70837.2,15268.94,1,1.0
CUST17559,Rahul Nayak,70836.75,5397.79,1,5.0
CUST20074,Deepak Sharma,70798.0,15535.86,1,2.0
CUST10201,Nisha Mohanty,70787.2,5995.39,1,4.0
CUST24210,Ankit Mohanty,70769.7,11848.8,1,3.0
CUST17329,Rahul Pradhan,70768.45,15953.13,1,1.0
CUST14804,Riya Mehta,70766.40000000001,6756.33,1,2.0
CUST25430,Riya Behera,70757.4,7609.8,1,4.0
CUST26284,Vivek Gupta,70723.2,16970.82,1,4.0
CUST11129,Sanjay Das,70721.7,11971.56,1,1.0
CUST17230,Nisha Gupta,70704.7,15010.87,1,1.0
CUST12066,Deepak Pradhan,70683.2,16366.26,1,4.0
CUST17695,Suresh Mehta,70672.5,4994.57,1,1.0
CUST23384,Suresh Rao,70672.0,12631.55,1,4.0
CUST24347,Amit Pradhan,70624.8,10890.83,1,2.0
CUST22091,Sanjay Behera,70608.0,11503.2,1,2.0
CUST12365,Abhishek Mehta,70599.0,16144.16,1,3.0
CUST21402,Swati Mohanty,70594.5,12432.79,1,2.0
CUST13013,Kavita Patel,70589.7,5858.59,1,1.0
CUST12500,Kavita Singh,70577.6,13653.39,1,2.0
CUST22999,Unknown,70572.59999999999,14981.86,1,2.0
CUST11862,Vikas Reddy,70561.8,9318.47,1,1.0
CUST12091,Vikas Panda,70550.0,4940.25,1,4.0
CUST14961,Vikas Dutta,70540.65,17527.88,1,1.0
CUST11595,Akash Dutta,70529.2,7315.73,1,4.0
CUST25156,Arjun Reddy,70528.95,10748.77,1,3.0
CUST10517,Neha Dutta,70501.5,4042.74,1,2.0
CUST24560,Nisha Mehta,70488.0,8035.9,1,4.0
CUST27995,Vivek Mishra,70485.25,9906.88,1,5.0
CUST26617,Karan Das,70479.2,6585.63,1,1.0
CUST25479,Rohit Nayak,70472.9,12949.02,1,2.0
CUST14901,Abhishek Sahu,70466.25,16313.13,1,1.0
CUST21417,Abhishek Das,70465.0,15242.87,1,1.0
CUST27119,Priya Rao,70459.2,16403.38,1,2.0
CUST21109,Unknown,70455.2,15722.27,1,1.0
CUST16703,Pooja Mohanty,70439.59999999999,14163.98,1,2.0
CUST12544,Shreya Sahu,70429.5,9805.59,1,1.0
CUST20838,Vivek Reddy,70417.6,4432.44,1,1.0
CUST18291,Rohit Yadav,70408.0,4778.83,1,1.0
CUST19071,Priya Mehta,70405.0,15756.35,1,1.0
CUST17421,Vivek Behera,70396.8,7436.95,1,1.0
CUST11292,Deepak Patel,70392.0,4782.54,1,3.0
CUST15878,Sneha Nayak,70378.84999999999,8824.48,1,1.0
CUST12823,Riya Sharma,70364.7,6912.91,1,3.0
CUST21945,Pooja Mehta,70364.0,15341.6,1,4.0
CUST25503,Manish Pradhan,70359.75,11126.12,1,1.0
CUST11710,Sneha Jain,70359.59999999999,9883.43,1,2.0
CUST27795,Kavita Das,70357.5,7283.09,1,5.0
CUST17119,Shreya Dutta,70353.6,5782.93,1,2.0
CUST13785,Suresh Mishra,70323.0,13226.85,1,1.0
CUST19934,Priya Yadav,70310.0,16770.09,1,5.0
CUST26136,Swati Nayak,70294.5,10871.79,1,3.0
CUST23753,Vikas Panda,70294.0,11786.78,1,5.0
CUST12300,Swati Singh,70293.6,11586.1,1,1.0
CUST18813,Amit Singh,70288.2,3777.02,1,2.0
CUST27592,Manish Mehta,70281.0,12093.37,1,3.0
CUST27579,Vivek Singh,70264.8,7399.06,1,3.0
CUST24405,Akash Jain,70260.8,14678.21,1,2.0
CUST20378,Priya Sahu,70250.40000000001,4507.08,1,1.0
CUST20638,Manish Das,70250.25,13082.26,1,1.0
CUST14738,Manish Sahu,70247.4,17377.86,1,2.0
CUST25005,Pooja Sharma,70243.0,12764.99,1,1.0
CUST22581,Raj Behera,70240.8,15344.2,1,1.0
CUST16990,Riya Dutta,70232.0,5933.45,1,4.0
CUST16818,Kavita Jain,70204.0,16429.02,1,5.0
CUST11807,Sneha Rao,70200.0,12668.56,1,5.0
CUST20671,Karan Mehta,70186.43598671631,6158.8,1,2.0
CUST20514,Pooja Sharma,70186.43598671631,4478.0,1,2.0
CUST14825,Sneha Nayak,70186.43598671631,12637.33,1,2.0
CUST11132,Abhishek Pradhan,70186.43598671631,15150.86,1,2.0
CUST10104,Akash Mohanty,70158.6,17366.61,1,1.0
CUST21339,Vivek Mishra,70156.8,8283.9,1,2.0
CUST27506,Vivek Dutta,70154.75,4893.11,1,1.0
CUST10373,Arjun Jain,70146.0,6375.55,1,3.0
CUST15571,Priya Nayak,70134.34999999999,3679.03,1,1.0
CUST18112,Vivek Das,70130.40000000001,15124.46,1,3.0
CUST11780,Rahul Dutta,70124.40000000001,12109.45,1,2.0
CUST22059,Anjali Singh,70124.0,12511.33,1,1.0
CUST27947,Manish Pradhan,70111.5,7023.24,1,1.0
CUST14040,Rohit Jain,70107.0,15033.71,1,4.0
CUST12586,Vivek Reddy,70081.2,14857.04,1,3.0
CUST15172,Ankit Kumar,70074.0,15836.13,1,3.0
CUST11400,Manish Reddy,70072.5,5515.79,1,1.0
CUST28665,Neha Reddy,70055.25,12105.95,1,1.0
CUST15349,Karan Dutta,70042.5,5041.21,1,5.0
CUST24023,Swati Yadav,70032.2,10181.57,1,2.0
CUST27292,Kavita Mishra,70029.90000000001,11246.17,1,3.0
CUST13990,Ankit Gupta,70015.5,8897.8,1,1.0
CUST13676,Anjali Patel,70011.2,3532.53,1,4.0
CUST11250,Pooja Mehta,69960.0,15014.75,1,3.0
CUST15195,Deepak Singh,69957.0,14564.78,1,1.0
CUST25367,Suresh Reddy,69948.90000000001,7906.56,1,1.0
CUST12635,Pooja Rao,69937.6,6754.92,1,2.0
CUST19897,Suresh Mohanty,69925.5,6610.95,1,5.0
CUST16557,Sneha Singh,69912.0,13552.11,1,5.0
CUST25682,Vivek Pradhan,69912.0,12760.08,1,1.0
CUST15603,Arjun Reddy,69911.1,10616.98,1,3.0
CUST10376,Neha Sharma,69900.0,6807.33,1,3.0
CUST19802,Akash Patel,69897.79999999999,4565.3,1,2.0
CUST27137,Vikas Pradhan,69894.90000000001,7662.78,1,3.0
CUST18006,Vikas Behera,69893.4,15066.1,1,1.0
CUST13328,Vivek Sharma,69882.95,8373.85,1,1.0
CUST27961,Akash Mehta,69882.0,17360.17,1,1.0
CUST25796,Pooja Sahu,69837.3,4741.76,1,1.0
CUST26401,Swati Mishra,69834.0,8614.38,1,1.0
CUST14243,Abhishek Verma,69813.59999999999,15406.1,1,1.0
CUST28307,Shreya Patel,69789.25,6460.09,1,1.0
CUST28172,Vivek Mishra,69778.79999999999,7255.13,1,4.0
CUST17574,Manish Das,69773.9,14363.44,1,1.0
CUST26571,Sanjay Mehta,69772.8,15133.93,1,3.0
CUST14254,Akash Kumar,69766.40000000001,5238.9,1,4.0
CUST28406,Arjun Mohanty,69760.8,14252.21,1,1.0
CUST17169,Kavita Behera,69739.5,11622.45,1,1.0
CUST18382,Abhishek Yadav,69739.09999999999,14775.84,1,1.0
CUST27571,Swati Kumar,69736.5,12362.02,1,1.0
CUST13035,Nisha Sahu,69682.0,5710.71,1,2.0
CUST14838,Neha Pradhan,69674.40000000001,10293.33,1,4.0
CUST21690,Amit Das,69654.6,16031.62,1,3.0
CUST22266,Riya Rao,69653.25,11027.2,1,5.0
CUST16751,Priya Patel,69645.0,15474.93,1,1.0
CUST24113,Priya Yadav,69632.0,8425.47,1,4.0
CUST11149,Vivek Singh,69631.79999999999,12395.72,1,2.0
CUST21576,Deepak Singh,69627.75,15129.78,1,3.0
CUST16969,Nisha Kumar,69593.6,13250.31,1,2.0
CUST10696,Raj Pradhan,69540.09999999999,17359.92,1,1.0
CUST22905,Amit Nayak,69538.5,5841.8,1,5.0
CUST12210,Deepak Das,69510.0,11645.87,1,3.0
CUST20407,Kavita Gupta,69508.26,3854.71,1,2.0
CUST21158,Suresh Mohanty,69473.6,4252.1,1,1.0
CUST13374,Nisha Singh,69468.0,15801.17,1,4.0
CUST28643,Shreya Patel,69462.0,9145.97,1,2.0
CUST20142,Priya Behera,69456.0,13761.53,1,1.0
CUST16440,Ankit Das,69456.0,5809.95,1,5.0
CUST22720,Raj Sahu,69452.0,11462.31,1,1.0
CUST27477,Akash Kumar,69415.5,4391.39,1,2.0
CUST14023,Rahul Pradhan,69395.2,15006.9,1,4.0
CUST14195,Vivek Reddy,69394.5,7527.11,1,1.0
CUST16764,Manish Mehta,69382.5,16337.53,1,1.0
CUST26158,Ankit Pradhan,69378.75,10658.45,1,3.0
CUST18903,Amit Jain,69378.5,7466.16,1,2.0
CUST18607,Sanjay Sharma,69372.90000000001,13104.74,1,1.0
CUST21982,Abhishek Mehta,69372.09999999999,8129.57,1,1.0
CUST15002,Vivek Dutta,69357.6,13376.5,1,4.0
CUST28241,Arjun Sahu,69353.2,6701.48,1,2.0
CUST22651,Manish Verma,69335.25,11450.06,1,1.0
CUST16549,Abhishek Mohanty,69333.0,7190.85,1,4.0
CUST28383,Pooja Behera,69332.0,13327.76,1,5.0
CUST19428,Suresh Gupta,69328.0,16958.79,1,2.0
CUST11575,Amit Panda,69324.5,13253.55,1,5.0
CUST26655,Manish Verma,69324.0,8454.05,1,4.0
CUST15960,Neha Patel,69305.59999999999,13193.56,1,1.0
CUST27036,Sneha Kumar,69279.0,5029.67,1,4.0
CUST13640,Vikas Sharma,69278.40000000001,13078.76,1,1.0
CUST24841,Ankit Mehta,69277.5,4505.85,1,3.0
CUST14823,Arjun Verma,69275.7,8454.77,1,1.0
CUST11229,Swati Gupta,69273.6,7274.29,1,4.0
CUST22602,Pooja Mehta,69249.59999999999,15360.01,1,1.0
CUST19000,Amit Das,69248.8,5837.65,1,1.0
CUST25509,Neha Mohanty,69240.0,5779.43,1,5.0
CUST21022,Riya Reddy,69220.8,10027.14,1,1.0
CUST11266,Sneha Dutta,69206.2,13049.27,1,1.0
CUST13177,Raj Gupta,69192.9,8517.76,1,1.0
CUST20313,Arjun Sahu,69171.0,16100.31,1,3.0
CUST17667,Arjun Yadav,69164.0,17094.12,1,5.0
CUST11974,Ankit Rao,69152.25,12116.09,1,1.0
CUST24445,Nisha Verma,69152.0,4478.62,1,2.0
CUST27116,Deepak Mohanty,69131.5,13498.08,1,2.0
CUST10768,Abhishek Dutta,69126.4,10961.76,1,4.0
CUST13493,Riya Jain,69122.0,14881.99,1,2.0
CUST21207,Suresh Mohanty,69114.0,4929.21,1,1.0
CUST17489,Sneha Panda,69100.8,15586.8,1,2.0
CUST20304,Nisha Nayak,69088.8,9502.38,1,3.0
CUST15757,Sanjay Kumar,69074.59999999999,13568.34,1,1.0
CUST28662,Arjun Nayak,69071.84999999999,6548.81,1,1.0
CUST11271,Nisha Patel,69069.7,10216.25,1,1.0
CUST27152,Priya Mohanty,69051.0,11656.73,1,4.0
CUST23819,Akash Mehta,69044.5,4173.23,1,5.0
CUST12725,Karan Das,69028.4,15100.27,1,1.0
CUST16720,Rohit Mehta,69024.0,13301.38,1,2.0
CUST15728,Pooja Pradhan,69016.59999999999,3825.66,1,2.0
CUST20234,Arjun Mishra,69014.4,7144.41,1,2.0
CUST13272,Nisha Panda,69010.5,12116.46,1,1.0
CUST28328,Vikas Rao,69003.0,4991.06,1,5.0
CUST11504,Raj Rao,69002.5,5042.57,1,5.0
CUST24242,Suresh Das,69002.1,6766.99,1,1.0
CUST15200,Manish Behera,68992.0,8525.95,1,4.0
CUST26245,Vikas Sahu,68984.25,6075.29,1,1.0
CUST14711,Sneha Pradhan,68977.5,5434.2,1,1.0
CUST10139,Neha Pradhan,68969.05,13452.52,1,1.0
CUST28474,Sneha Das,68960.0,9674.49,1,2.0
CUST10492,Vikas Verma,68958.8,7433.32,1,4.0
CUST17985,Rahul Verma,68912.9,14135.61,1,2.0
CUST16535,Shreya Gupta,68909.5,3512.6,1,2.0
CUST10127,Rohit Mohanty,68900.40000000001,16786.8,1,4.0
CUST13632,Anjali Mishra,68890.8,16385.3,1,2.0
CUST19062,Sneha Kumar,68877.0,5927.36,1,2.0
CUST20282,Shreya Sahu,68877.0,12147.28,1,5.0
CUST24951,Riya Nayak,68871.0,14738.21,1,1.0
CUST28396,Abhishek Sahu,68868.0,15628.66,1,1.0
CUST15981,Priya Yadav,68844.0,12340.04,1,5.0
CUST22807,Ankit Patel,68832.0,13358.93,1,5.0
CUST22114,Pooja Sahu,68829.0,14365.0,1,2.0
CUST19216,Akash Das,68795.59999999999,11801.87,1,4.0
CUST14630,Kavita Mohanty,68790.40000000001,11771.45,1,2.0
CUST15956,Sneha Verma,68789.0,4224.24,1,2.0
CUST13579,Riya Verma,68785.4,14046.17,1,4.0
CUST13015,Sanjay Dutta,68782.5,8145.4,1,1.0
CUST13983,Kavita Mehta,68774.3,9201.67,1,2.0
CUST17905,Karan Das,68751.0,5780.5,1,3.0
CUST22470,Deepak Panda,68744.59999999999,7571.75,1,1.0
CUST20230,Amit Gupta,68739.3,4581.47,1,1.0
CUST15168,Kavita Das,68739.2,6570.68,1,4.0
CUST13185,Rohit Sahu,68725.05,4957.68,1,3.0
CUST20075,Manish Jain,68725.0,9129.56,1,1.0
CUST18712,Anjali Singh,68707.2,7489.75,1,3.0
CUST25928,Manish Singh,68702.09999999999,5506.68,1,2.0
CUST26480,Kavita Sahu,68701.5,11377.45,1,1.0
CUST20597,Akash Reddy,68670.0,13228.9,1,4.0
CUST17110,Abhishek Rao,68667.0,13628.28,1,1.0
CUST22170,Shreya Reddy,68647.5,11410.54,1,3.0
CUST13598,Suresh Patel,68647.2,13904.24,1,1.0
CUST22987,Rahul Behera,68647.0,7213.16,1,4.0
CUST11688,Sneha Dutta,68646.2,16136.56,1,2.0
CUST23058,Kavita Sharma,68646.0,15011.7,1,2.0
CUST11251,Rahul Pradhan,68617.0,16679.42,1,1.0
CUST26432,Amit Sharma,68591.59999999999,10951.43,1,2.0
CUST27222,Priya Kumar,68586.2,7167.74,1,1.0
CUST19696,Shreya Sahu,68577.6,11118.18,1,2.0
CUST11861,Kavita Dutta,68576.25,12206.56,1,1.0
CUST23304,Sneha Mishra,68553.34999999999,11003.53,1,1.0
CUST28800,Vikas Sahu,68537.25,9588.91,1,3.0
CUST24317,Vivek Das,68524.4,12200.91,1,1.0
CUST24008,Akash Panda,68508.0,15184.01,1,4.0
CUST15859,Vikas Mehta,68494.5,9822.31,1,3.0
CUST20578,Shreya Kumar,68488.0,10146.93,1,4.0
CUST16178,Sanjay Das,68475.6,11277.06,1,2.0
CUST22212,Shreya Das,68468.8,6089.8,1,2.0
CUST25352,Nisha Reddy,68464.5,5982.74,1,2.0
CUST20109,Kavita Verma,68448.0,6646.57,1,1.0
CUST14222,Rohit Jain,68440.4,7061.9,1,4.0
CUST13291,Abhishek Yadav,68421.0,14902.09,1,2.0
CUST27949,Priya Das,68418.75,14087.42,1,1.0
CUST12661,Swati Sahu,68409.59999999999,7768.24,1,3.0
CUST17739,Kavita Mohanty,68409.0,15664.16,1,2.0
CUST21863,Manish Dutta,68398.5,15492.81,1,1.0
CUST18130,Ankit Pradhan,68391.0,5871.44,1,2.0
CUST11761,Sanjay Behera,68388.0,4106.23,1,1.0
CUST11388,Vikas Yadav,68387.40000000001,9806.64,1,1.0
CUST24855,Nisha Mohanty,68379.0,14127.6,1,3.0
CUST22560,Deepak Rao,68354.4,11037.0,1,2.0
CUST17201,Pooja Behera,68329.09999999999,6458.53,1,1.0
CUST23959,Sneha Reddy,68324.0,11040.2,1,5.0
CUST18690,Shreya Patel,68323.5,8618.72,1,5.0
CUST11880,Abhishek Kumar,68268.59999999999,14289.99,1,4.0
CUST25672,Sanjay Verma,68259.25,16720.72,1,5.0
CUST25884,Shreya Gupta,68256.7,16483.99,1,1.0
CUST12140,Nisha Reddy,68234.59999999999,9509.74,1,4.0
CUST22689,Arjun Das,68226.3,13849.17,1,3.0
CUST23659,Rahul Behera,68226.0,10621.99,1,1.0
CUST28621,Arjun Kumar,68216.0,6237.51,1,4.0
CUST19907,Kavita Kumar,68192.9,15418.93,1,2.0
CUST15375,Sanjay Jain,68192.09999999999,10404.88,1,2.0
CUST11263,Sneha Panda,68179.34999999999,12537.92,1,1.0
CUST15187,Kavita Rao,68156.0,9706.44,1,1.0
CUST17133,Sanjay Dutta,68145.0,8382.97,1,5.0
CUST19301,Sneha Nayak,68132.4,5086.13,1,1.0
CUST12694,Amit Verma,68128.3,16496.35,1,1.0
CUST12899,Suresh Singh,68126.8,9699.14,1,2.0
CUST11840,Pooja Gupta,68112.0,9711.92,1,2.0
CUST28755,Akash Singh,68111.2,11646.8,1,4.0
CUST14645,Vikas Kumar,68104.4,12254.64,1,2.0
CUST13686,Suresh Nayak,68084.25,15111.11,1,1.0
CUST19587,Arjun Sharma,68069.4,9588.99,1,3.0
CUST20256,Deepak Mohanty,68065.6,5755.56,1,1.0
CUST26379,Neha Verma,68061.0,9818.74,1,4.0
CUST13818,Abhishek Behera,68051.2,16188.22,1,2.0
CUST26398,Deepak Behera,68047.0,7687.78,1,5.0
CUST20128,Abhishek Yadav,68032.8,16303.71,1,3.0
CUST16662,Deepak Sahu,68030.45,3667.07,1,1.0
CUST20473,Abhishek Sharma,67992.4,8501.35,1,2.0
CUST17987,Karan Pradhan,67990.40000000001,15284.66,1,2.0
CUST24359,Amit Gupta,67974.5,15586.94,1,2.0
CUST28633,Karan Singh,67973.6,13566.68,1,1.0
CUST18182,Abhishek Kumar,67972.8,6457.69,1,2.0
CUST18216,Rahul Singh,67962.0,3334.65,1,3.0
CUST18141,Neha Rao,67958.1,5270.27,1,1.0
CUST25255,Rahul Panda,67957.4,10693.22,1,2.0
CUST22477,Ankit Mishra,67951.59999999999,5208.46,1,2.0
CUST11219,Riya Kumar,67950.0,13158.35,1,4.0
CUST15936,Ankit Mishra,67939.9,9056.88,1,1.0
CUST22490,Neha Mohanty,67937.8,7316.01,1,1.0
CUST26160,Neha Behera,67929.6,5769.65,1,2.0
CUST10388,Pooja Rao,67921.8,3766.26,1,2.0
CUST23146,Akash Nayak,67920.0,14312.37,1,4.0
CUST16377,Rahul Rao,67919.3,7727.94,1,1.0
CUST12393,Vikas Mohanty,67918.4,5985.9,1,4.0
CUST25289,Nisha Rao,67903.2,4801.28,1,1.0
CUST21011,Shreya Rao,67892.40000000001,10805.86,1,1.0
CUST23075,Nisha Reddy,67891.5,3644.03,1,1.0
CUST12077,Riya Yadav,67889.84999999999,13897.94,1,3.0
CUST23712,Priya Mohanty,67874.40000000001,10614.08,1,3.0
CUST18974,Riya Singh,67874.25,10030.9,1,1.0
CUST22244,Sanjay Dutta,67866.4,14300.46,1,1.0
CUST23164,Raj Yadav,67862.3,5165.02,1,2.0
CUST13180,Kavita Pradhan,67860.23,4874.66,1,1.0
CUST27570,Vikas Mohanty,67852.5,8611.9,1,5.0
CUST19056,Akash Mohanty,67848.7,4979.21,1,1.0
CUST26293,Vivek Rao,67832.0,5698.17,1,1.0
CUST22062,Arjun Pradhan,67828.59999999999,4921.66,1,2.0
CUST11675,Vivek Kumar,67813.6,11407.09,1,1.0
CUST13540,Akash Mohanty,67796.84999999999,12605.27,1,1.0
CUST10880,Vikas Kumar,67784.4,12327.65,1,3.0
CUST14220,Sneha Mishra,67779.0,10799.76,1,4.0
CUST20312,Vikas Panda,67776.8,5889.77,1,1.0
CUST18594,Neha Kumar,67773.3,15257.25,1,1.0
CUST11884,Anjali Jain,67772.7,13855.81,1,3.0
CUST24077,Sanjay Behera,67771.09999999999,12898.27,1,2.0
CUST16433,Abhishek Kumar,67767.0,16620.12,1,1.0
CUST12979,Arjun Das,67758.75,9168.99,1,5.0
CUST12950,Abhishek Mohanty,67756.8,3309.13,1,3.0
CUST24867,Rahul Behera,67754.0,12146.05,1,1.0
CUST24126,Vivek Yadav,67749.25,13909.23,1,1.0
CUST18921,Manish Dutta,67744.8,13586.78,1,2.0
CUST17539,Riya Sharma,67744.5,15583.76,1,2.0
CUST22914,Deepak Kumar,67728.0,10429.74,1,3.0
CUST26521,Priya Mohanty,67723.59999999999,16712.34,1,1.0
CUST14233,Sanjay Mehta,67708.8,13699.57,1,1.0
CUST25694,Anjali Patel,67707.0,6598.22,1,1.0
CUST12073,Vivek Verma,67703.3,12393.26,1,1.0
CUST19398,Karan Pradhan,67692.6,4367.15,1,2.0
CUST15600,Priya Mishra,67689.3,10718.99,1,3.0
CUST15921,Ankit Reddy,67687.0,7293.67,1,1.0
CUST10015,Deepak Mishra,67672.0,16887.42,1,1.0
CUST22766,Vikas Sharma,67647.3,7614.04,1,3.0
CUST10664,Rahul Mohanty,67643.8,10475.52,1,1.0
CUST23249,Sneha Nayak,67639.05,14590.13,1,1.0
CUST11501,Sneha Mehta,67627.2,15401.9,1,3.0
CUST21404,Abhishek Reddy,67612.5,6266.87,1,5.0
CUST28656,Amit Nayak,67606.0,6974.09,1,2.0
CUST17485,Sneha Panda,67576.5,5152.93,1,1.0
CUST11215,Arjun Reddy,67574.45,11401.87,1,1.0
CUST11237,Arjun Verma,67570.65,3612.68,1,1.0
CUST11341,Pooja Singh,67568.0,7010.14,1,4.0
CUST18328,Deepak Mehta,67567.8,4317.65,1,1.0
CUST20447,Swati Mohanty,67567.34999999999,3941.76,1,1.0
CUST19667,Anjali Pradhan,67566.0,7278.47,1,3.0
CUST25552,Rahul Dutta,67556.8,6813.07,1,1.0
CUST22875,Karan Sharma,67554.9,11706.9,1,3.0
CUST14862,Manish Kumar,67539.0,7005.79,1,4.0
CUST27585,Swati Mehta,67509.0,8363.86,1,3.0
CUST25640,Pooja Gupta,67475.25,4053.11,1,1.0
CUST26492,Swati Sharma,67462.0,10154.15,1,2.0
CUST19084,Shreya Rao,67449.6,4937.95,1,4.0
CUST27187,Suresh Sharma,67441.5,8681.42,1,1.0
CUST17257,Pooja Jain,67429.09999999999,12339.12,1,1.0
CUST27708,Akash Dutta,67423.2,11145.87,1,1.0
CUST18277,Rahul Behera,67413.9,12725.53,1,3.0
CUST20760,Pooja Yadav,67408.0,9646.49,1,5.0
CUST23141,Neha Rao,67403.0,13418.61,1,2.0
CUST25200,Deepak Das,67393.6,15864.95,1,1.0
CUST13312,Nisha Sahu,67389.7,5688.94,1,1.0
CUST12262,Neha Rao,67385.45,13628.9,1,1.0
CUST23292,Kavita Das,67381.2,10223.37,1,3.0
CUST18077,Raj Mohanty,67372.8,3433.56,1,1.0
CUST19885,Rahul Sahu,67371.0,12616.82,1,1.0
CUST26351,Abhishek Nayak,67367.59999999999,5858.31,1,4.0
CUST27253,Pooja Kumar,67366.8,9518.49,1,2.0
CUST14192,Ankit Behera,67366.4,13505.78,1,4.0
CUST20319,Kavita Sharma,67359.59999999999,15039.29,1,2.0
CUST19796,Rahul Kumar,67353.3,15078.18,1,3.0
CUST17450,Akash Yadav,67351.2,3425.33,1,2.0
CUST18694,Kavita Dutta,67350.40000000001,9375.84,1,4.0
CUST22407,Vikas Nayak,67345.0,14686.95,1,1.0
CUST18804,Deepak Mishra,67327.4,6017.97,1,1.0
CUST12908,Manish Singh,67325.40000000001,15750.97,1,1.0
CUST25368,Deepak Sahu,67322.40000000001,14818.72,1,1.0
CUST11702,Shreya Gupta,67317.75,6346.29,1,1.0
CUST26069,Riya Kumar,67306.5,12859.76,1,2.0
CUST27940,Suresh Rao,67305.6,10629.97,1,2.0
CUST16759,Neha Gupta,67301.8,12221.86,1,2.0
CUST15294,Arjun Jain,67298.40000000001,5156.5,1,1.0
CUST18609,Manish Dutta,67292.8,11753.14,1,4.0
CUST25667,Shreya Sharma,67289.59999999999,16543.4,1,1.0
CUST19485,Suresh Yadav,67286.0,5584.56,1,2.0
CUST11016,Anjali Yadav,67280.05,8343.93,1,1.0
CUST16050,Rahul Mehta,67276.8,5674.22,1,3.0
CUST22166,Deepak Reddy,67272.3,15642.75,1,1.0
CUST28678,Raj Das,67264.75,8447.4,1,5.0
CUST15662,Amit Mehta,67261.0,6265.28,1,1.0
CUST24653,Suresh Sahu,67252.4,9433.44,1,1.0
CUST14543,Akash Sharma,67248.0,13671.15,1,4.0
CUST11277,Nisha Verma,67214.25,4617.42,1,3.0
CUST19739,Riya Mishra,67191.59999999999,12408.74,1,1.0
CUST12884,Priya Kumar,67174.8,15966.83,1,1.0
CUST14335,Vikas Kumar,67167.0,12714.85,1,3.0
CUST19197,Raj Behera,67137.6,8371.26,1,1.0
CUST17371,Arjun Patel,67128.59999999999,14196.41,1,3.0
CUST27298,Priya Kumar,67111.75,15403.91,1,5.0
CUST27686,Raj Reddy,67110.9,9825.24,1,3.0
CUST18149,Sanjay Jain,67110.75,13747.32,1,3.0
CUST14541,Kavita Nayak,67054.8,5048.13,1,3.0
CUST18451,Vivek Sahu,67020.8,5693.34,1,4.0
CUST10344,Karan Jain,67017.0,11187.39,1,3.0
CUST12337,Sneha Singh,67015.7,6900.64,1,2.0
CUST10647,Sanjay Jain,67014.0,12499.44,1,1.0
CUST22027,Ankit Kumar,67004.0,5355.9,1,1.0
CUST21141,Abhishek Das,67004.0,9764.34,1,1.0
CUST14450,Arjun Mehta,66997.0,4619.62,1,1.0
CUST21024,Deepak Verma,66993.0,15202.49,1,3.0
CUST17800,Suresh Verma,66940.9,6138.43,1,1.0
CUST16054,Shreya Panda,66939.2,7184.73,1,1.0
CUST10754,Pooja Sharma,66932.25,5410.1,1,1.0
CUST21795,Raj Mishra,66926.0,11643.0,1,1.0
CUST26835,Riya Mehta,66902.40000000001,12861.85,1,1.0
CUST13276,Deepak Nayak,66898.8,4361.28,1,4.0
CUST12596,Priya Yadav,66897.59999999999,13851.44,1,1.0
CUST11285,Sanjay Reddy,66896.0,14612.9,1,4.0
CUST22136,Raj Verma,66891.59999999999,7593.11,1,1.0
CUST21584,Manish Dutta,66883.2,8278.61,1,2.0
CUST13080,Kavita Behera,66880.5,11409.19,1,1.0
CUST15784,Nisha Dutta,66880.0,3686.23,1,4.0
CUST19705,Ankit Kumar,66873.0,16263.21,1,4.0
CUST20214,Kavita Nayak,66873.0,16356.88,1,2.0
CUST22449,Anjali Rao,66869.55,4991.75,1,3.0
CUST17116,Arjun Gupta,66866.09999999999,4456.49,1,3.0
CUST24768,Shreya Mehta,66862.59999999999,4168.06,1,2.0
CUST12347,Abhishek Mishra,66861.0,5381.36,1,2.0
CUST12732,Arjun Sahu,66855.59999999999,5709.14,1,1.0
CUST15979,Priya Rao,66853.4,11981.08,1,1.0
CUST28532,Amit Verma,66848.40000000001,6161.51,1,4.0
CUST24399,Rahul Gupta,66844.4,3901.23,1,1.0
CUST26182,Vikas Das,66835.3,5258.4,1,1.0
CUST25473,Vivek Panda,66830.59999999999,16631.4,1,1.0
CUST14663,Abhishek Mohanty,66830.40000000001,6217.85,1,1.0
CUST28914,Arjun Mehta,66823.95,8821.26,1,1.0
CUST16396,Swati Sahu,66816.0,3521.12,1,4.0
CUST20510,Swati Gupta,66807.8,7512.59,1,2.0
CUST16817,Sanjay Kumar,66802.4,14151.34,1,4.0
CUST17267,Vivek Mehta,66792.0,12856.29,1,1.0
CUST16280,Anjali Kumar,66789.0,11308.99,1,3.0
CUST18061,Abhishek Nayak,66781.95,9487.92,1,3.0
CUST13530,Rohit Mehta,66778.0,10097.09,1,1.0
CUST25882,Vivek Nayak,66772.8,12632.08,1,3.0
CUST20795,Sneha Panda,66771.0,11687.74,1,1.0
CUST20465,Sanjay Mishra,66754.8,10459.68,1,3.0
CUST20152,Ankit Jain,66748.0,10661.04,1,1.0
CUST12721,Riya Mohanty,66745.0,15509.23,1,1.0
CUST26109,Akash Reddy,66743.7,7383.45,1,3.0
CUST14715,Anjali Rao,66733.0,14382.52,1,1.0
CUST23033,Sneha Patel,66713.09999999999,10627.99,1,3.0
CUST24946,Abhishek Pradhan,66709.5,4452.23,1,1.0
CUST15413,Arjun Sahu,66706.2,4749.99,1,3.0
CUST12177,Deepak Behera,66702.9,14963.71,1,3.0
CUST16948,Riya Reddy,66692.8,7579.66,1,1.0
CUST23909,Nisha Mehta,66672.0,8505.86,1,1.0
CUST27455,Vikas Singh,66666.34999999999,6013.14,1,1.0
CUST27242,Anjali Mehta,66654.40000000001,8752.22,1,2.0
CUST24335,Manish Reddy,66648.8,3693.96,1,1.0
CUST28861,Neha Sahu,66633.0,10708.46,1,2.0
CUST17652,Abhishek Kumar,66625.4,8662.16,1,2.0
CUST10669,Sanjay Reddy,66595.8,5840.45,1,2.0
CUST25610,Sneha Gupta,66571.2,12228.81,1,2.0
CUST11534,Swati Sahu,66570.0,11703.8,1,1.0
CUST14639,Priya Patel,66564.59999999999,8594.99,1,1.0
CUST22907,Abhishek Kumar,66526.95,13207.5,1,3.0
CUST27870,Sneha Verma,66521.25,14471.44,1,3.0
CUST17239,Karan Reddy,66519.0,10648.73,1,2.0
CUST16825,Akash Behera,66510.40000000001,9062.38,1,1.0
CUST15394,Swati Mohanty,66507.0,10635.9,1,1.0
CUST22607,Vivek Rao,66498.75,16224.12,1,5.0
CUST15561,Vivek Singh,66495.8,16125.8,1,1.0
CUST11158,Rohit Sahu,66489.0,16167.35,1,2.0
CUST11401,Kavita Verma,66487.5,11902.56,1,5.0
CUST28189,Abhishek Rao,66438.90000000001,10023.06,1,1.0
CUST22100,Riya Panda,66436.2,6002.33,1,1.0
CUST16664,Rohit Rao,66424.0,10808.63,1,2.0
CUST23741,Nisha Singh,66418.8,13649.77,1,1.0
CUST19772,Vikas Mohanty,66411.2,8756.91,1,2.0
CUST16997,Suresh Panda,66409.6,11379.02,1,4.0
CUST11698,Vikas Das,66396.9,16250.15,1,2.0
CUST25604,Rahul Singh,66393.59999999999,14466.68,1,1.0
CUST11283,Deepak Pradhan,66375.0,10515.08,1,1.0
CUST16564,Anjali Mishra,66371.25,7645.8,1,5.0
CUST26016,Rahul Dutta,66370.5,7320.02,1,2.0
CUST19478,Sanjay Mehta,66368.0,12926.82,1,4.0
CUST28903,Kavita Behera,66360.0,3637.3,1,5.0
CUST12385,Raj Sharma,66356.1,9730.94,1,1.0
CUST12079,Manish Pradhan,66352.5,10091.25,1,5.0
CUST16942,Karan Patel,66346.0,15404.14,1,1.0
CUST12059,Kavita Nayak,66341.0,7479.25,1,1.0
CUST11822,Raj Dutta,66340.8,11469.44,1,1.0
CUST20931,Amit Kumar,66322.8,4540.99,1,2.0
CUST23660,Manish Mohanty,66312.90000000001,6551.11,1,1.0
CUST24567,Vivek Sahu,66294.9,16486.16,1,1.0
CUST15343,Pooja Dutta,66286.25,7619.28,1,1.0
CUST26565,Vikas Kumar,66267.7,11079.66,1,1.0
CUST17083,Vivek Panda,66262.40000000001,12383.35,1,2.0
CUST24002,Raj Mishra,66253.59999999999,11340.4,1,2.0
CUST24519,Priya Pradhan,66250.8,8819.27,1,1.0
CUST17708,Deepak Rao,66238.75,11340.86,1,1.0
CUST22413,Sneha Nayak,66220.0,8450.66,1,4.0
CUST23386,Rohit Mohanty,66216.5,13773.21,1,1.0
CUST21785,Nisha Panda,66208.8,10380.5,1,1.0
CUST27407,Arjun Yadav,66202.5,12644.15,1,1.0
CUST25910,Riya Verma,66193.15,7073.57,1,1.0
CUST22510,Suresh Sharma,66191.3,11616.41,1,1.0
CUST17815,Sneha Jain,66183.0,14960.6,1,1.0
CUST12958,Arjun Pradhan,66156.8,6227.22,1,1.0
CUST15421,Neha Das,66156.0,11481.57,1,1.0
CUST25353,Amit Pradhan,66147.2,4712.9,1,1.0
CUST10351,Manish Panda,66131.1,15718.22,1,3.0
CUST16800,Ankit Mehta,66124.8,14766.75,1,4.0
CUST17178,Sanjay Sahu,66091.5,10463.59,1,5.0
CUST25986,Karan Mehta,66087.0,4476.71,1,5.0
CUST19726,Sneha Das,66059.25,9574.46,1,1.0
CUST27667,Sanjay Panda,66057.6,8072.54,1,1.0
CUST18774,Manish Patel,66056.0,6300.81,1,5.0
CUST20586,Vivek Sharma,66039.25,10589.94,1,5.0
CUST17655,Abhishek Nayak,66036.0,7323.12,1,1.0
CUST25961,Nisha Behera,66032.4,14136.15,1,3.0
CUST10258,Swati Sahu,66028.0,9100.64,1,1.0
CUST17203,Amit Das,66024.0,15689.32,1,2.0
CUST12282,Rahul Das,66012.8,7111.59,1,4.0
CUST12257,Raj Mehta,66011.0,14324.55,1,5.0
CUST20911,Sneha Gupta,66006.0,12734.82,1,4.0
CUST25554,Sneha Singh,66002.40000000001,7620.65,1,1.0
CUST16755,Amit Behera,65996.25,15104.18,1,5.0
CUST20209,Swati Behera,65989.6,11918.85,1,1.0
CUST13954,Neha Mehta,65964.2,9239.49,1,2.0
CUST17194,Manish Reddy,65949.6,13599.9,1,3.0
CUST27381,Vivek Nayak,65927.7,13548.86,1,3.0
CUST23794,Suresh Das,65926.0,10121.84,1,4.0
CUST26940,Vikas Reddy,65920.0,8874.31,1,2.0
CUST10271,Abhishek Gupta,65894.5,15735.37,1,1.0
CUST16479,Swati Singh,65889.0,4377.91,1,3.0
CUST15429,Vikas Jain,65877.6,3423.05,1,3.0
CUST21032,Riya Behera,65872.8,7571.42,1,2.0
CUST25908,Shreya Kumar,65863.8,7095.71,1,1.0
CUST13355,Unknown,65860.2,10666.0,1,2.0
CUST22537,Abhishek Gupta,65856.0,8242.82,1,3.0
CUST20154,Sanjay Yadav,65856.0,5002.69,1,1.0
CUST14808,Arjun Nayak,65853.0,10335.61,1,4.0
CUST19061,Akash Jain,65851.0,10612.67,1,1.0
CUST12199,Rohit Panda,65850.0,14715.48,1,4.0
CUST12988,Akash Kumar,65839.5,5434.64,1,2.0
CUST23026,Kavita Verma,65818.8,12734.99,1,2.0
CUST23612,Vivek Behera,65804.40000000001,10729.9,1,3.0
CUST24182,Sneha Reddy,65800.7,13107.72,1,1.0
CUST16457,Ankit Yadav,65772.75,11577.23,1,1.0
CUST16770,Akash Jain,65772.3,4925.51,1,1.0
CUST27315,Neha Nayak,65766.75,8898.38,1,1.0
CUST13211,Arjun Kumar,65741.2,5460.82,1,2.0
CUST14041,Vivek Yadav,65739.0,14828.88,1,5.0
CUST21510,Unknown,65733.02,16847.23,1,1.0
CUST21360,Pooja Verma,65717.75,11976.78,1,1.0
CUST10247,Rahul Reddy,65713.2,5315.67,1,1.0
CUST18188,Pooja Mohanty,65686.0,11435.48,1,2.0
CUST12527,Anjali Verma,65678.25,8780.91,1,1.0
CUST26366,Pooja Das,65677.5,15505.84,1,3.0
CUST20042,Kavita Sahu,65668.0,4642.73,1,2.0
CUST11044,Riya Reddy,65635.5,8832.65,1,3.0
CUST18450,Priya Sharma,65632.0,13888.4,1,1.0
CUST28448,Rahul Singh,65629.2,10504.65,1,1.0
CUST23288,Deepak Reddy,65610.8,9101.46,1,2.0
CUST21462,Neha Kumar,65598.0,11426.53,1,3.0
CUST21427,Vivek Rao,65586.09999999999,13161.01,1,1.0
CUST24086,Suresh Mehta,65582.0,11041.82,1,1.0
CUST24736,Arjun Gupta,65581.2,12222.84,1,4.0
CUST19342,Karan Mohanty,65575.2,6354.37,1,1.0
CUST26436,Amit Yadav,65562.7,8090.5,1,1.0
CUST23863,Raj Yadav,65556.8,6682.83,1,1.0
CUST19201,Raj Jain,65556.25,3437.54,1,1.0
CUST22481,Amit Sahu,65534.4,11506.2,1,3.0
CUST20539,Amit Mehta,65529.9,5478.06,1,1.0
CUST14120,Amit Patel,65523.399999999994,6192.45,1,1.0
CUST23240,Rohit Panda,65520.0,11530.29,1,4.0
CUST22636,Arjun Patel,65512.8,5501.46,1,3.0
CUST11324,Kavita Dutta,65491.99999999999,6830.61,1,5.0
CUST21924,Neha Behera,65491.200000000004,11176.35,1,4.0
CUST12604,Raj Reddy,65466.75,13391.21,1,1.0
CUST16843,Vivek Dutta,65464.200000000004,4890.56,1,2.0
CUST12977,Kavita Yadav,65446.4,5239.53,1,1.0
CUST11816,Sanjay Pradhan,65440.0,12595.82,1,1.0
CUST15117,Shreya Singh,65424.0,10934.07,1,2.0
CUST25806,Rahul Reddy,65409.0,10142.34,1,1.0
CUST22896,Riya Nayak,65406.0,6700.51,1,3.0
CUST22455,Riya Singh,65372.4,5672.3,1,1.0
CUST16822,Swati Yadav,65371.799999999996,3606.35,1,3.0
CUST19010,Vivek Mehta,65349.600000000006,13980.58,1,3.0
CUST17465,Ankit Jain,65348.6,5899.71,1,2.0
CUST28240,Kavita Panda,65345.75,15317.92,1,1.0
CUST19534,Karan Dutta,65344.99999999999,3524.13,1,5.0
CUST27974,Rohit Singh,65331.9,7936.67,1,3.0
CUST25779,Amit Mehta,65329.600000000006,13659.44,1,1.0
CUST10521,Swati Dutta,65329.6,8548.27,1,4.0
CUST19217,Raj Mehta,65317.5,4995.93,1,1.0
CUST17020,Swati Mishra,65312.299999999996,8476.48,1,2.0
CUST23227,Abhishek Rao,65307.2,11300.66,1,1.0
CUST22879,Manish Mishra,65304.65,8202.82,1,1.0
CUST27759,Ankit Panda,65274.9,7085.81,1,2.0
CUST26374,Priya Reddy,65223.0,11556.13,1,1.0
CUST19352,Priya Reddy,65221.200000000004,12119.41,1,1.0
CUST10811,Abhishek Jain,65213.399999999994,4402.89,1,1.0
CUST16107,Karan Panda,65208.0,5713.13,1,4.0
CUST18593,Amit Pradhan,65198.4,3727.41,1,3.0
CUST20011,Rohit Mohanty,65196.0,14713.58,1,2.0
CUST16063,Kavita Sharma,65179.5,5359.36,1,3.0
CUST11603,Pooja Mishra,65166.2,12992.88,1,1.0
CUST17271,Abhishek Mehta,65158.45,5279.69,1,1.0
CUST14146,Deepak Verma,65152.0,4619.54,1,1.0
CUST18833,Rahul Jain,65146.2,3290.31,1,1.0
CUST10837,Shreya Singh,65122.5,8495.81,1,2.0
CUST18059,Swati Mishra,65115.0,7423.44,1,5.0
CUST17246,Rohit Jain,65112.6,14929.22,1,1.0
CUST24600,Pooja Kumar,65111.4,14253.76,1,1.0
CUST20233,Pooja Gupta,65108.8,7953.24,1,2.0
CUST24624,Raj Singh,65108.0,8889.44,1,1.0
CUST28336,Neha Kumar,65107.5,13211.26,1,2.0
CUST14593,Kavita Reddy,65104.8,11956.12,1,1.0
CUST21527,Ankit Mehta,65102.4,7469.56,1,3.0
CUST28548,Sneha Mehta,65101.5,9168.24,1,1.0
CUST15475,Karan Sharma,65091.149999999994,14976.53,1,1.0
CUST15199,Pooja Mohanty,65063.6,16128.39,1,4.0
CUST18749,Sneha Verma,65063.6,8308.31,1,1.0
CUST24412,Arjun Singh,65045.549999999996,15029.94,1,3.0
CUST15668,Akash Jain,65044.8,6986.98,1,1.0
CUST11752,Akash Singh,65044.549999999996,11671.71,1,1.0
CUST16834,Raj Sahu,65029.77,13957.61,1,1.0
CUST10648,Sanjay Gupta,65016.8,6973.44,1,1.0
CUST13399,Vikas Pradhan,65014.5,4785.14,1,1.0
CUST26910,Rahul Reddy,65014.2,11327.63,1,4.0
CUST15466,Riya Patel,65013.0,9304.43,1,2.0
CUST24328,Sneha Reddy,64953.9,5686.98,1,3.0
CUST24022,Swati Patel,64952.99999999999,15701.28,1,5.0
CUST18472,Vivek Yadav,64940.399999999994,3920.4,1,1.0
CUST27380,Karan Pradhan,64936.0,13460.94,1,1.0
CUST27185,Priya Pradhan,64935.0,15490.85,1,1.0
CUST18944,Suresh Mehta,64928.0,13572.2,1,4.0
CUST19082,Sanjay Verma,64878.4,12490.18,1,1.0
CUST15779,Neha Reddy,64858.399999999994,9411.25,1,1.0
CUST11054,Riya Verma,64855.85,11897.33,1,1.0
CUST24705,Rohit Rao,64848.0,14432.3,1,4.0
CUST21923,Vivek Panda,64846.0,3998.29,1,1.0
CUST20130,Rahul Gupta,64843.0,12528.69,1,1.0
CUST20628,Vikas Pradhan,64827.0,15496.28,1,1.0
CUST20492,Shreya Panda,64812.299999999996,9856.58,1,3.0
CUST19388,Vivek Reddy,64811.85,3290.12,1,1.0
CUST16950,Vikas Gupta,64780.2,14209.63,1,2.0
CUST20778,Ankit Mishra,64773.600000000006,4714.75,1,1.0
CUST10888,Neha Gupta,64763.299999999996,8351.89,1,1.0
CUST25551,Neha Jain,64756.75,10139.25,1,1.0
CUST21840,Swati Rao,64749.0,3416.6,1,3.0
CUST11332,Pooja Panda,64746.2,4082.51,1,2.0
CUST19285,Nisha Dutta,64733.0,5373.13,1,4.0
CUST13003,Arjun Mishra,64716.8,13599.36,1,4.0
CUST14316,Neha Singh,64712.1,12084.06,1,1.0
CUST19558,Rahul Jain,64705.4,10365.34,1,2.0
CUST21143,Rahul Rao,64696.9,14016.1,1,1.0
CUST28409,Vikas Mehta,64692.149999999994,11923.1,1,3.0
CUST21168,Priya Panda,64680.75,5299.43,1,1.0
CUST21412,Sneha Rao,64676.25,7813.23,1,3.0
CUST22395,Pooja Jain,64675.049999999996,14974.41,1,1.0
CUST10162,Arjun Verma,64674.0,12765.01,1,1.0
CUST17518,Abhishek Behera,64660.0,9646.11,1,5.0
CUST15924,Swati Patel,64638.0,11334.81,1,2.0
CUST16246,Arjun Nayak,64636.0,9978.47,1,4.0
CUST11418,Anjali Behera,64635.3,5486.38,1,3.0
CUST16174,Karan Mishra,64633.600000000006,13395.04,1,1.0
CUST12485,Akash Gupta,64632.299999999996,15566.79,1,2.0
CUST25567,Abhishek Singh,64607.25,14305.05,1,1.0
CUST13942,Riya Verma,64606.0,15681.58,1,1.0
CUST22082,Swati Das,64576.399999999994,9468.62,1,2.0
CUST12634,Raj Patel,64557.0,10153.28,1,3.0
CUST10554,Vikas Reddy,64556.299999999996,10924.77,1,2.0
CUST21915,Manish Dutta,64537.5,10533.99,1,1.0
CUST24155,Karan Sharma,64499.299999999996,15843.31,1,2.0
CUST28318,Amit Kumar,64495.8,12319.78,1,1.0
CUST22728,Akash Verma,64478.399999999994,14208.07,1,1.0
CUST23888,Sanjay Verma,64476.0,14298.59,1,2.0
CUST20289,Ankit Behera,64464.0,14466.11,1,4.0
CUST24699,Sneha Mishra,64457.1,10910.23,1,1.0
CUST25826,Neha Behera,64455.0,14371.04,1,4.0
CUST12223,Swati Sharma,64440.2,11942.42,1,1.0
CUST19930,Rahul Yadav,64429.0,11432.17913333335,1,1.0
CUST28465,Unknown,64403.25,13828.38,1,1.0
CUST20643,Vivek Gupta,64395.0,8929.43,1,1.0
CUST21660,Neha Gupta,64393.85,14563.26,1,1.0
CUST14136,Akash Nayak,64391.0,4325.36,1,4.0
CUST11631,Neha Nayak,64390.4,14480.68,1,4.0
CUST27753,Sanjay Sharma,64389.6,6947.45,1,3.0
CUST16536,Sneha Verma,64373.9,5041.21,1,1.0
CUST19035,Rohit Yadav,64356.799999999996,7786.55,1,1.0
CUST22421,Rohit Singh,64350.149999999994,9909.521466666683,1,3.0
CUST24330,Anjali Sharma,64341.6,7817.16,1,3.0
CUST13303,Rahul Reddy,64333.49999999999,7500.15,1,3.0
CUST14792,Akash Nayak,64329.0,13578.47,1,4.0
CUST25450,Karan Rao,64316.8,7392.57,1,1.0
CUST16403,Rahul Dutta,64312.149999999994,12085.72,1,1.0
CUST16823,Suresh Panda,64309.299999999996,13855.73,1,1.0
CUST17138,Shreya Jain,64301.7,3533.14,1,3.0
CUST16103,Riya Verma,64294.200000000004,10565.0,1,2.0
CUST19762,Nisha Verma,64294.0,14197.06,1,2.0
CUST14865,Shreya Rao,64293.0,10448.22,1,2.0
CUST24034,Amit Sharma,64269.600000000006,5206.05,1,1.0
CUST26501,Rohit Sahu,64249.200000000004,7074.89,1,4.0
CUST27866,Vivek Dutta,64237.049999999996,4937.74,1,1.0
CUST16159,Suresh Gupta,64234.25,12950.03,1,5.0
CUST27659,Shreya Kumar,64224.299999999996,14001.54,1,3.0
CUST28735,Akash Rao,64207.49999999999,15747.7,1,5.0
CUST22499,Nisha Patel,64198.399999999994,9812.61,1,4.0
CUST22191,Swati Sahu,64167.75,15354.59,1,1.0
CUST17772,Neha Jain,64161.600000000006,7425.26,1,3.0
CUST26267,Neha Rao,64140.99999999999,4459.74,1,1.0
CUST10303,Vikas Mohanty,64132.6,4811.55,1,1.0
CUST11467,Pooja Kumar,64130.49999999999,13057.39,1,1.0
CUST11648,Sanjay Patel,64111.6,8703.3,1,2.0
CUST15841,Shreya Rao,64101.6,13761.03,1,2.0
CUST22758,Arjun Dutta,64100.399999999994,9365.28,1,3.0
CUST22911,Karan Singh,64087.45,15238.39,1,1.0
CUST21199,Manish Mohanty,64065.149999999994,14126.87,1,3.0
CUST14631,Riya Pradhan,64058.4,12840.07,1,1.0
CUST18064,Pooja Rao,64053.0,5372.0,1,1.0
CUST16204,Arjun Reddy,64037.700000000004,6240.43,1,1.0
CUST25408,Riya Reddy,64006.4,9160.27,1,4.0
CUST13599,Karan Yadav,64005.0,7770.45,1,3.0
CUST26468,Karan Das,63987.3,11003.245899999982,1,3.0
CUST13391,Vivek Nayak,63985.5,14889.56,1,1.0
CUST13775,Suresh Sharma,63960.399999999994,15887.33,1,4.0
CUST15908,Abhishek Jain,63940.799999999996,14182.25,1,1.0
CUST24351,Rohit Singh,63939.75,9657.88,1,3.0
CUST13412,Pooja Nayak,63938.7,10641.54,1,2.0
CUST11404,Amit Mishra,63928.5,6860.13,1,1.0
CUST12156,Riya Panda,63924.0,15635.23,1,1.0
CUST16784,Sneha Verma,63923.4,3891.18,1,1.0
CUST25794,Deepak Mehta,63923.25,15282.07,1,1.0
CUST11529,Vivek Nayak,63919.799999999996,10690.21,1,4.0
CUST11598,Ankit Jain,63905.549999999996,9207.61,1,1.0
CUST16110,Sneha Patel,63900.0,12173.62,1,3.0
CUST18183,Abhishek Reddy,63866.4,11937.14,1,3.0
CUST11094,Amit Behera,63846.299999999996,9088.88,1,1.0
CUST19615,Deepak Patel,63826.5,11227.34,1,2.0
CUST17779,Akash Jain,63825.0,8893.95,1,1.0
CUST16690,Swati Singh,63804.0,6067.11,1,1.0
CUST21594,Raj Behera,63783.0,3484.35,1,3.0
CUST18525,Pooja Das,63779.1,6781.9,1,1.0
CUST19765,Manish Patel,63778.5,10331.98,1,1.0
CUST12399,Amit Yadav,63765.899999999994,8203.35,1,2.0
CUST10031,Abhishek Das,63761.149999999994,5182.98,1,1.0
CUST21013,Suresh Dutta,63753.600000000006,7637.54,1,4.0
CUST24525,Raj Mishra,63752.49999999999,15261.31,1,5.0
CUST17858,Deepak Rao,63747.0,13818.75,1,1.0
CUST17682,Sanjay Mehta,63710.25,5247.25,1,1.0
CUST21833,Sneha Das,63703.200000000004,3459.61,1,1.0
CUST19520,Ankit Mehta,63696.0,9834.54,1,1.0
CUST13246,Vikas Pradhan,63665.7,5721.77,1,3.0
CUST11978,Deepak Reddy,63663.6,14102.98,1,2.0
CUST15683,Anjali Nayak,63654.4,15377.27,1,1.0
CUST21310,Pooja Yadav,63651.899999999994,10410.4,1,1.0
CUST16478,Raj Rao,63648.2,3276.72,1,2.0
CUST23881,Arjun Gupta,63644.299999999996,11962.84,1,2.0
CUST15116,Rahul Sahu,63642.399999999994,9628.69,1,4.0
CUST20255,Anjali Mehta,63629.1,9723.15,1,1.0
CUST11972,Abhishek Yadav,63625.600000000006,10076.78,1,2.0
CUST18758,Vivek Verma,63618.0,12597.14,1,1.0
CUST23300,Akash Kumar,63617.4,13056.09,1,3.0
CUST22428,Akash Rao,63612.0,11162.33,1,3.0
CUST13468,Swati Singh,63600.0,8066.71,1,5.0
CUST15937,Abhishek Rao,63581.25,15567.54,1,5.0
CUST17005,Ankit Jain,63579.7,12723.64,1,2.0
CUST27793,Nisha Rao,63572.1,14759.25,1,2.0
CUST18562,Ankit Mohanty,63549.0,10937.4,1,1.0
CUST24854,Rohit Behera,63534.0,8558.05,1,1.0
CUST18436,Sanjay Yadav,63496.1,7173.65,1,2.0
CUST25181,Suresh Kumar,63489.99999999999,7095.99,1,4.0
CUST27246,Arjun Pradhan,63487.2,7883.12,1,4.0
CUST22178,Shreya Reddy,63483.0,4666.28,1,1.0
CUST18502,Abhishek Sahu,63478.0,15649.6,1,1.0
CUST28327,Ankit Das,63458.1,5728.67,1,1.0
CUST24583,Vikas Panda,63452.2,8653.59,1,2.0
CUST22305,Nisha Das,63442.899999999994,8055.54,1,2.0
CUST19749,Amit Nayak,63434.4,9034.13,1,3.0
CUST16352,Pooja Sharma,63429.0,4298.42,1,2.0
CUST10270,Riya Panda,63406.4,8086.2,1,2.0
CUST28869,Rahul Behera,63405.299999999996,13906.26,1,1.0
CUST15106,Neha Behera,63403.200000000004,13225.05,1,1.0
CUST24076,Deepak Reddy,63397.299999999996,6315.4,1,1.0
CUST20744,Swati Behera,63388.8,10271.99,1,1.0
CUST10574,Priya Rao,63388.49999999999,3486.17,1,3.0
CUST14343,Unknown,63383.6,13479.76,1,2.0
CUST18920,Swati Sahu,63368.25,9222.49,1,1.0
CUST20929,Shreya Sharma,63363.6,3462.03,1,4.0
CUST24071,Amit Mohanty,63336.75,7635.23,1,1.0
CUST19756,Nisha Jain,63320.75,3589.24,1,1.0
CUST14206,Suresh Panda,63286.0,15773.35,1,2.0
CUST16368,Rohit Rao,63275.7,4684.79,1,1.0
CUST11354,Manish Mohanty,63275.1,10362.17,1,1.0
CUST23773,Neha Pradhan,63272.0,8179.6,1,5.0
CUST18306,Anjali Rao,63261.0,6407.14,1,2.0
CUST26265,Pooja Jain,63260.399999999994,12128.58,1,4.0
CUST23618,Neha Panda,63257.25,5826.45,1,1.0
CUST28343,Amit Verma,63255.49999999999,4924.52,1,5.0
CUST16560,Karan Dutta,63246.0,9827.1,1,4.0
CUST20123,Neha Nayak,63241.49999999999,6908.71,1,5.0
CUST27679,Ankit Dutta,63237.0,4430.45,1,3.0
CUST27902,Suresh Pradhan,63232.200000000004,13588.27,1,2.0
CUST27976,Amit Kumar,63229.6,5801.85,1,2.0
CUST15396,Amit Singh,63227.25,4791.31,1,3.0
CUST15193,Swati Patel,63222.15,8980.4,1,1.0
CUST28398,Sneha Reddy,63214.2,5835.26,1,3.0
CUST28599,Neha Pradhan,63210.75,11805.97,1,1.0
CUST16884,Pooja Dutta,63206.0,13754.3,1,5.0
CUST25407,Vikas Behera,63204.0,4831.08,1,3.0
CUST21185,Rahul Jain,63198.35,9530.95,1,1.0
CUST26499,Rahul Kumar,63184.799999999996,11125.38,1,4.0
CUST26822,Manish Reddy,63173.7,15777.59,1,2.0
CUST22851,Swati Jain,63165.75,8994.37,1,1.0
CUST28042,Manish Yadav,63150.299999999996,14373.0,1,3.0
CUST26767,Sanjay Pradhan,63145.0,5782.38,1,1.0
CUST14127,Akash Das,63117.049999999996,6385.21,1,1.0
CUST16999,Pooja Reddy,63114.2,11452.05,1,2.0
CUST25311,Sneha Mohanty,63111.0,5779.25,1,1.0
CUST19097,Priya Sahu,63102.2,14318.13,1,1.0
CUST25754,Riya Mishra,63096.3,3702.55,1,3.0
CUST23459,Kavita Patel,63096.149999999994,11231.6,1,3.0
CUST20764,Abhishek Mishra,63096.0,11479.91,1,2.0
CUST28718,Nisha Mohanty,63093.6,10200.67,1,3.0
CUST15598,Nisha Kumar,63082.75,15561.08,1,1.0
CUST26694,Riya Dutta,63076.799999999996,8509.69,1,1.0
CUST11814,Rahul Yadav,63062.25,13686.1,1,1.0
CUST22046,Abhishek Jain,63057.6,8125.48,1,1.0
CUST11639,Nisha Mishra,63032.5,6703.08,1,5.0
CUST22891,Rahul Jain,63025.2,9888.75,1,4.0
CUST20058,Riya Gupta,63024.0,3986.14,1,4.0
CUST16643,Shreya Panda,63023.4,11805.23,1,1.0
CUST10073,Riya Mishra,63018.0,12552.86,1,1.0
CUST12238,Akash Kumar,62993.5,6012.04,1,2.0
CUST26000,Arjun Mishra,62970.75,7146.65,1,5.0
CUST10734,Amit Sahu,62961.25,4030.8,1,5.0
CUST28851,Neha Jain,62960.0,10321.18,1,5.0
CUST13520,Sanjay Gupta,62946.0,4831.75,1,3.0
CUST28931,Amit Mohanty,62896.6,7221.83,1,1.0
CUST18322,Shreya Yadav,62892.0,4296.02,1,4.0
CUST24574,Rahul Patel,62888.0,5960.54,1,1.0
CUST27650,Anjali Mehta,62866.299999999996,12594.95,1,1.0
CUST11850,Pooja Das,62860.8,3445.61,1,3.0
CUST14042,Sanjay Mishra,62856.0,14792.17,1,3.0
CUST18534,Neha Patel,62848.799999999996,9791.4,1,2.0
CUST25781,Vikas Patel,62828.1,3683.03,1,1.0
CUST19152,Priya Panda,62825.399999999994,15149.16,1,4.0
CUST17258,Deepak Reddy,62816.85,8744.51,1,3.0
CUST14267,Sneha Patel,62793.9,3181.93,1,3.0
CUST11416,Rahul Mohanty,62789.299999999996,13840.51,1,1.0
CUST16384,Nisha Sahu,62774.0,9910.19,1,1.0
CUST24183,Pooja Reddy,62716.8,4471.11,1,2.0
CUST17528,Suresh Reddy,62713.600000000006,4517.15,1,1.0
CUST25183,Karan Gupta,62712.0,6137.79,1,5.0
CUST15207,Kavita Das,62689.2,5385.4,1,2.0
CUST26870,Rohit Reddy,62684.1,14008.6,1,2.0
CUST16264,Vivek Panda,62682.899999999994,7839.84,1,1.0
CUST11258,Anjali Singh,62661.2,12412.6,1,2.0
CUST22815,Raj Dutta,62654.2,12492.26,1,1.0
CUST20385,Akash Panda,62631.9,10352.7,1,3.0
CUST10624,Rahul Das,62624.95,14083.07,1,1.0
CUST28461,Sanjay Rao,62618.49999999999,4241.85,1,5.0
CUST15289,Rahul Kumar,62611.0,6613.4,1,1.0
CUST16175,Vikas Patel,62610.0,7312.138033333307,1,5.0
CUST11655,Swati Jain,62608.0,11441.16,1,1.0
CUST15552,Sneha Mishra,62605.5,15270.86,1,2.0
CUST15382,Abhishek Mohanty,62604.0,10193.0,1,4.0
CUST14622,Amit Jain,62584.5,15541.85,1,1.0
CUST24234,Akash Das,62573.0,7909.88,1,1.0
CUST21196,Vikas Mohanty,62572.0,6407.3,1,1.0
CUST28100,Nisha Patel,62564.8,12166.07,1,1.0
CUST13731,Vivek Mohanty,62560.399999999994,4950.76,1,2.0
CUST20507,Nisha Das,62553.600000000006,10156.61,1,3.0
CUST17318,Abhishek Sahu,62551.200000000004,7506.64,1,1.0
CUST26676,Shreya Dutta,62534.700000000004,12284.48,1,1.0
CUST24262,Arjun Verma,62522.1,13324.62,1,1.0
CUST25315,Sanjay Jain,62520.0,4592.63,1,5.0
CUST13922,Nisha Sharma,62512.799999999996,6518.67,1,4.0
CUST21502,Sneha Singh,62511.75,4618.44,1,3.0
CUST19337,Raj Gupta,62498.6,3592.21,1,2.0
CUST22187,Vivek Mehta,62495.4,8273.42,1,1.0
CUST21439,Sanjay Das,62489.25,6569.44,1,1.0
CUST14937,Deepak Yadav,62476.0,8316.91,1,1.0
CUST13772,Karan Jain,62468.0,10181.6,1,4.0
CUST23630,Raj Behera,62460.549999999996,9676.64,1,1.0
CUST16053,Arjun Yadav,62460.0,3909.24,1,1.0
CUST12453,Sanjay Patel,62458.5,14366.77,1,1.0
CUST14442,Swati Verma,62445.6,13400.01,1,4.0
CUST14917,Raj Nayak,62432.5,3238.09,1,5.0
CUST25693,Nisha Yadav,62429.49999999999,7944.74,1,1.0
CUST11960,Kavita Sharma,62424.0,13768.31,1,1.0
CUST22486,Pooja Dutta,62403.6,10505.4,1,1.0
CUST22726,Deepak Behera,62389.5,11326.4,1,2.0
CUST18955,Neha Pradhan,62378.4,15184.24,1,1.0
CUST12206,Pooja Sharma,62374.4,14407.2,1,2.0
CUST18855,Deepak Verma,62373.6,10438.05,1,1.0
CUST28619,Pooja Kumar,62371.0,14699.35,1,1.0
CUST18482,Vikas Dutta,62365.5,10199.16,1,2.0
CUST23368,Anjali Mohanty,62334.0,9233.21,1,1.0
CUST19448,Neha Rao,62324.0,13684.34,1,2.0
CUST24345,Karan Nayak,62319.6,6045.6,1,3.0
CUST23364,Karan Nayak,62310.49999999999,5106.68,1,5.0
CUST26447,Vivek Rao,62307.0,5945.71,1,1.0
CUST19908,Amit Mishra,62284.0,9912.33,1,4.0
CUST19564,Anjali Yadav,62252.549999999996,10676.56,1,3.0
CUST15576,Rahul Dutta,62251.200000000004,13513.85,1,4.0
CUST10144,Rahul Das,62246.25,5199.05,1,1.0
CUST25524,Neha Nayak,62244.7,14538.86,1,1.0
CUST12641,Rohit Mehta,62237.0,8708.13,1,1.0
CUST19167,Neha Mohanty,62235.0,3895.49,1,2.0
CUST25789,Rohit Jain,62226.899999999994,7933.64,1,2.0
CUST21455,Anjali Mohanty,62209.7,9561.92,1,1.0
CUST17922,Suresh Sahu,62194.5,12230.39,1,2.0
CUST10504,Swati Pradhan,62187.200000000004,5476.66,1,2.0
CUST22540,Rahul Singh,62186.0,6023.9,1,2.0
CUST25868,Raj Sharma,62182.5,7302.19,1,5.0
CUST12919,Kavita Patel,62182.0,7797.87,1,2.0
CUST19305,Vikas Dutta,62178.0,7803.3,1,1.0
CUST28000,Arjun Verma,62172.0,8144.32,1,3.0
CUST21264,Raj Das,62171.899999999994,12298.34,1,1.0
CUST26378,Raj Das,62154.4,9079.18,1,1.0
CUST16520,Priya Patel,62147.200000000004,7302.89,1,4.0
CUST15144,Anjali Mohanty,62145.299999999996,8337.83,1,1.0
CUST19012,Raj Sahu,62143.5,12867.38,1,2.0
CUST22570,Amit Verma,62143.2,4935.54,1,4.0
CUST25921,Amit Verma,62137.5,10768.62,1,2.0
CUST28530,Amit Rao,62135.0,7222.95,1,1.0
CUST24830,Manish Panda,62128.2,8863.01,1,2.0
CUST19898,Neha Verma,62124.799999999996,9447.1,1,1.0
CUST28787,Kavita Kumar,62123.1,8698.51,1,2.0
CUST23248,Pooja Mishra,62108.0,7377.76,1,4.0
CUST15824,Raj Sahu,62101.0,3830.87,1,2.0
CUST13965,Sneha Pradhan,62080.97,3179.06,1,1.0
CUST15368,Deepak Jain,62079.3,13965.81,1,1.0
CUST25984,Pooja Rao,62073.799999999996,6555.68,1,1.0
CUST18010,Akash Reddy,62044.200000000004,15495.29,1,1.0
CUST17439,Rohit Jain,62028.75,8396.38,1,1.0
CUST15460,Anjali Pradhan,62020.8,6596.04,1,2.0
CUST10498,Rahul Verma,62016.49999999999,12518.79,1,1.0
CUST14966,Deepak Mehta,62014.1,4052.9,1,1.0
CUST14971,Neha Nayak,62013.75,14490.75,1,1.0
CUST16183,Pooja Pradhan,61984.0,9302.88,1,1.0
CUST25422,Akash Nayak,61967.0,12141.74,1,1.0
CUST13187,Kavita Pradhan,61958.4,10468.85,1,3.0
CUST11359,Raj Kumar,61955.200000000004,7857.24,1,1.0
CUST14451,Riya Nayak,61955.0,12526.68,1,1.0
CUST11376,Neha Jain,61951.399999999994,12148.26,1,2.0
CUST27618,Amit Mehta,61947.899999999994,10089.27,1,3.0
CUST25924,Pooja Jain,61935.0,13643.96,1,3.0
CUST15557,Rohit Singh,61881.0,9684.45,1,1.0
CUST22263,Deepak Mohanty,61867.25,10362.69,1,5.0
CUST10191,Arjun Mohanty,61863.75,12106.62,1,5.0
CUST20676,Sneha Verma,61859.25,14935.98,1,3.0
CUST20827,Karan Behera,61817.600000000006,13837.65,1,4.0
CUST21663,Pooja Singh,61812.0,4147.83,1,3.0
CUST21007,Akash Jain,61810.799999999996,12772.76,1,4.0
CUST26706,Ankit Verma,61801.6,4629.02,1,4.0
CUST16790,Anjali Gupta,61786.8,11880.75,1,2.0
CUST22096,Arjun Nayak,61775.7,5568.34,1,1.0
CUST26898,Suresh Yadav,61772.9,4983.23,1,2.0
CUST15562,Riya Yadav,61764.0,12593.79,1,3.0
CUST25105,Priya Verma,61763.299999999996,15082.32,1,2.0
CUST16777,Abhishek Rao,61752.0,6931.23,1,5.0
CUST27033,Nisha Nayak,61724.8,3594.14,1,4.0
CUST23784,Swati Dutta,61708.8,11733.54,1,4.0
CUST27824,Ankit Verma,61708.2,9252.23,1,4.0
CUST12561,Rahul Singh,61701.600000000006,9188.17,1,3.0
CUST10706,Raj Sahu,61692.3,9377.05,1,1.0
CUST28370,Arjun Gupta,61686.0,9847.61,1,1.0
CUST12150,Amit Sharma,61681.2,9344.39,1,4.0
CUST11610,Karan Dutta,61658.799999999996,8783.06,1,2.0
CUST12176,Pooja Jain,61645.5,3429.84,1,1.0
CUST22520,Riya Das,61642.0,5713.11,1,1.0
CUST16811,Rahul Verma,61633.6,10254.0,1,4.0
CUST25361,Neha Mehta,61628.0,5363.47,1,5.0
CUST12096,Deepak Yadav,61612.8,11128.31,1,1.0
CUST19806,Kavita Jain,61611.4,9552.07,1,2.0
CUST14876,Neha Das,61611.299999999996,11435.9,1,1.0
CUST10366,Vivek Rao,61601.2,7532.64,1,4.0
CUST26288,Abhishek Pradhan,61588.8,13195.15,1,2.0
CUST13566,Neha Rao,61582.0,3846.24,1,2.0
CUST28853,Karan Dutta,61571.99999999999,7863.19,1,4.0
CUST13449,Deepak Jain,61556.2,15121.84,1,2.0
CUST23645,Karan Dutta,61544.0,14939.33,1,1.0
CUST27008,Manish Gupta,61540.8,4109.98,1,1.0
CUST17315,Shreya Dutta,61532.0,8861.04,1,1.0
CUST13498,Raj Rao,61530.0,5968.71,1,1.0
CUST19188,Rohit Mohanty,61517.399999999994,10074.31,1,1.0
CUST12213,Vivek Behera,61482.399999999994,6765.14,1,1.0
CUST12159,Ankit Verma,61479.6,4584.76,1,3.0
CUST15127,Nisha Mehta,61476.399999999994,6450.92,1,2.0
CUST20977,Vikas Singh,61475.45,8413.01,1,1.0
CUST22376,Swati Panda,61465.5,4455.92,1,1.0
CUST27081,Suresh Mehta,61465.5,14268.78,1,1.0
CUST26930,Rohit Jain,61443.2,4435.38,1,2.0
CUST12829,Kavita Verma,61441.200000000004,9615.3,1,1.0
CUST27688,Vikas Patel,61428.0,4728.7,1,2.0
CUST25014,Rahul Jain,61422.25,10600.0,1,5.0
CUST16848,Vikas Verma,61416.0,14224.37,1,2.0
CUST20174,Swati Yadav,61408.0,7894.34,1,2.0
CUST24066,Riya Singh,61400.49999999999,13439.46,1,1.0
CUST14696,Rahul Pradhan,61393.49999999999,5393.96,1,1.0
CUST18076,Kavita Reddy,61392.6,6226.99,1,3.0
CUST26014,Rahul Mehta,61386.0,9422.25,1,2.0
CUST26644,Rahul Panda,61383.6,3320.05,1,4.0
CUST13136,Swati Panda,61357.799999999996,4222.21,1,2.0
CUST20569,Suresh Pradhan,61349.4,10442.82,1,3.0
CUST13739,Vivek Sahu,61328.0,7191.36,1,4.0
CUST24380,Priya Mishra,61323.25,6626.75,1,5.0
CUST19626,Raj Behera,61314.3,12953.69,1,3.0
CUST14874,Suresh Pradhan,61310.5,5679.58,1,1.0
CUST22957,Vivek Nayak,61303.2,12153.24,1,1.0
CUST13460,Ankit Mohanty,61252.799999999996,14722.66,1,1.0
CUST25197,Riya Mehta,61245.9,13042.7,1,1.0
CUST28333,Vivek Das,61242.3,12361.03,1,1.0
CUST27188,Suresh Mohanty,61232.0,6865.92,1,4.0
CUST19823,Arjun Singh,61213.25,14101.03,1,1.0
CUST20163,Rahul Reddy,61211.9,3678.81,1,2.0
CUST24460,Rahul Behera,61196.4,11882.56,1,4.0
CUST11802,Shreya Singh,61190.0,6673.46,1,1.0
CUST12468,Vikas Verma,61188.3,8996.97,1,1.0
CUST19236,Abhishek Sharma,61187.200000000004,9499.2,1,2.0
CUST20568,Suresh Behera,61170.0,10844.87,1,5.0
CUST17278,Riya Dutta,61164.8,14521.69,1,4.0
CUST18131,Rahul Yadav,61151.25,3651.89,1,1.0
CUST26654,Vivek Sharma,61148.49999999999,3153.33,1,1.0
CUST14066,Nisha Dutta,61147.799999999996,14314.51,1,3.0
CUST25426,Vikas Sharma,61147.7,8764.4,1,2.0
CUST17674,Arjun Mishra,61147.5,6688.25,1,2.0
CUST14388,Neha Patel,61142.4,9749.8,1,2.0
CUST14506,Sanjay Gupta,61108.8,13504.95,1,3.0
CUST12558,Kavita Verma,61091.0,9858.36,1,1.0
CUST10024,Kavita Yadav,61084.8,6469.62,1,4.0
CUST11794,Abhishek Pradhan,61072.0,7832.22,1,2.0
CUST14728,Kavita Rao,61056.35,13318.53,1,1.0
CUST13900,Akash Patel,61056.0,10626.33,1,5.0
CUST16304,Kavita Mishra,61038.0,5077.82,1,3.0
CUST28496,Riya Sahu,61030.4,13567.68,1,1.0
CUST17454,Pooja Reddy,61010.899999999994,6973.49,1,1.0
CUST25902,Manish Mishra,60998.0,6545.77,1,2.0
CUST28510,Pooja Kumar,60993.799999999996,10623.72,1,2.0
CUST15912,Unknown,60986.25,4317.16,1,5.0
CUST28239,Karan Patel,60974.2,3229.79,1,2.0
CUST12358,Karan Singh,60963.399999999994,3926.31,1,2.0
CUST25335,Pooja Gupta,60962.0,7726.13,1,4.0
CUST23349,Raj Dutta,60946.7,4616.33,1,2.0
CUST27818,Raj Mohanty,60939.2,11500.37,1,2.0
CUST27204,Rahul Singh,60937.600000000006,11974.93,1,1.0
CUST25078,Shreya Sharma,60931.5,8867.43,1,1.0
CUST15379,Suresh Jain,60930.0,9325.39,1,3.0
CUST12799,Rohit Nayak,60924.0,13581.66,1,1.0
CUST26021,Vikas Gupta,60922.9,13320.91,1,2.0
CUST22759,Rahul Nayak,60915.0,6033.19,1,1.0
CUST10352,Raj Yadav,60912.0,10097.26,1,2.0
CUST18655,Vikas Mehta,60889.5,8573.06,1,5.0
CUST10723,Shreya Patel,60872.8,9462.74,1,1.0
CUST16793,Manish Sharma,60863.4,16998.17,1,3.0
CUST19492,Sneha Singh,60855.0,5468.82,1,2.0
CUST23629,Vikas Patel,60844.5,12028.49,1,1.0
CUST22632,Neha Mishra,60836.4,4526.22,1,2.0
CUST27979,Swati Rao,60836.25,8155.61,1,5.0
CUST23032,Manish Reddy,60829.99999999999,8772.1,1,4.0
CUST28039,Riya Sharma,60829.200000000004,9509.8,1,1.0
CUST14952,Vivek Dutta,60822.0,4583.65,1,2.0
CUST13048,Vivek Jain,60812.4,4613.95,1,1.0
CUST23211,Amit Reddy,60807.6,11244.6,1,4.0
CUST24269,Kavita Das,60804.799999999996,10885.85,1,4.0
CUST21482,Karan Singh,60803.049999999996,8809.74,1,1.0
CUST16084,Raj Patel,60789.0,11964.2,1,4.0
CUST20994,Anjali Mehta,60777.0,11837.51,1,1.0
CUST14219,Raj Reddy,60771.6,6446.35,1,1.0
CUST16205,Raj Panda,60770.49999999999,8121.79,1,1.0
CUST24528,Vikas Sharma,60752.25,6478.72,1,3.0
CUST12765,Anjali Mehta,60724.99999999999,5585.18,1,2.0
CUST15060,Suresh Rao,60710.4,4418.44,1,4.0
CUST14188,Riya Mohanty,60705.95,10076.35,1,1.0
CUST14553,Swati Rao,60699.200000000004,5710.34,1,2.0
CUST11618,Pooja Dutta,60691.399999999994,11127.84,1,2.0
CUST12548,Kavita Singh,60680.0,3460.71,1,2.0
CUST16455,Raj Rao,60648.0,13760.97,1,4.0
CUST16156,Priya Verma,60637.49999999999,8270.54,1,5.0
CUST16399,Rahul Yadav,60603.2,7406.99,1,1.0
CUST21524,Anjali Dutta,60594.75,8318.8,1,1.0
CUST18760,Rohit Nayak,60588.0,14918.34,1,3.0
CUST10409,Abhishek Pradhan,60564.0,3448.18,1,2.0
CUST10844,Arjun Jain,60563.700000000004,4552.0,1,1.0
CUST19481,Pooja Pradhan,60547.200000000004,13656.16,1,3.0
CUST11961,Shreya Das,60537.6,12700.33,1,1.0
CUST20087,Arjun Pradhan,60530.399999999994,11708.05,1,1.0
CUST22271,Manish Nayak,60509.799999999996,10267.31,1,2.0
CUST20016,Unknown,60509.399999999994,5076.68,1,1.0
CUST18632,Unknown,60506.6,6503.21,1,1.0
CUST19140,Vivek Yadav,60498.85,9991.969299999973,1,1.0
CUST27446,Neha Sahu,60494.5,8005.14,1,5.0
CUST21709,Priya Dutta,60488.399999999994,9899.81,1,4.0
CUST24696,Vivek Behera,60460.5,3909.55,1,2.0
CUST21747,Sneha Singh,60454.4,9006.96,1,4.0
CUST21494,Suresh Behera,60446.4,6443.44,1,3.0
CUST25239,Manish Yadav,60437.99999999999,6277.11,1,1.0
CUST14396,Shreya Kumar,60433.200000000004,7188.21,1,1.0
CUST25491,Pooja Panda,60423.99999999999,13294.8,1,5.0
CUST14202,Manish Dutta,60408.0,8069.77,1,3.0
CUST18074,Nisha Nayak,60401.25,4833.54,1,3.0
CUST11405,Pooja Nayak,60398.799999999996,9208.22,1,2.0
CUST18128,Priya Reddy,60396.25,12182.03,1,1.0
CUST25530,Deepak Verma,60389.1,11446.15,1,1.0
CUST28689,Rahul Pradhan,60384.0,12865.96,1,4.0
CUST12616,Ankit Reddy,60364.49999999999,5889.16,1,3.0
CUST25966,Akash Dutta,60358.5,11393.19,1,3.0
CUST10835,Ankit Das,60352.0,11357.66,1,4.0
CUST26206,Abhishek Reddy,60348.0,14883.69,1,3.0
CUST14710,Vikas Verma,60334.5,8598.88,1,5.0
CUST27853,Swati Yadav,60321.6,11503.4,1,4.0
CUST10969,Riya Sharma,60319.4,6136.68,1,4.0
CUST20656,Swati Panda,60312.0,14790.91,1,5.0
CUST16028,Deepak Mohanty,60310.5,13911.96,1,1.0
CUST26360,Neha Jain,60282.85,6271.06,1,1.0
CUST15771,Pooja Dutta,60279.0,3636.49,1,4.0
CUST14171,Swati Mohanty,60276.549999999996,6985.45,1,1.0
CUST22638,Shreya Kumar,60276.0,8100.37,1,1.0
CUST19068,Arjun Pradhan,60270.0,5682.54,1,2.0
CUST27203,Rohit Mishra,60252.799999999996,11511.29,1,1.0
CUST26997,Deepak Mehta,60248.0,5641.79,1,1.0
CUST25988,Pooja Panda,60244.8,3800.01,1,1.0
CUST16812,Nisha Behera,60234.299999999996,11513.07,1,3.0
CUST10425,Abhishek Rao,60231.49999999999,9623.46,1,5.0
CUST17976,Raj Yadav,60227.99999999999,13793.34,1,2.0
CUST10748,Riya Yadav,60227.25,6320.31,1,1.0
CUST10763,Abhishek Mishra,60225.0,8535.69,1,5.0
CUST21953,Sanjay Nayak,60217.0,12485.25,1,1.0
CUST10229,Deepak Panda,60211.0,10062.160666666665,1,1.0
CUST14266,Manish Mehta,60189.600000000006,12604.8,1,3.0
CUST19653,Arjun Kumar,60189.49999999999,6778.87,1,5.0
CUST20939,Vikas Verma,60185.99999999999,14825.37,1,1.0
CUST10553,Suresh Mehta,60171.1,9296.4,1,2.0
CUST20257,Nisha Dutta,60160.799999999996,11270.77,1,2.0
CUST23726,Shreya Panda,60157.99999999999,7164.02,1,4.0
CUST24982,Amit Yadav,60155.2,7102.42,1,4.0
CUST20946,Kavita Rao,60150.4,13212.37,1,4.0
CUST20960,Shreya Rao,60146.1,10457.86,1,1.0
CUST14569,Akash Mohanty,60143.299999999996,12633.99,1,1.0
CUST28822,Karan Reddy,60124.5,9496.83,1,3.0
CUST21979,Kavita Verma,60116.0,8959.29,1,5.0
CUST26834,Neha Das,60107.75,10558.02,1,1.0
CUST19684,Shreya Mehta,60105.6,5189.06,1,2.0
CUST17368,Manish Das,60084.799999999996,5136.21,1,2.0
CUST17784,Deepak Mishra,60045.0,14040.05,1,3.0
CUST24083,Shreya Das,60032.95,13672.18,1,1.0
CUST19476,Vivek Sahu,60022.4,5617.71,1,2.0
CUST20057,Sneha Reddy,60021.75,10113.88,1,1.0
CUST20329,Shreya Dutta,60015.299999999996,8932.56,1,1.0
CUST11126,Shreya Jain,60014.25,4991.72,1,3.0
CUST26262,Abhishek Jain,60007.5,10935.65,1,5.0
CUST21746,Kavita Gupta,60006.6,11795.04,1,2.0
CUST16900,Amit Nayak,60004.9,12283.62,1,1.0
CUST21873,Neha Sharma,59996.8,6088.56,1,1.0
CUST12722,Rohit Rao,59993.85,14183.77,1,1.0
CUST13386,Amit Mehta,59992.1,11986.95,1,1.0
CUST11225,Riya Reddy,59987.2,13681.87,1,2.0
CUST15490,Neha Behera,59973.5,5099.84,1,5.0
CUST16131,Pooja Mehta,59971.75,9780.08,1,5.0
CUST13425,Akash Rao,59964.0,5522.02,1,2.0
CUST25660,Amit Singh,59961.549999999996,6960.31,1,1.0
CUST15230,Vikas Behera,59958.0,8467.71,1,1.0
CUST13441,Unknown,59957.600000000006,9885.62,1,1.0
CUST25583,Priya Mishra,59945.2,14359.86,1,2.0
CUST28468,Nisha Gupta,59939.200000000004,12014.5,1,1.0
CUST28589,Sanjay Sharma,59938.5,8536.5,1,1.0
CUST16417,Shreya Das,59928.0,7966.39,1,2.0
CUST28603,Rahul Jain,59925.600000000006,7654.78,1,3.0
CUST16465,Vivek Jain,59916.0,2596.05,1,3.0
CUST11275,Neha Dutta,59908.0,9543.41,1,1.0
CUST15459,Sanjay Jain,59902.49999999999,11598.92,1,3.0
CUST17745,Priya Das,59877.99999999999,5826.97,1,2.0
CUST12679,Manish Jain,59875.7,14006.38,1,1.0
CUST22989,Karan Gupta,59875.200000000004,6823.45,1,1.0
CUST21634,Neha Jain,59861.25,7670.59,1,1.0
CUST26178,Sanjay Mehta,59852.75,13199.32,1,1.0
CUST24997,Riya Sahu,59845.1,9465.11,1,1.0
CUST13114,Nisha Jain,59837.0,13026.53,1,1.0
CUST15376,Raj Behera,59836.5,8418.99,1,5.0
CUST24383,Swati Kumar,59814.0,13139.7,1,3.0
CUST11191,Amit Jain,59810.4,13798.97,1,3.0
CUST26924,Neha Nayak,59804.399999999994,10718.31,1,4.0
CUST25460,Ankit Sahu,59803.45,12242.66,1,1.0
CUST28105,Abhishek Dutta,59802.0,7401.57,1,4.0
CUST12581,Ankit Mohanty,59778.799999999996,10560.07,1,1.0
CUST10859,Riya Nayak,59766.0,10252.38,1,4.0
CUST15593,Arjun Jain,59765.25,5653.3,1,1.0
CUST16677,Suresh Das,59765.2,11474.07,1,1.0
CUST27830,Sanjay Nayak,59754.6,14697.13,1,1.0
CUST17873,Vikas Singh,59744.0,6019.55,1,4.0
CUST24869,Karan Verma,59740.0,9227.0,1,2.0
CUST14701,Pooja Mishra,59738.4,12330.05,1,2.0
CUST25205,Vikas Singh,59712.0,12652.48,1,2.0
CUST22841,Vikas Dutta,59701.600000000006,14730.84,1,1.0
CUST16327,Amit Das,59684.4,11699.08,1,4.0
CUST23241,Sneha Kumar,59682.75,12118.97,1,3.0
CUST15542,Rohit Singh,59675.0,6403.05,1,5.0
CUST24777,Nisha Behera,59656.5,14905.19,1,5.0
CUST27794,Kavita Sharma,59648.0,7277.8,1,4.0
CUST23006,Akash Gupta,59628.0,6797.73,1,2.0
CUST27576,Arjun Verma,59628.0,6638.93,1,1.0
CUST25836,Amit Pradhan,59602.2,4997.91,1,3.0
CUST24052,Akash Reddy,59598.0,11173.85,1,2.0
CUST11633,Riya Reddy,59596.8,7945.42,1,1.0
CUST15503,Amit Sharma,59596.6,9432.12,1,1.0
CUST27943,Vivek Nayak,59596.6,11554.06,1,2.0
CUST26450,Pooja Sharma,59593.5,8658.08,1,1.0
CUST22601,Rahul Mishra,59590.99999999999,11492.18,1,1.0
CUST10590,Raj Verma,59587.549999999996,13415.36,1,1.0
CUST16577,Vikas Verma,59545.5,13794.75,1,2.0
CUST27966,Sanjay Patel,59518.7,3321.6,1,2.0
CUST24385,Arjun Sahu,59513.600000000006,8437.57,1,2.0
CUST17408,Suresh Mishra,59496.6,12014.45,1,2.0
CUST25829,Deepak Kumar,59493.0,12488.32,1,1.0
CUST28394,Ankit Singh,59490.0,13949.1,1,3.0
CUST16408,Priya Yadav,59481.0,4144.63,1,1.0
CUST21769,Ankit Pradhan,59463.0,10815.63,1,5.0
CUST25724,Shreya Verma,59459.549999999996,13256.58,1,1.0
CUST22584,Deepak Patel,59456.7,6076.74,1,2.0
CUST18069,Arjun Mishra,59447.2,11062.79,1,1.0
CUST20392,Riya Kumar,59446.799999999996,4319.62,1,3.0
CUST15813,Arjun Mishra,59428.0,3884.73,1,4.0
CUST14859,Arjun Rao,59425.200000000004,3227.64,1,1.0
CUST23480,Vikas Panda,59411.0,4294.88,1,1.0
CUST15681,Riya Panda,59403.95,13337.28,1,1.0
CUST26869,Nisha Singh,59395.200000000004,6266.98,1,2.0
CUST12319,Deepak Dutta,59381.0,12228.74,1,5.0
CUST11361,Priya Sahu,59375.399999999994,5182.45,1,2.0
CUST20882,Deepak Nayak,59367.0,14071.7,1,4.0
CUST20747,Shreya Reddy,59360.25,8300.98,1,1.0
CUST21691,Vikas Gupta,59357.600000000006,14397.2,1,1.0
CUST28364,Swati Rao,59341.5,13954.3,1,3.0
CUST10472,Pooja Jain,59334.149999999994,14181.15,1,1.0
CUST23016,Neha Dutta,59331.99999999999,7972.41,1,4.0
CUST21281,Karan Mehta,59330.4,3238.23,1,1.0
CUST16795,Riya Gupta,59327.1,3667.87,1,1.0
CUST13467,Swati Yadav,59313.75,9507.83,1,5.0
CUST21188,Pooja Das,59299.5,3361.39,1,1.0
CUST23458,Sneha Yadav,59281.6,3511.45,1,2.0
CUST18626,Kavita Jain,59273.600000000006,10578.47,1,2.0
CUST26908,Sanjay Reddy,59271.799999999996,2990.2,1,1.0
CUST26612,Riya Gupta,59271.799999999996,9367.05,1,1.0
CUST12124,Anjali Jain,59248.5,9807.94,1,1.0
CUST11578,Rahul Rao,59248.0,8573.82,1,5.0
CUST28777,Nisha Rao,59245.799999999996,8873.62,1,4.0
CUST10326,Riya Verma,59234.4,12508.46,1,4.0
CUST10071,Vikas Yadav,59232.75,9847.31,1,1.0
CUST21151,Neha Kumar,59232.0,4137.35,1,1.0
CUST16910,Amit Panda,59218.0,14695.33,1,2.0
CUST10105,Riya Reddy,59200.399999999994,12376.93,1,2.0
CUST16931,Riya Panda,59188.5,13027.33,1,3.0
CUST27351,Arjun Patel,59184.0,4853.16,1,5.0
CUST10884,Rahul Kumar,59169.6,10579.84,1,3.0
CUST10970,Vikas Das,59168.5,13824.05,1,1.0
CUST15988,Deepak Sharma,59166.0,3950.97,1,5.0
CUST20511,Raj Behera,59164.25,8284.69,1,5.0
CUST28366,Amit Patel,59155.6,12691.88,1,1.0
CUST24355,Rahul Reddy,59146.0,14020.1,1,1.0
CUST12992,Priya Mehta,59123.25,6785.81,1,3.0
CUST15426,Deepak Gupta,59105.600000000006,7154.35,1,2.0
CUST10167,Rohit Mehta,59103.0,9548.48,1,4.0
CUST10841,Shreya Das,59078.700000000004,7767.73,1,3.0
CUST26384,Abhishek Gupta,59067.0,5732.13,1,5.0
CUST12201,Amit Dutta,59067.0,4428.16,1,3.0
CUST20690,Kavita Jain,59058.99999999999,6109.02,1,1.0
CUST12882,Karan Kumar,59056.200000000004,5575.8,1,2.0
CUST20353,Abhishek Reddy,59035.5,2995.06,1,1.0
CUST23519,Arjun Yadav,59027.4,9226.93,1,2.0
CUST20417,Amit Panda,59025.399999999994,11812.37,1,4.0
CUST23533,Vikas Jain,59008.299999999996,12253.77,1,1.0
CUST19418,Pooja Singh,59001.6,13771.8,1,3.0
CUST16121,Vivek Singh,58994.4,14213.29,1,3.0
CUST10383,Neha Sahu,58984.799999999996,4212.19,1,4.0
CUST15734,Vivek Yadav,58981.99999999999,7454.84,1,1.0
CUST25357,Deepak Patel,58981.0,10164.85,1,1.0
CUST17543,Ankit Das,58952.0,12762.06,1,2.0
CUST11537,Karan Kumar,58921.5,5999.37,1,1.0
CUST22288,Sneha Das,58917.6,12495.48,1,3.0
CUST25683,Sanjay Singh,58897.5,13821.14,1,1.0
CUST14607,Nisha Mohanty,58866.75,13186.92,1,3.0
CUST18301,Arjun Rao,58856.4,3806.68,1,2.0
CUST20881,Arjun Nayak,58847.75,5464.67,1,5.0
CUST13241,Rahul Nayak,58828.75,13856.1,1,5.0
CUST22052,Shreya Sharma,58827.799999999996,4915.05,1,4.0
CUST25082,Karan Gupta,58826.799999999996,3304.47,1,1.0
CUST18166,Riya Jain,58824.49999999999,4289.12,1,1.0
CUST14256,Sanjay Kumar,58814.1,14026.32,1,1.0
CUST23339,Deepak Patel,58811.5,13079.5,1,1.0
CUST18327,Akash Verma,58792.799999999996,13505.85,1,2.0
CUST13783,Manish Dutta,58789.8,3439.52,1,3.0
CUST19738,Ankit Panda,58787.1,10581.48,1,1.0
CUST17028,Ankit Patel,58777.5,10251.98,1,1.0
CUST19381,Neha Rao,58755.6,13661.18,1,3.0
CUST19312,Ankit Panda,58747.5,11730.64,1,5.0
CUST11852,Akash Panda,58741.0,9899.22,1,1.0
CUST24503,Manish Mohanty,58728.0,5297.52,1,5.0
CUST22954,Abhishek Mishra,58720.8,13693.92,1,1.0
CUST14664,Amit Nayak,58694.25,5574.21,1,1.0
CUST10061,Deepak Patel,58689.600000000006,4917.43,1,3.0
CUST27495,Pooja Singh,58678.9,14241.59,1,2.0
CUST24902,Kavita Sahu,58671.75,13525.43,1,1.0
CUST10698,Pooja Dutta,58666.4,3575.3,1,1.0
CUST28584,Anjali Rao,58643.25,11090.18,1,1.0
CUST14905,Nisha Nayak,58630.6,9655.85,1,1.0
CUST20187,Anjali Jain,58622.6,3888.77,1,2.0
CUST21537,Vikas Rao,58615.2,11225.8,1,2.0
CUST22678,Riya Mishra,58612.8,3037.99,1,2.0
CUST17347,Riya Patel,58598.4,6478.89,1,2.0
CUST26477,Shreya Mishra,58592.2,14553.25,1,2.0
CUST21161,Vikas Yadav,58579.200000000004,8662.64,1,4.0
CUST25465,Abhishek Dutta,58556.399999999994,8208.42,1,3.0
CUST25862,Swati Sharma,58544.25,11136.73,1,1.0
CUST27161,Vivek Gupta,58539.6,14484.42,1,1.0
CUST10471,Ankit Singh,58536.149999999994,6637.33,1,3.0
CUST26878,Rohit Rao,58533.0,11400.38,1,4.0
CUST27488,Deepak Panda,58518.25,10010.89,1,5.0
CUST27738,Arjun Patel,58516.0,7688.69,1,1.0
CUST14935,Rahul Panda,58513.15,5302.56,1,1.0
CUST12129,Pooja Mishra,58508.9,6190.45,1,1.0
CUST16636,Shreya Sahu,58505.75,7870.29,1,5.0
CUST16390,Vikas Sharma,58503.2,12032.97,1,1.0
CUST27814,Neha Das,58497.0,7696.88,1,4.0
CUST28501,Priya Verma,58491.99999999999,13363.47,1,5.0
CUST12094,Nisha Jain,58475.25,10032.29,1,1.0
CUST20039,Anjali Rao,58460.149999999994,7555.51,1,1.0
CUST14571,Vivek Dutta,58442.1,11721.59,1,1.0
CUST14338,Swati Reddy,58441.0,4250.56,1,1.0
CUST15082,Vikas Nayak,58426.5,10271.49,1,1.0
CUST20908,Arjun Das,58416.0,8684.76,1,4.0
CUST15641,Sanjay Mishra,58408.5,5596.41,1,1.0
CUST17441,Pooja Panda,58403.0,4559.83,1,1.0
CUST15666,Swati Nayak,58399.200000000004,11882.08,1,3.0
CUST16633,Deepak Yadav,58384.8,5588.74,1,3.0
CUST13222,Vikas Sharma,58370.85,12552.96,1,1.0
CUST17025,Rohit Dutta,58361.0,9849.16,1,2.0
CUST21577,Shreya Rao,58360.399999999994,6070.0,1,1.0
CUST23912,Suresh Dutta,58358.99999999999,3584.12,1,1.0
CUST14368,Sanjay Panda,58355.49999999999,13291.67,1,5.0
CUST12724,Deepak Pradhan,58350.0,8336.72,1,1.0
CUST26836,Neha Sahu,58348.8,13847.44,1,2.0
CUST20146,Kavita Behera,58344.85,4053.52,1,1.0
CUST21187,Akash Rao,58343.4,10632.62,1,2.0
CUST13912,Sneha Dutta,58320.0,14316.96,1,3.0
CUST28381,Vivek Rao,58285.0,6075.02,1,1.0
CUST11642,Akash Mehta,58279.5,13216.35,1,3.0
CUST16855,Karan Reddy,58279.0,13084.21,1,1.0
CUST11452,Deepak Singh,58268.0,8872.17,1,2.0
CUST27975,Pooja Behera,58258.2,3269.21,1,2.0
CUST16214,Swati Gupta,58258.0,8445.73,1,1.0
CUST26117,Deepak Mishra,58248.0,5647.74,1,2.0
CUST27157,Priya Singh,58245.4,4503.58,1,1.0
CUST18895,Vivek Rao,58228.1,6696.81,1,1.0
CUST19318,Vivek Pradhan,58225.85,9406.55,1,1.0
CUST10364,Neha Behera,58204.6,6192.03,1,2.0
CUST21456,Suresh Yadav,58197.99999999999,10741.91,1,5.0
CUST26951,Akash Jain,58195.200000000004,3841.52,1,3.0
CUST17692,Sneha Panda,58193.799999999996,13715.13,1,1.0
CUST25048,Pooja Rao,58186.0,4064.37,1,1.0
CUST16427,Shreya Das,58174.2,8949.69,1,3.0
CUST27677,Amit Jain,58170.0,9289.56,1,4.0
CUST14779,Vivek Das,58168.5,10686.65,1,1.0
CUST18287,Abhishek Rao,58159.95,3606.14,1,3.0
CUST17379,Karan Behera,58153.600000000006,12635.76,1,1.0
CUST12841,Neha Mehta,58147.0,10093.34,1,1.0
CUST16230,Anjali Dutta,58146.4,5228.0,1,1.0
CUST14815,Karan Kumar,58142.0,14101.82,1,1.0
CUST24093,Shreya Panda,58134.0,9107.91,1,2.0
CUST25859,Pooja Kumar,58123.0,6484.9,1,2.0
CUST28969,Rahul Mehta,58110.4,11541.41,1,2.0
CUST11308,Ankit Nayak,58105.5,6642.48,1,2.0
CUST28261,Pooja Dutta,58094.399999999994,5430.28,1,3.0
CUST10197,Suresh Singh,58092.0,10608.09,1,3.0
CUST14282,Anjali Rao,58080.5,8866.26,1,1.0
CUST27518,Riya Panda,58080.0,14309.77,1,4.0
CUST10241,Pooja Sahu,58066.5,12198.09,1,2.0
CUST15506,Deepak Jain,58063.200000000004,12703.46,1,1.0
CUST11581,Rahul Mohanty,58060.8,7142.07,1,4.0
CUST27356,Karan Das,58050.0,5280.44,1,5.0
CUST18821,Riya Rao,58039.5,9306.25,1,1.0
CUST11370,Raj Panda,58032.649999999994,12465.75,1,1.0
CUST24586,Riya Dutta,58028.6,3728.32,1,2.0
CUST13544,Raj Panda,58020.8,8432.6,1,2.0
CUST22354,Abhishek Verma,58017.0,3155.93,1,4.0
CUST22655,Riya Pradhan,58010.4,3851.98,1,1.0
CUST24001,Shreya Panda,57942.0,11134.14,1,2.0
CUST17121,Swati Kumar,57937.6,3269.41,1,4.0
CUST19751,Shreya Yadav,57917.0,4470.53,1,1.0
CUST24661,Karan Dutta,57916.5,13887.69,1,2.0
CUST10444,Rohit Reddy,57915.9,5176.38,1,1.0
CUST23674,Pooja Kumar,57915.75,7512.0,1,1.0
CUST24255,Vikas Das,57909.6,3586.46,1,4.0
CUST11193,Anjali Jain,57893.0,6154.89,1,4.0
CUST18201,Sneha Sharma,57847.200000000004,9651.82,1,3.0
CUST23289,Priya Mishra,57839.6,10173.05,1,4.0
CUST27643,Rahul Panda,57830.49999999999,5687.09,1,1.0
CUST26705,Swati Singh,57816.0,8633.57,1,5.0
CUST18332,Rahul Behera,57814.399999999994,13203.6,1,2.0
CUST25439,Kavita Behera,57803.4,7918.21,1,4.0
CUST16647,Suresh Das,57798.0,3358.93,1,5.0
CUST10353,Deepak Gupta,57793.2,8601.34,1,3.0
CUST20861,Vikas Verma,57783.6,9460.95,1,1.0
CUST14742,Riya Das,57773.25,8618.65,1,3.0
CUST19834,Neha Mehta,57753.600000000006,7195.66,1,2.0
CUST17090,Raj Mehta,57749.549999999996,10288.67,1,1.0
CUST19797,Kavita Sharma,57746.0,2967.41,1,2.0
CUST16933,Sanjay Verma,57742.0,6161.41,1,1.0
CUST23986,Suresh Rao,57741.0,3407.8,1,1.0
CUST27953,Karan Pradhan,57740.2,11773.35,1,1.0
CUST14072,Swati Gupta,57733.7,4079.15,1,2.0
CUST11390,Neha Jain,57728.700000000004,20204.03,1,3.0
CUST10870,Akash Reddy,57710.1,6538.57,1,1.0
CUST18015,Riya Rao,57690.75,10754.65,1,1.0
CUST26578,Vivek Jain,57674.4,7963.99,1,1.0
CUST25093,Suresh Das,57672.0,6700.24,1,5.0
CUST24913,Anjali Gupta,57668.799999999996,6316.98,1,1.0
CUST13435,Neha Yadav,57657.6,9182.39,1,2.0
CUST17595,Rahul Dutta,57652.200000000004,6888.66,1,2.0
CUST17336,Anjali Patel,57649.0,8128.49,1,1.0
CUST21580,Neha Nayak,57647.799999999996,11316.61,1,2.0
CUST19570,Sneha Panda,57635.1,9544.96,1,1.0
CUST28886,Riya Reddy,57628.0,6900.16,1,4.0
CUST20734,Shreya Verma,57618.0,9109.93,1,3.0
CUST25383,Neha Mishra,57603.200000000004,14196.71,1,1.0
CUST18619,Suresh Das,57589.5,12486.58,1,1.0
CUST15671,Arjun Kumar,57588.0,5184.77,1,3.0
CUST23957,Deepak Reddy,57582.4,10632.71,1,1.0
CUST11496,Deepak Verma,57576.0,11760.63,1,4.0
CUST23751,Arjun Mohanty,57573.0,9171.69,1,1.0
CUST23117,Kavita Gupta,57567.299999999996,5883.22,1,1.0
CUST20976,Kavita Pradhan,57567.0,4529.7,1,2.0
CUST18543,Vikas Patel,57557.75,9339.13,1,1.0
CUST24133,Neha Behera,57551.25,4770.77,1,1.0
CUST26919,Deepak Panda,57546.0,6262.15,1,5.0
CUST13416,Swati Gupta,57536.0,11436.34,1,2.0
CUST14751,Swati Nayak,57531.0,12317.8,1,3.0
CUST23120,Vikas Das,57513.0,12727.65,1,2.0
CUST14352,Sanjay Dutta,57494.0,13032.88,1,4.0
CUST21778,Swati Mishra,57492.0,6498.71,1,5.0
CUST12955,Pooja Mehta,57480.0,4710.49,1,5.0
CUST25169,Sneha Sahu,57472.0,10093.17,1,1.0
CUST14842,Sneha Dutta,57466.49999999999,3980.52,1,5.0
CUST10495,Rahul Sahu,57461.6,10001.09,1,2.0
CUST20670,Raj Yadav,57460.0,7311.0,1,5.0
CUST28475,Kavita Rao,57419.6,7674.65,1,2.0
CUST21801,Swati Gupta,57403.0,13029.09,1,1.0
CUST12651,Sanjay Nayak,57386.7,9009.25,1,1.0
CUST23996,Sanjay Jain,57378.4,5025.75,1,2.0
CUST18581,Sneha Nayak,57371.25,12504.82,1,1.0
CUST21694,Raj Sharma,57350.4,4429.34,1,1.0
CUST13178,Ankit Sharma,57334.4,6697.97,1,1.0
CUST11774,Shreya Sharma,57332.1,12081.16,1,3.0
CUST13551,Neha Gupta,57327.0,8070.89,1,3.0
CUST23345,Riya Patel,57295.0,8887.31,1,5.0
CUST13933,Amit Patel,57291.0,8083.5,1,2.0
CUST13091,Akash Verma,57290.0,4389.6,1,5.0
CUST18200,Suresh Behera,57280.5,4221.94,1,1.0
CUST24876,Karan Yadav,57270.4,8155.215166666666,1,2.0
CUST10747,Kavita Rao,57268.0,10225.51,1,1.0
CUST23816,Sneha Singh,57267.899999999994,8034.0,1,3.0
CUST11137,Suresh Sahu,57235.6,13919.63,1,1.0
CUST14399,Amit Rao,57229.65,4621.5,1,3.0
CUST26132,Rahul Sharma,57208.0,9313.92,1,5.0
CUST24587,Manish Sahu,57191.399999999994,10625.24,1,2.0
CUST27367,Vivek Sahu,57189.0,9281.41,1,4.0
CUST20669,Neha Mohanty,57168.0,4999.52,1,4.0
CUST13812,Vikas Verma,57159.75,4325.07,1,1.0
CUST23233,Sanjay Pradhan,57147.0,11771.9,1,4.0
CUST16573,Manish Mehta,57144.0,12781.36,1,1.0
CUST15380,Karan Patel,57139.6,10592.75,1,2.0
CUST12134,Manish Das,57139.200000000004,8508.8,1,2.0
CUST12023,Karan Singh,57138.3,9718.488333333322,1,1.0
CUST28424,Vikas Jain,57125.399999999994,10698.4,1,4.0
CUST20818,Suresh Pradhan,57120.0,7928.36,1,1.0
CUST17070,Abhishek Nayak,57120.0,6611.48,1,5.0
CUST16912,Priya Dutta,57118.5,9756.10860000001,1,1.0
CUST10650,Neha Reddy,57117.799999999996,13651.35,1,1.0
CUST15104,Shreya Sharma,57110.2,10773.08,1,2.0
CUST21152,Deepak Reddy,57105.0,10567.67,1,1.0
CUST17628,Nisha Sahu,57096.0,11249.75,1,1.0
CUST22075,Arjun Rao,57080.75,6174.02,1,1.0
CUST23782,Pooja Jain,57078.7,5133.15,1,1.0
CUST18759,Priya Singh,57064.5,6961.92,1,5.0
CUST23668,Anjali Yadav,57055.5,4181.18,1,5.0
CUST12655,Sanjay Singh,57055.4,7793.43,1,4.0
CUST24532,Abhishek Patel,57045.6,11703.73,1,4.0
CUST24158,Swati Das,57044.25,9897.57,1,1.0
CUST15634,Vikas Sahu,57037.5,11587.34,1,3.0
CUST13432,Rahul Mohanty,57033.75,10614.0,1,5.0
CUST16580,Kavita Pradhan,57028.8,6724.33,1,3.0
CUST23772,Arjun Mehta,57015.45,10762.05,1,1.0
CUST23432,Priya Kumar,57014.4,8210.75,1,4.0
CUST20848,Vikas Dutta,57012.899999999994,11021.81,1,1.0
CUST14623,Manish Dutta,56963.899999999994,12153.12,1,2.0
CUST10657,Arjun Dutta,56956.5,6679.24,1,3.0
CUST23236,Rohit Behera,56952.0,3246.33,1,2.0
CUST20833,Akash Kumar,56951.549999999996,13012.55,1,1.0
CUST18408,Abhishek Verma,56947.200000000004,6631.72,1,1.0
CUST27928,Sneha Kumar,56936.4,13022.32,1,2.0
CUST14412,Anjali Das,56915.25,5301.68,1,1.0
CUST25887,Shreya Mohanty,56912.799999999996,4980.77,1,2.0
CUST23066,Ankit Behera,56906.4,10159.69,1,1.0
CUST17862,Kavita Reddy,56898.0,11226.45,1,1.0
CUST26996,Raj Sharma,56882.0,12816.3,1,2.0
CUST13978,Amit Sharma,56876.8,14083.71,1,1.0
CUST23763,Abhishek Nayak,56845.600000000006,10298.36,1,1.0
CUST25392,Shreya Das,56829.0,11518.47,1,1.0
CUST15589,Riya Das,56809.600000000006,7981.64,1,2.0
CUST22932,Shreya Behera,56805.0,7055.12,1,5.0
CUST21229,Pooja Mishra,56784.0,7367.07,1,1.0
CUST26282,Swati Sahu,56772.9,5553.09,1,1.0
CUST14678,Amit Kumar,56771.0,8202.61,1,1.0
CUST25272,Raj Jain,56769.149999999994,13241.94,1,1.0
CUST23788,Sneha Mehta,56730.7,8393.07,1,1.0
CUST25964,Sneha Singh,56726.6,9427.98,1,1.0
CUST22475,Deepak Dutta,56722.5,6065.32,1,1.0
CUST13582,Priya Mohanty,56721.0,8679.65,1,3.0
CUST22383,Amit Behera,56717.600000000006,8355.8,1,1.0
CUST13880,Ankit Mehta,56696.7,6927.59,1,1.0
CUST16798,Rahul Dutta,56680.399999999994,7049.78,1,2.0
CUST28221,Shreya Pradhan,56675.25,5123.42,1,1.0
CUST28994,Sneha Yadav,56660.0,12494.23,1,1.0
CUST18996,Pooja Dutta,56649.45,7192.1,1,1.0
CUST27757,Neha Jain,56645.7,12671.31,1,3.0
CUST26240,Anjali Singh,56629.8,5782.66,1,1.0
CUST13146,Suresh Mishra,56628.8,5604.12,1,1.0
CUST11817,Akash Patel,56624.0,10822.5,1,2.0
CUST22716,Sanjay Yadav,56613.0,5425.35,1,3.0
CUST21916,Unknown,56593.399999999994,9147.01,1,4.0
CUST26760,Nisha Jain,56593.399999999994,8184.84,1,2.0
CUST12835,Priya Dutta,56578.2,5315.02,1,2.0
CUST21484,Neha Jain,56567.0,11102.52,1,5.0
CUST20249,Suresh Verma,56544.6,10411.83,1,1.0
CUST18347,Swati Singh,56524.5,6198.29,1,5.0
CUST19849,Manish Kumar,56509.200000000004,6574.97,1,1.0
CUST26224,Sanjay Mishra,56500.5,12554.94,1,3.0
CUST28671,Pooja Mehta,56499.5,3253.6,1,1.0
CUST15198,Sanjay Patel,56494.6,5809.54,1,4.0
CUST10585,Deepak Patel,56486.049999999996,8622.71,1,1.0
CUST15427,Abhishek Gupta,56479.399999999994,3209.99,1,1.0
CUST27491,Riya Mehta,56479.1,8877.47,1,1.0
CUST21740,Manish Yadav,56478.0,11715.66,1,3.0
CUST13254,Priya Yadav,56475.6,8969.260466666676,1,2.0
CUST21948,Vikas Mehta,56452.899999999994,11048.21,1,1.0
CUST17491,Ankit Mehta,56447.1,4306.86,1,3.0
CUST23106,Karan Rao,56446.799999999996,3161.85,1,4.0
CUST26215,Manish Kumar,56431.899999999994,10065.88,1,2.0
CUST12535,Vivek Kumar,56419.5,8078.77,1,2.0
CUST19153,Ankit Mehta,56410.0,8591.49,1,5.0
CUST21975,Amit Behera,56409.0,4870.77,1,1.0
CUST28788,Pooja Verma,56405.15,6697.54,1,1.0
CUST17948,Akash Yadav,56397.5,11205.35,1,5.0
CUST21175,Rohit Mishra,56354.0,10126.49,1,1.0
CUST23245,Riya Mishra,56347.2,3599.26,1,1.0
CUST11572,Kavita Dutta,56343.0,6073.58,1,3.0
CUST28809,Rahul Rao,56318.4,11232.93,1,1.0
CUST13811,Akash Das,56305.8,14006.93,1,1.0
CUST26040,Neha Mehta,56289.399999999994,9125.85,1,2.0
CUST10417,Sanjay Verma,56278.95,5640.05,1,1.0
CUST23377,Karan Patel,56276.1,12727.61,1,1.0
CUST10214,Manish Pradhan,56274.2,3547.58,1,2.0
CUST10341,Amit Sahu,56256.0,6753.0,1,2.0
CUST16057,Sanjay Pradhan,56228.6,11146.23,1,4.0
CUST26305,Ankit Nayak,56224.799999999996,3539.75,1,3.0
CUST23529,Sneha Mishra,56211.399999999994,8852.52,1,1.0
CUST25643,Sanjay Sahu,56207.1,8130.01,1,2.0
CUST12243,Amit Jain,56190.399999999994,8665.46,1,1.0
CUST19603,Vivek Reddy,56162.700000000004,15498.18,1,3.0
CUST13977,Deepak Dutta,56134.0,3310.41,1,5.0
CUST14016,Vivek Dutta,56115.0,12385.26,1,5.0
CUST18417,Vivek Sahu,56111.299999999996,13373.45,1,1.0
CUST11495,Rahul Kumar,56110.5,8995.49,1,2.0
CUST26424,Swati Yadav,56104.0,9860.36,1,1.0
CUST19166,Vivek Das,56103.75,10913.74,1,1.0
CUST26931,Priya Patel,56095.2,12115.55,1,2.0
CUST25223,Rahul Mohanty,56087.25,13829.77,1,5.0
CUST17618,Deepak Sharma,56084.7,4739.63,1,3.0
CUST20701,Sanjay Yadav,56070.899999999994,12615.34,1,3.0
CUST13103,Priya Yadav,56069.4,12137.53,1,3.0
CUST26920,Anjali Patel,56057.4,9623.22,1,2.0
CUST18992,Akash Mohanty,56056.5,9751.67,1,1.0
CUST21193,Amit Jain,56042.7,3180.85,1,3.0
CUST24407,Riya Mehta,56041.5,5379.61,1,2.0
CUST12338,Karan Behera,56002.5,10952.72,1,1.0
CUST18568,Riya Pradhan,55991.2,7384.47,1,4.0
CUST22897,Karan Jain,55988.8,8446.15,1,2.0
CUST17606,Riya Mishra,55985.299999999996,2838.14,1,1.0
CUST11247,Karan Mohanty,55979.0,3615.31,1,5.0
CUST18598,Karan Mehta,55975.5,3319.69,1,2.0
CUST24815,Raj Mehta,55968.25,8418.18,1,1.0
CUST18567,Sneha Mehta,55956.0,3276.34,1,4.0
CUST10075,Rohit Das,55948.8,9380.45,1,4.0
CUST16882,Sanjay Gupta,55944.0,2815.57,1,4.0
CUST22964,Kavita Jain,55939.5,5651.07,1,1.0
CUST16267,Raj Kumar,55936.0,11186.84,1,2.0
CUST23471,Akash Patel,55913.2,6854.23,1,2.0
CUST25769,Kavita Pradhan,55874.75,12340.55,1,5.0
CUST16154,Neha Behera,55867.6,3650.12,1,1.0
CUST24657,Arjun Sahu,55863.7,8579.65,1,2.0
CUST25512,Karan Gupta,55848.799999999996,4780.09,1,1.0
CUST12131,Kavita Nayak,55845.0,7859.29,1,1.0
CUST10146,Nisha Dutta,55840.0,4155.72,1,2.0
CUST17183,Suresh Kumar,55837.2,7701.1,1,3.0
CUST23980,Sanjay Panda,55833.0,7577.01,1,3.0
CUST22049,Rahul Reddy,55825.200000000004,10183.42,1,1.0
CUST10890,Raj Sahu,55810.8,4396.04,1,4.0
CUST14592,Ankit Panda,55799.200000000004,3343.67,1,1.0
CUST23189,Riya Sahu,55797.600000000006,7530.06,1,3.0
CUST27397,Rohit Verma,55778.799999999996,4193.05,1,4.0
CUST15154,Karan Behera,55778.4,5847.1,1,1.0
CUST11847,Akash Verma,55774.8,7682.84,1,1.0
CUST12022,Kavita Pradhan,55754.25,8396.92,1,1.0
CUST11108,Riya Panda,55736.2,4637.19,1,2.0
CUST26271,Priya Verma,55733.299999999996,3778.07,1,1.0
CUST26208,Shreya Das,55727.0,13147.26,1,2.0
CUST14309,Vivek Mehta,55712.4,12730.24,1,4.0
CUST21413,Arjun Pradhan,55700.0,3114.27,1,1.0
CUST27478,Abhishek Panda,55679.4,13329.76,1,2.0
CUST28423,Rohit Jain,55675.2,5730.71,1,1.0
CUST10223,Sneha Dutta,55674.0,13685.84,1,4.0
CUST21434,Shreya Yadav,55671.0,10355.84,1,2.0
CUST21375,Priya Das,55665.0,3828.81,1,3.0
CUST16011,Raj Nayak,55645.799999999996,3538.78,1,3.0
CUST11183,Abhishek Das,55636.75,6528.13,1,1.0
CUST20774,Ankit Behera,55629.0,5437.41,1,1.0
CUST28865,Rohit Panda,55620.6,5975.61,1,4.0
CUST12381,Raj Mohanty,55599.0,12823.62,1,3.0
CUST28097,Amit Sahu,55594.0,10431.08,1,4.0
CUST12428,Pooja Behera,55571.0,5350.97,1,1.0
CUST18985,Pooja Das,55563.2,8695.05,1,2.0
CUST18959,Riya Reddy,55560.0,12003.88,1,1.0
CUST22396,Anjali Singh,55558.5,11630.74,1,2.0
CUST13317,Arjun Nayak,55545.0,4265.02,1,4.0
CUST26396,Priya Verma,55539.0,3471.1,1,3.0
CUST15453,Riya Reddy,55533.600000000006,7490.272900000013,1,3.0
CUST16654,Rohit Gupta,55531.200000000004,11562.5,1,1.0
CUST18728,Vikas Mehta,55499.200000000004,3302.33,1,2.0
CUST22886,Anjali Panda,55473.549999999996,10475.48,1,1.0
CUST15099,Manish Mishra,55471.5,7905.69,1,2.0
CUST15919,Rohit Singh,55448.0,7254.07,1,5.0
CUST28057,Pooja Mohanty,55443.200000000004,6222.86,1,2.0
CUST25085,Priya Nayak,55427.200000000004,5206.47,1,1.0
CUST18151,Amit Dutta,55418.299999999996,5103.96,1,2.0
CUST23640,Rahul Panda,55410.0,13053.12,1,2.0
CUST24819,Kavita Mishra,55409.7,8494.0,1,2.0
CUST17047,Vivek Jain,55402.5,5585.02,1,2.0
CUST14986,Rohit Verma,55376.8,13452.32,1,1.0
CUST28046,Kavita Sharma,55355.200000000004,5368.03,1,2.0
CUST23285,Neha Behera,55355.200000000004,11373.51,1,1.0
CUST17011,Akash Kumar,55342.4,3783.4,1,2.0
CUST24943,Rahul Mishra,55339.2,12529.73,1,3.0
CUST27085,Neha Das,55325.700000000004,4512.52,1,1.0
CUST23877,Akash Reddy,55325.0,7833.56,1,5.0
CUST15209,Akash Jain,55318.5,11746.54,1,1.0
CUST23942,Anjali Yadav,55316.25,8627.02,1,1.0
CUST26718,Karan Verma,55300.8,6425.82,1,1.0
CUST21557,Rahul Singh,55292.4,3340.13,1,1.0
CUST16488,Priya Mishra,55284.8,8932.91,1,2.0
CUST15014,Swati Patel,55283.899999999994,6758.65,1,1.0
CUST26903,Karan Gupta,55282.399999999994,7283.13,1,1.0
CUST22742,Suresh Mishra,55249.600000000006,6602.43,1,1.0
CUST26081,Neha Mohanty,55248.299999999996,11606.91,1,1.0
CUST23042,Priya Mehta,55243.8,3458.48,1,2.0
CUST15355,Nisha Dutta,55233.0,7174.3,1,3.0
CUST24920,Rahul Reddy,55227.0,7690.05,1,2.0
CUST28413,Arjun Reddy,55224.0,13372.84,1,1.0
CUST22448,Sanjay Mohanty,55216.8,6013.76,1,1.0
CUST25612,Kavita Gupta,55206.0,10711.93,1,3.0
CUST16835,Raj Mohanty,55183.799999999996,9647.79,1,3.0
CUST27273,Arjun Singh,55182.399999999994,6129.9,1,4.0
CUST27173,Vivek Sahu,55177.899999999994,6776.71,1,1.0
CUST26900,Vivek Sharma,55167.45,4432.64,1,1.0
CUST24099,Rohit Verma,55140.0,7869.73,1,5.0
CUST27244,Nisha Mohanty,55138.65,11657.42,1,1.0
CUST23933,Neha Singh,55134.4,10101.18,1,4.0
CUST26913,Anjali Sharma,55124.1,4182.91,1,1.0
CUST26280,Ankit Panda,55118.4,8395.3,1,3.0
CUST10050,Neha Rao,55115.7,3612.66,1,2.0
CUST10555,Amit Mehta,55099.8,13089.79,1,2.0
CUST16378,Ankit Singh,55098.0,13410.0,1,5.0
CUST28902,Shreya Singh,55091.25,4867.38,1,1.0
CUST18330,Anjali Behera,55088.6,5074.34,1,1.0
CUST21518,Vivek Jain,55087.200000000004,4018.84,1,4.0
CUST25517,Arjun Singh,55084.25,5884.91,1,5.0
CUST20310,Manish Patel,55081.600000000006,13337.15,1,2.0
CUST23779,Ankit Patel,55077.2,5034.08,1,2.0
CUST23321,Vivek Verma,55067.7,7578.28,1,3.0
CUST23316,Pooja Kumar,55040.4,8307.53,1,1.0
CUST21718,Manish Gupta,55030.5,11743.07,1,1.0
CUST25684,Deepak Mehta,55029.6,12649.63,1,4.0
CUST10694,Kavita Singh,55027.200000000004,6192.91,1,2.0
CUST16322,Raj Patel,55024.0,13278.48,1,2.0
CUST27867,Vivek Kumar,55011.0,13173.01,1,1.0
CUST15702,Priya Mehta,55010.7,9208.74,1,2.0
CUST24953,Sanjay Patel,55009.600000000006,11404.09,1,1.0
CUST14942,Neha Mishra,54998.4,9463.23,1,2.0
CUST15839,Rohit Behera,54989.2,9592.82,1,1.0
CUST15197,Priya Behera,54986.5,3511.11,1,5.0
CUST17545,Sneha Sahu,54982.25,2905.15,1,5.0
CUST19036,Vivek Patel,54981.9,6886.89,1,1.0
CUST14514,Vivek Gupta,54960.0,8202.26,1,2.0
CUST26926,Arjun Jain,54960.0,3795.74,1,4.0
CUST12476,Ankit Verma,54951.200000000004,13361.13,1,1.0
CUST19375,Neha Pradhan,54939.75,12195.14,1,1.0
CUST28040,Priya Kumar,54930.0,8869.94,1,5.0
CUST19519,Nisha Pradhan,54929.0,9764.62,1,2.0
CUST13069,Deepak Sharma,54879.299999999996,10894.43,1,3.0
CUST24555,Swati Nayak,54850.5,5589.14,1,3.0
CUST25834,Deepak Mehta,54850.5,5474.75,1,5.0
CUST27421,Raj Behera,54838.95,6797.61,1,3.0
CUST22465,Vivek Pradhan,54829.5,13197.99,1,1.0
CUST15703,Deepak Jain,54813.0,3264.43,1,4.0
CUST21951,Priya Verma,54788.399999999994,8258.28,1,2.0
CUST26486,Shreya Yadav,54785.5,12759.01,1,1.0
CUST20415,Anjali Yadav,54784.799999999996,11940.29,1,1.0
CUST26902,Nisha Sahu,54768.45,6703.85,1,3.0
CUST23197,Sneha Pradhan,54759.0,13606.83,1,1.0
CUST13532,Rohit Kumar,54742.799999999996,10370.95,1,1.0
CUST19126,Amit Sharma,54737.1,8525.92,1,3.0
CUST14614,Arjun Pradhan,54716.25,11512.07,1,5.0
CUST21267,Abhishek Patel,54713.600000000006,8922.98,1,2.0
CUST11901,Arjun Singh,54704.0,5330.19,1,5.0
CUST23918,Arjun Sharma,54702.2,12637.16,1,1.0
CUST11169,Shreya Yadav,54691.200000000004,4591.79,1,2.0
CUST16203,Kavita Nayak,54686.25,12282.47,1,3.0
CUST25403,Rahul Sharma,54681.0,12146.53,1,2.0
CUST28002,Sneha Panda,54670.5,4735.67,1,1.0
CUST16184,Swati Sahu,54664.8,6870.82,1,3.0
CUST24315,Amit Mohanty,54649.0,6211.16,1,1.0
CUST15604,Neha Mehta,54648.75,2860.89,1,5.0
CUST25900,Karan Sahu,54648.0,9094.86,1,3.0
CUST10189,Kavita Kumar,54612.0,6795.56,1,2.0
CUST18345,Riya Das,54606.0,7711.2,1,1.0
CUST27004,Sneha Mohanty,54599.75,4938.06,1,1.0
CUST26698,Riya Verma,54597.75,13437.25,1,1.0
CUST26498,Abhishek Singh,54597.2,5769.44,1,1.0
CUST25385,Raj Nayak,54592.1,9923.52,1,2.0
CUST24116,Pooja Panda,54581.9,10763.61,1,1.0
CUST16678,Swati Behera,54579.0,9311.03,1,2.0
CUST28878,Abhishek Behera,54562.35,6479.95,1,3.0
CUST10823,Manish Verma,54557.25,9156.41,1,3.0
CUST24765,Karan Dutta,54552.0,12044.37,1,5.0
CUST19740,Nisha Mohanty,54538.549999999996,13474.15,1,1.0
CUST28866,Arjun Singh,54534.299999999996,4896.91,1,3.0
CUST20247,Shreya Panda,54532.799999999996,8507.691700000003,1,4.0
CUST27239,Vikas Mohanty,54529.600000000006,6009.57,1,2.0
CUST25168,Karan Behera,54528.0,7754.59,1,3.0
CUST16313,Manish Rao,54526.2,13430.94,1,2.0
CUST26485,Manish Rao,54525.25,13229.59,1,1.0
CUST28177,Neha Rao,54508.799999999996,3575.98,1,3.0
CUST25802,Sneha Verma,54505.0,7335.91,1,5.0
CUST14342,Vivek Sharma,54480.299999999996,9660.63,1,3.0
CUST28802,Unknown,54476.799999999996,6975.53,1,2.0
CUST18679,Shreya Das,54460.0,9406.7,1,1.0
CUST13363,Akash Pradhan,54456.0,9973.98,1,1.0
CUST13588,Swati Jain,54455.0,4086.59,1,1.0
CUST10367,Arjun Singh,54454.4,8278.68,1,1.0
CUST21306,Vikas Yadav,54453.6,6165.81,1,2.0
CUST11700,Abhishek Das,54448.8,12713.37,1,1.0
CUST23715,Karan Pradhan,54440.799999999996,9953.66,1,1.0
CUST22645,Swati Yadav,54434.85,6827.66,1,3.0
CUST21600,Raj Patel,54428.9,12892.43,1,2.0
CUST21144,Deepak Mehta,54386.5,5125.21,1,5.0
CUST25233,Suresh Kumar,54371.200000000004,5897.28,1,4.0
CUST22873,Priya Das,54362.0,12168.28,1,4.0
CUST22267,Pooja Das,54360.74,5213.4,1,1.0
CUST26125,Sneha Verma,54357.799999999996,5648.37,1,2.0
CUST24429,Ankit Mohanty,54331.200000000004,13183.16,1,1.0
CUST15079,Swati Sahu,54326.25,3079.36,1,3.0
CUST18042,Deepak Mishra,54321.75,13179.69,1,1.0
CUST28907,Kavita Mohanty,54315.799999999996,9723.66,1,2.0
CUST12103,Riya Mishra,54309.6,7994.18,1,4.0
CUST24804,Nisha Das,54304.85,4088.54,1,1.0
CUST24993,Sanjay Panda,54299.200000000004,12773.97,1,1.0
CUST20711,Nisha Verma,54296.299999999996,4764.17,1,1.0
CUST19882,Pooja Rao,54295.200000000004,9785.59,1,2.0
CUST10995,Akash Pradhan,54289.600000000006,4244.4,1,2.0
CUST11548,Abhishek Mehta,54278.0,6979.55,1,2.0
CUST24339,Ankit Patel,54270.0,12871.95,1,2.0
CUST27875,Kavita Das,54266.4,3350.15,1,2.0
CUST18091,Anjali Das,54255.5,11955.69,1,5.0
CUST10503,Vikas Dutta,54252.799999999996,8129.23,1,1.0
CUST14880,Vivek Rao,54243.0,5021.75,1,2.0
CUST27213,Abhishek Patel,54226.6,13542.23,1,4.0
CUST16860,Vivek Mohanty,54212.0,8336.37,1,1.0
CUST26161,Karan Sharma,54211.5,9600.21,1,3.0
CUST21853,Nisha Mohanty,54201.299999999996,7403.46,1,1.0
CUST19265,Raj Sharma,54195.0,8742.33,1,1.0
CUST27341,Anjali Pradhan,54180.0,5646.19,1,1.0
CUST17182,Suresh Mishra,54178.6,4931.29,1,2.0
CUST15486,Shreya Mehta,54171.9,8661.35,1,1.0
CUST12110,Kavita Sharma,54170.0,11190.67,1,5.0
CUST21792,Kavita Behera,54169.5,10750.12,1,5.0
CUST28218,Rahul Gupta,54157.5,8104.14,1,1.0
CUST12991,Arjun Nayak,54146.0,3657.4,1,2.0
CUST12187,Anjali Das,54138.6,10355.75,1,2.0
CUST22881,Ankit Gupta,54138.2,12226.79,1,4.0
CUST28797,Swati Nayak,54110.0,6384.86,1,5.0
CUST11078,Deepak Mishra,54108.8,9417.95,1,1.0
CUST27352,Vikas Behera,54106.5,7958.56,1,2.0
CUST23598,Sneha Mohanty,54103.200000000004,10909.57,1,1.0
CUST13277,Sneha Mohanty,54089.75,9779.06,1,1.0
CUST27410,Suresh Gupta,54082.0,11020.49,1,2.0
CUST13909,Ankit Gupta,54081.25,3732.56,1,5.0
CUST19728,Abhishek Behera,54066.0,13368.54,1,2.0
CUST21210,Unknown,54060.0,3481.19,1,4.0
CUST11204,Raj Sharma,54048.0,12476.1,1,5.0
CUST10370,Suresh Pradhan,54045.5,11269.51,1,5.0
CUST27596,Karan Dutta,54028.8,9819.4,1,1.0
CUST19941,Vikas Rao,54020.700000000004,10585.12,1,1.0
CUST10455,Abhishek Sharma,54013.2,12316.5,1,1.0
CUST11697,Pooja Jain,54000.0,7442.45,1,3.0
CUST15695,Karan Kumar,53995.4,11761.69,1,4.0
CUST26338,Swati Yadav,53994.2,7067.3,1,4.0
CUST16591,Arjun Reddy,53990.299999999996,7189.5,1,1.0
CUST26429,Neha Gupta,53988.75,6384.31,1,5.0
CUST10690,Sanjay Verma,53968.8,5268.7,1,1.0
CUST24261,Nisha Reddy,53966.25,11501.21,1,5.0
CUST16553,Karan Gupta,53960.2,5174.96,1,2.0
CUST20674,Vivek Mishra,53926.200000000004,6732.24,1,1.0
CUST16287,Raj Mishra,53924.0,8247.81,1,2.0
CUST11641,Shreya Rao,53916.799999999996,7289.26,1,1.0
CUST28998,Vikas Jain,53912.0,13391.55,1,2.0
CUST19783,Deepak Jain,53904.0,6859.07,1,1.0
CUST16140,Rohit Reddy,53900.0,4783.06,1,4.0
CUST25045,Akash Mohanty,53892.0,4365.69,1,3.0
CUST13819,Neha Behera,53878.1,7294.99,1,1.0
CUST21940,Sneha Patel,53874.0,11646.71,1,2.0
CUST13756,Vivek Behera,53865.0,12678.65,1,4.0
CUST24280,Riya Sharma,53858.700000000004,5676.77,1,1.0
CUST21806,Priya Patel,53851.5,12676.99,1,1.0
CUST20988,Amit Patel,53838.0,5085.31,1,1.0
CUST11196,Sneha Behera,53827.0,7599.56,1,5.0
CUST13117,Sanjay Patel,53823.0,11530.25,1,2.0
CUST16391,Nisha Pradhan,53815.6,5695.73,1,1.0
CUST11471,Nisha Nayak,53788.0,6686.77,1,1.0
CUST28570,Amit Behera,53757.0,9518.94,1,3.0
CUST12160,Karan Mehta,53744.8,5683.28,1,1.0
CUST10715,Abhishek Nayak,53727.65,7371.94,1,1.0
CUST11945,Suresh Jain,53711.0,10430.2,1,1.0
CUST14537,Manish Singh,53708.8,8657.55,1,4.0
CUST11593,Raj Mohanty,53703.0,5821.56,1,3.0
CUST12645,Unknown,53698.5,10160.58,1,1.0
CUST25565,Shreya Mohanty,53697.799999999996,6916.523799999997,1,1.0
CUST17738,Anjali Singh,53697.600000000006,6171.59,1,1.0
CUST19104,Shreya Jain,53695.5,4799.2,1,2.0
CUST12085,Sneha Behera,53693.25,10182.05,1,1.0
CUST16385,Amit Behera,53692.5,11113.99,1,1.0
CUST16186,Vivek Das,53687.2,6830.51,1,2.0
CUST27231,Akash Reddy,53683.549999999996,2809.39,1,1.0
CUST22382,Manish Patel,53667.9,8585.64,1,3.0
CUST21516,Riya Das,53654.4,8246.5,1,4.0
CUST18003,Rahul Pradhan,53649.0,4236.25,1,3.0
CUST24620,Rohit Mishra,53625.6,9580.85,1,2.0
CUST25800,Ankit Rao,53624.799999999996,6575.37,1,1.0
CUST15085,Pooja Behera,53622.0,4030.03,1,5.0
CUST14432,Swati Gupta,53604.0,5978.43,1,1.0
CUST27569,Manish Dutta,53596.5,7045.18,1,1.0
CUST20213,Sanjay Singh,53591.4,12322.1,1,2.0
CUST14774,Manish Yadav,53588.0,5102.34,1,5.0
CUST18311,Kavita Singh,53584.0,13191.73,1,2.0
CUST13056,Manish Verma,53571.45,12546.64,1,1.0
CUST10834,Priya Reddy,53570.4,5181.43,1,1.0
CUST12209,Manish Verma,53570.4,4387.32,1,2.0
CUST18865,Raj Verma,53551.5,7391.82,1,2.0
CUST19501,Ankit Mehta,53535.0,4641.37,1,5.0
CUST15001,Swati Behera,53534.399999999994,8090.75,1,3.0
CUST16034,Shreya Mehta,53529.649999999994,11582.8,1,1.0
CUST24862,Riya Patel,53515.399999999994,10248.55,1,2.0
CUST18710,Deepak Kumar,53506.65,6559.9,1,3.0
CUST27785,Pooja Dutta,53503.200000000004,8470.24,1,1.0
CUST12305,Karan Dutta,53494.0,8689.81,1,2.0
CUST17602,Abhishek Gupta,53487.0,7570.79,1,5.0
CUST26392,Anjali Reddy,53469.0,11431.61,1,1.0
CUST10787,Suresh Jain,53463.2,7831.54,1,4.0
CUST13897,Sneha Reddy,53459.1,6592.61,1,1.0
CUST28500,Pooja Sharma,53458.399999999994,7070.84,1,1.0
CUST16665,Shreya Kumar,53456.25,6971.08,1,5.0
CUST10380,Anjali Rao,53442.25,12597.73,1,1.0
CUST11540,Pooja Behera,53433.0,9843.32,1,3.0
CUST12317,Rohit Sahu,53432.7,10973.73,1,2.0
CUST28447,Abhishek Dutta,53432.0,12823.16,1,5.0
CUST11248,Sneha Kumar,53429.6,8519.22,1,2.0
CUST22623,Unknown,53418.0,9551.43,1,2.0
CUST21063,Karan Patel,53396.1,11888.64,1,1.0
CUST20341,Pooja Nayak,53385.600000000006,3327.98,1,2.0
CUST23958,Riya Reddy,53362.8,3140.65,1,3.0
CUST28329,Unknown,53353.5,12704.15,1,2.0
CUST26865,Rahul Dutta,53352.95,10526.77,1,1.0
CUST20802,Nisha Verma,53339.25,5546.51,1,1.0
CUST24833,Rohit Kumar,53313.600000000006,13206.94,1,1.0
CUST17917,Amit Jain,53298.0,11992.46,1,5.0
CUST22110,Vivek Dutta,53281.2,6053.94,1,4.0
CUST20948,Kavita Gupta,53250.3,10610.37,1,1.0
CUST14477,Karan Dutta,53238.0,2851.68,1,1.0
CUST23592,Vikas Sahu,53235.0,2735.98,1,2.0
CUST12478,Karan Das,53227.5,8326.76,1,2.0
CUST15246,Suresh Sahu,53220.0,6429.62,1,4.0
CUST14228,Riya Verma,53209.8,5011.84,1,1.0
CUST21932,Karan Sharma,53189.5,12221.18,1,5.0
CUST15305,Vivek Rao,53183.700000000004,12301.53,1,1.0
CUST11533,Manish Nayak,53164.1,11577.88,1,2.0
CUST28526,Swati Sharma,53158.5,11245.58,1,1.0
CUST12171,Manish Sharma,53153.600000000006,6109.14,1,1.0
CUST12662,Sneha Mohanty,53133.5,10345.99,1,5.0
CUST10312,Ankit Das,53121.6,8177.58,1,4.0
CUST25001,Sanjay Kumar,53116.0,4750.77,1,5.0
CUST28803,Amit Jain,53113.899999999994,3554.39,1,1.0
CUST26289,Pooja Singh,53105.5,11493.03,1,5.0
CUST26256,Vivek Kumar,53096.1,12654.3,1,1.0
CUST21414,Manish Pradhan,53093.6,9156.3,1,4.0
CUST14071,Raj Verma,53088.0,9577.49,1,4.0
CUST26981,Sneha Yadav,53077.45,9042.82,1,1.0
CUST27515,Riya Behera,53067.0,3919.41,1,4.0
CUST26831,Akash Patel,53046.0,7783.02,1,1.0
CUST26546,Manish Singh,53040.0,12086.81,1,3.0
CUST24057,Suresh Reddy,53039.7,7558.05,1,3.0
CUST24456,Vikas Sahu,53034.1,8089.89,1,1.0
CUST12542,Rohit Sharma,53019.0,12888.52,1,3.0
CUST15566,Kavita Yadav,52991.0,3881.78,1,1.0
CUST14766,Swati Mohanty,52967.700000000004,5898.85,1,1.0
CUST12461,Vikas Pradhan,52964.0,9614.85,1,2.0
CUST27833,Vikas Patel,52961.799999999996,8537.85,1,4.0
CUST13964,Anjali Yadav,52954.5,9838.88,1,1.0
CUST19073,Kavita Pradhan,52950.6,5509.48,1,1.0
CUST14909,Deepak Nayak,52940.299999999996,13006.45,1,1.0
CUST16166,Riya Kumar,52925.25,12870.2,1,5.0
CUST22976,Sneha Patel,52920.0,3663.49,1,3.0
CUST16392,Rahul Mishra,52918.200000000004,4778.38,1,1.0
CUST25285,Vikas Dutta,52913.1,2822.85,1,3.0
CUST23087,Swati Mishra,52911.2,11877.53,1,2.0
CUST27184,Nisha Pradhan,52901.25,3308.52,1,1.0
CUST12733,Riya Nayak,52880.0,11373.13,1,4.0
CUST20573,Arjun Verma,52879.5,3734.88,1,3.0
CUST24053,Karan Sahu,52877.25,6718.58,1,3.0
CUST16317,Rahul Yadav,52858.95,8010.6,1,1.0
CUST10013,Raj Jain,52858.95,3933.64,1,3.0
CUST16854,Deepak Gupta,52854.4,3683.45,1,1.0
CUST18079,Raj Panda,52819.200000000004,7758.25,1,4.0
CUST18364,Abhishek Pradhan,52819.049999999996,3906.36,1,1.0
CUST22223,Arjun Yadav,52782.3,8638.6,1,3.0
CUST27620,Amit Dutta,52769.649999999994,4790.99,1,1.0
CUST18348,Vivek Rao,52752.0,12163.28,1,1.0
CUST10404,Amit Mehta,52749.7,11688.86,1,1.0
CUST28477,Akash Mohanty,52746.0,12011.41,1,4.0
CUST11823,Rahul Patel,52731.0,6154.76,1,4.0
CUST28836,Swati Panda,52728.75,4807.01,1,3.0
CUST24663,Priya Singh,52725.0,3081.7,1,2.0
CUST14028,Pooja Pradhan,52715.5,8762.29,1,2.0
CUST19291,Manish Panda,52702.0,12298.09,1,2.0
CUST27556,Karan Dutta,52687.200000000004,7653.41,1,3.0
CUST23174,Akash Sharma,52686.2,10491.92,1,1.0
CUST11897,Vivek Dutta,52676.399999999994,12889.59,1,2.0
CUST24881,Kavita Jain,52672.0,6093.31,1,2.0
CUST14382,Amit Verma,52665.600000000006,8508.39,1,3.0
CUST28125,Arjun Mehta,52655.0,4155.94,1,5.0
CUST20986,Amit Verma,52623.0,10010.66,1,3.0
CUST10560,Rohit Patel,52620.0,9601.23,1,5.0
CUST19733,Shreya Das,52603.5,3061.64,1,2.0
CUST27170,Neha Das,52600.8,9273.5,1,3.0
CUST21558,Raj Mohanty,52598.0,7735.54,1,5.0
CUST14533,Ankit Panda,52596.75,12089.23,1,5.0
CUST12308,Vivek Gupta,52594.5,11911.83,1,1.0
CUST12685,Swati Pradhan,52593.799999999996,3226.95,1,1.0
CUST15276,Karan Kumar,52583.549999999996,10229.49,1,1.0
CUST21848,Abhishek Sahu,52568.0,8221.68,1,4.0
CUST22637,Riya Nayak,52567.2,11615.15,1,3.0
CUST20106,Pooja Sharma,52565.399999999994,10269.07,1,1.0
CUST11556,Swati Mehta,52564.8,12803.6,1,1.0
CUST14747,Manish Panda,52556.25,3046.84,1,1.0
CUST16510,Suresh Sahu,52531.0,9598.72,1,1.0
CUST10227,Rohit Yadav,52527.0,11643.57,1,2.0
CUST18497,Vivek Panda,52510.299999999996,9873.37,1,2.0
CUST13334,Karan Singh,52504.5,2701.66,1,2.0
CUST15129,Arjun Pradhan,52477.299999999996,3945.13,1,2.0
CUST21807,Vikas Das,52463.6,9538.24,1,4.0
CUST16508,Deepak Reddy,52450.200000000004,12614.76,1,1.0
CUST21636,Pooja Patel,52436.8,9856.8,1,2.0
CUST22526,Arjun Verma,52436.2,8736.48,1,4.0
CUST13436,Kavita Mishra,52435.8,3881.87,1,2.0
CUST14791,Riya Rao,52403.200000000004,3781.25,1,1.0
CUST13820,Abhishek Kumar,52392.0,10207.24,1,4.0
CUST19376,Karan Mohanty,52388.0,8462.92,1,1.0
CUST27468,Ankit Mohanty,52374.0,9231.56,1,2.0
CUST13275,Anjali Sahu,52341.799999999996,4562.32,1,1.0
CUST17447,Raj Mishra,52322.0,10174.35,1,2.0
CUST28572,Arjun Reddy,52315.200000000004,4681.78,1,2.0
CUST22860,Manish Mohanty,52291.8,6829.91,1,1.0
CUST21435,Amit Mehta,52283.5,11367.14,1,5.0
CUST11606,Sanjay Singh,52272.0,11852.96,1,5.0
CUST17926,Unknown,52256.399999999994,6274.42,1,2.0
CUST15352,Abhishek Rao,52245.899999999994,7907.55,1,3.0
CUST28960,Rohit Reddy,52245.0,12230.43,1,1.0
CUST12252,Nisha Nayak,52243.200000000004,8982.71,1,1.0
CUST19881,Suresh Gupta,52209.549999999996,4009.4,1,1.0
CUST13879,Akash Mehta,52209.0,8264.17,1,4.0
CUST21297,Nisha Dutta,52204.399999999994,4849.76,1,4.0
CUST25259,Swati Kumar,52193.399999999994,6417.19,1,3.0
CUST10953,Ankit Patel,52192.8,6165.59,1,1.0
CUST27334,Manish Sharma,52182.0,11493.53,1,2.0
CUST18677,Nisha Gupta,52176.6,2905.5,1,1.0
CUST16123,Neha Behera,52150.5,3176.7,1,3.0
CUST17322,Sanjay Mehta,52123.5,5284.82,1,3.0
CUST20610,Kavita Kumar,52120.0,8175.96,1,4.0
CUST15134,Abhishek Yadav,52110.0,5767.77,1,3.0
CUST21996,Sanjay Yadav,52105.600000000006,6160.17,1,1.0
CUST20737,Ankit Behera,52092.0,3047.62,1,1.0
CUST18940,Sanjay Mohanty,52086.6,7325.11,1,1.0
CUST11268,Neha Mishra,52072.35,8197.45,1,1.0
CUST27508,Riya Panda,52033.399999999994,12190.13,1,2.0
CUST12873,Shreya Reddy,52011.0,4507.51,1,5.0
CUST26552,Priya Patel,52005.0,4803.43,1,1.0
CUST22270,Abhishek Mishra,51996.0,8206.68,1,3.0
CUST17369,Anjali Panda,51986.700000000004,6685.02,1,1.0
CUST25136,Swati Jain,51970.799999999996,11446.88,1,4.0
CUST16908,Rohit Jain,51960.5,11557.14,1,5.0
CUST26876,Vikas Pradhan,51940.0,11219.44,1,2.0
CUST17868,Swati Behera,51924.0,6604.15,1,2.0
CUST22338,Raj Yadav,51912.9,6667.59,1,3.0
CUST11113,Manish Pradhan,51891.0,9983.34,1,2.0
CUST23943,Riya Jain,51883.200000000004,8485.43,1,1.0
CUST24609,Abhishek Reddy,51859.8,9824.53,1,2.0
CUST28826,Riya Mohanty,51825.0,5998.75,1,5.0
CUST24947,Pooja Kumar,51824.25,5225.72,1,3.0
CUST27776,Abhishek Gupta,51822.0,6516.3,1,3.0
CUST23442,Nisha Nayak,51816.799999999996,10497.72,1,2.0
CUST14170,Priya Singh,51809.1,6146.57,1,1.0
CUST10481,Suresh Behera,51800.0,9435.87,1,2.0
CUST17619,Abhishek Verma,51796.8,5867.71,1,2.0
CUST13767,Manish Behera,51786.0,8292.29,1,4.0
CUST24145,Raj Panda,51783.0,2654.94,1,3.0
CUST15436,Akash Verma,51779.75,10138.38,1,5.0
CUST15363,Akash Dutta,51771.0,4421.97,1,1.0
CUST12116,Riya Rao,51764.8,3630.44,1,1.0
CUST19257,Riya Dutta,51731.0,3414.36,1,1.0
CUST22930,Vikas Panda,51726.549999999996,12215.94,1,1.0
CUST14106,Rohit Jain,51725.9,5566.31,1,2.0
CUST14253,Swati Sahu,51712.5,8764.96,1,5.0
CUST20092,Deepak Das,51695.299999999996,8421.42,1,2.0
CUST18307,Karan Sahu,51694.4,6278.38,1,2.0
CUST23306,Sanjay Singh,51693.0,12795.64,1,4.0
CUST25470,Rahul Sharma,51668.399999999994,3007.67,1,2.0
CUST21042,Pooja Yadav,51668.25,5645.04,1,1.0
CUST14333,Rahul Verma,51643.8,8974.85,1,2.0
CUST17577,Pooja Yadav,51623.0,4525.84,1,5.0
CUST28018,Manish Mehta,51620.0,8263.02,1,2.0
CUST23076,Deepak Panda,51618.0,3499.65,1,1.0
CUST11020,Deepak Pradhan,51603.0,9522.96,1,2.0
CUST16153,Karan Reddy,51600.0,12086.43,1,3.0
CUST18754,Kavita Singh,51591.0,5419.56,1,1.0
CUST25948,Suresh Gupta,51555.0,10814.46,1,2.0
CUST10996,Karan Jain,51550.799999999996,9063.8,1,4.0
CUST24992,Kavita Sharma,51550.0,10288.55,1,1.0
CUST27235,Swati Kumar,51550.0,3802.01,1,2.0
CUST16266,Nisha Pradhan,51547.95,12119.75,1,1.0
CUST11456,Nisha Singh,51543.799999999996,7044.81,1,2.0
CUST19692,Pooja Sharma,51517.5,9076.59,1,1.0
CUST13409,Suresh Gupta,51506.0,11721.57,1,1.0
CUST25409,Sneha Jain,51498.75,8836.9,1,5.0
CUST28911,Riya Kumar,51486.4,10160.01,1,1.0
CUST16794,Raj Pradhan,51483.0,3646.77,1,1.0
CUST27464,Priya Dutta,51482.0,4865.71,1,1.0
CUST26031,Neha Kumar,51478.0,10145.16,1,2.0
CUST11842,Vivek Patel,51474.0,4288.47,1,1.0
CUST10195,Priya Verma,51449.600000000006,8115.62,1,2.0
CUST23860,Shreya Rao,51436.5,8516.66,1,1.0
CUST18189,Vivek Kumar,51432.0,3266.29,1,2.0
CUST16754,Shreya Patel,51427.46,3825.8,1,2.0
CUST14610,Swati Reddy,51414.299999999996,8061.03,1,1.0
CUST23852,Nisha Nayak,51411.149999999994,8634.27,1,3.0
CUST19404,Karan Sahu,51396.0,11410.21,1,2.0
CUST15228,Nisha Mohanty,51394.0,12092.89,1,4.0
CUST21159,Riya Kumar,51392.0,11377.85,1,5.0
CUST26746,Ankit Sahu,51390.25,7196.79,1,5.0
CUST23136,Deepak Mohanty,51382.8,6805.11,1,1.0
CUST24732,Sanjay Reddy,51366.5,8459.6,1,5.0
CUST27241,Manish Mohanty,51360.0,11521.74,1,4.0
CUST20202,Nisha Mishra,51349.35,2787.1,1,3.0
CUST13279,Ankit Reddy,51332.4,12817.15,1,1.0
CUST26149,Rahul Sharma,51327.0,11229.18,1,3.0
CUST16491,Sneha Jain,51323.4,12429.3,1,2.0
CUST15485,Raj Yadav,51309.0,5193.45,1,2.0
CUST10640,Vikas Yadav,51302.25,4172.03,1,3.0
CUST13075,Sneha Mishra,51291.0,10144.39,1,1.0
CUST24402,Sneha Reddy,51281.35,5145.85,1,1.0
CUST14933,Sneha Gupta,51270.799999999996,7300.62,1,4.0
CUST28204,Suresh Gupta,51260.299999999996,2888.69,1,1.0
CUST19268,Nisha Dutta,51249.6,7473.3,1,2.0
CUST23068,Deepak Yadav,51181.2,12424.03,1,1.0
CUST25853,Vivek Mohanty,51174.25,9464.61,1,1.0
CUST13855,Vivek Mohanty,51170.0,4310.87,1,1.0
CUST22585,Ankit Singh,51164.25,3551.21,1,1.0
CUST12231,Vivek Rao,51159.75,10141.85,1,1.0
CUST23494,Shreya Mohanty,51139.2,7157.82,1,4.0
CUST16441,Raj Yadav,51134.7,5775.23,1,2.0
CUST20267,Suresh Mishra,51134.299999999996,3949.55,1,2.0
CUST27075,Shreya Mishra,51125.899999999994,6743.57,1,1.0
CUST19685,Riya Panda,51120.45,10476.83,1,3.0
CUST15581,Ankit Sharma,51120.0,3038.11,1,1.0
CUST13419,Rohit Dutta,51112.2,5968.5,1,2.0
CUST22966,Raj Mohanty,51107.25,8596.76,1,1.0
CUST21898,Pooja Pradhan,51084.8,6042.88,1,1.0
CUST28428,Rahul Sahu,51079.7,10622.25,1,1.0
CUST11366,Raj Panda,51062.4,2757.72,1,2.0
CUST28482,Pooja Dutta,51032.0,6654.25,1,1.0
CUST25054,Rohit Dutta,51026.0,4079.13,1,1.0
CUST25180,Sneha Panda,51014.6,4135.06,1,1.0
CUST12246,Riya Rao,51012.0,2895.09,1,5.0
CUST14191,Swati Kumar,51011.2,10112.49,1,1.0
CUST28399,Sneha Patel,50982.0,12173.46,1,2.0
CUST23469,Arjun Dutta,50974.0,8974.43,1,4.0
CUST15052,Raj Dutta,50971.5,12364.25,1,3.0
CUST17963,Kavita Rao,50963.25,10993.0,1,1.0
CUST24060,Amit Sahu,50960.8,11201.75,1,1.0
CUST16972,Kavita Sharma,50960.0,6524.45,1,1.0
CUST26918,Abhishek Das,50954.399999999994,4676.56,1,3.0
CUST26093,Vivek Yadav,50948.799999999996,8752.04,1,2.0
CUST20183,Rohit Mohanty,50947.200000000004,12375.11,1,2.0
CUST25079,Abhishek Pradhan,50946.45,11033.8,1,3.0
CUST27290,Abhishek Mohanty,50946.0,2689.73,1,5.0
CUST12165,Swati Verma,50935.2,7999.26,1,4.0
CUST26020,Suresh Singh,50900.0,9150.05,1,2.0
CUST24296,Manish Patel,50870.6,5254.66,1,4.0
CUST21110,Amit Nayak,50856.399999999994,3067.82,1,4.0
CUST17891,Sanjay Singh,50853.6,6698.85,1,4.0
CUST20082,Riya Gupta,50850.4,4269.8,1,1.0
CUST18628,Amit Yadav,50846.85,2556.51,1,1.0
CUST20708,Deepak Behera,50825.600000000006,10749.36,1,2.0
CUST10765,Neha Yadav,50823.5,11392.57,1,5.0
CUST18827,Manish Mehta,50823.0,8097.28,1,3.0
CUST19405,Abhishek Dutta,50811.3,10812.48,1,3.0
CUST28360,Raj Kumar,50787.799999999996,2775.56,1,2.0
CUST16979,Rohit Jain,50787.0,5495.1,1,5.0
CUST11200,Kavita Das,50769.0,11952.8,1,5.0
CUST21732,Suresh Rao,50767.049999999996,7751.64,1,1.0
CUST17456,Raj Reddy,50746.5,5176.8,1,5.0
CUST17046,Rahul Panda,50741.6,10627.52,1,4.0
CUST14602,Neha Jain,50733.9,12080.74,1,1.0
CUST17221,Sanjay Gupta,50713.600000000006,11065.71,1,4.0
CUST28859,Akash Yadav,50687.1,10606.89,1,1.0
CUST10100,Karan Patel,50684.65,8006.58,1,1.0
CUST14744,Arjun Patel,50684.65,7410.44,1,1.0
CUST25511,Deepak Kumar,50681.25,6964.61,1,1.0
CUST26736,Sneha Patel,50665.5,8800.93,1,3.0
CUST15729,Ankit Dutta,50652.0,4682.56,1,1.0
CUST12329,Arjun Verma,50641.0,9776.17,1,1.0
CUST28810,Vikas Verma,50628.0,11084.94,1,2.0
CUST28004,Ankit Sharma,50623.6,6255.46,1,4.0
CUST11057,Pooja Mehta,50611.5,6853.88,1,1.0
CUST20759,Anjali Patel,50604.0,8663.83,1,3.0
CUST24801,Priya Reddy,50595.200000000004,5445.94,1,2.0
CUST19416,Raj Sahu,50583.5,3837.8,1,2.0
CUST12068,Raj Sharma,50583.0,9174.86,1,1.0
CUST26798,Priya Kumar,50578.4,3778.54,1,1.0
CUST10177,Amit Yadav,50559.3,10154.87,1,1.0
CUST13352,Akash Sahu,50557.5,12535.05,1,3.0
CUST20550,Anjali Gupta,50555.2,3289.99,1,4.0
CUST21699,Anjali Sahu,50548.399999999994,12577.52,1,4.0
CUST26217,Akash Mehta,50547.6,10653.22,1,2.0
CUST11459,Neha Dutta,50523.899999999994,12197.72,1,1.0
CUST19976,Vivek Panda,50506.75,11524.3,1,1.0
CUST28942,Shreya Reddy,50502.0,8452.74,1,1.0
CUST16845,Ankit Mehta,50490.0,3794.8,1,3.0
CUST26331,Nisha Das,50468.4,5399.79,1,2.0
CUST14866,Vivek Mishra,50445.0,12237.38,1,4.0
CUST17698,Pooja Jain,50443.200000000004,10796.26,1,1.0
CUST24259,Swati Behera,50429.25,9359.91,1,3.0
CUST17560,Raj Mohanty,50428.799999999996,8958.62,1,4.0
CUST15628,Ankit Mohanty,50427.9,8815.64,1,1.0
CUST26236,Arjun Panda,50427.0,6431.81,1,1.0
CUST28725,Ankit Jain,50416.9,9821.67,1,2.0
CUST18540,Deepak Sharma,50414.6,6899.66,1,1.0
CUST10493,Anjali Nayak,50400.0,7593.72,1,2.0
CUST25539,Vivek Dutta,50390.0,2693.76,1,1.0
CUST27324,Sneha Jain,50388.0,9476.35,1,4.0
CUST10852,Suresh Mehta,50377.6,7349.24,1,1.0
CUST24678,Shreya Patel,50364.0,9652.53,1,4.0
CUST11889,Raj Kumar,50355.0,8197.25,1,1.0
CUST10976,Arjun Jain,50337.75,4084.16,1,1.0
CUST20410,Sanjay Mehta,50335.75,7382.23,1,1.0
CUST27877,Kavita Jain,50331.75,6394.04,1,1.0
CUST14177,Rahul Kumar,50331.0,5855.3,1,4.0
CUST26495,Vikas Gupta,50306.4,12403.29,1,3.0
CUST22502,Suresh Patel,50300.6,6439.44,1,2.0
CUST10315,Rahul Behera,50292.799999999996,12037.42,1,2.0
CUST11881,Akash Mehta,50278.4,4524.09,1,4.0
CUST14158,Manish Singh,50274.0,7633.2,1,1.0
CUST21803,Priya Singh,50274.0,3350.8,1,4.0
CUST12680,Rahul Singh,50257.2,4199.65,1,1.0
CUST15953,Priya Singh,50250.0,9034.89,1,1.0
CUST25004,Swati Rao,50230.6,4995.79,1,1.0
CUST14358,Priya Behera,50204.4,12362.48,1,3.0
CUST20399,Kavita Patel,50198.0,3179.08,1,1.0
CUST17874,Ankit Panda,50179.95,12465.14,1,1.0
CUST11771,Sneha Kumar,50178.0,10244.07,1,1.0
CUST19622,Amit Singh,50177.700000000004,8953.28,1,1.0
CUST28626,Shreya Kumar,50156.8,4755.36,1,2.0
CUST16934,Arjun Mishra,50138.0,8644.86,1,2.0
CUST23332,Anjali Behera,50133.16856194023,2322.92,1,1.0
CUST26758,Nisha Nayak,50126.75,11998.65,1,1.0
CUST21082,Shreya Das,50126.25,12514.89,1,5.0
CUST11848,Arjun Pradhan,50117.4,5474.57,1,1.0
CUST15514,Manish Pradhan,50106.0,2961.2,1,3.0
CUST13548,Abhishek Mishra,50098.5,4244.09,1,3.0
CUST22756,Neha Sharma,50096.8,3978.91,1,1.0
CUST16555,Akash Rao,50089.600000000006,6322.22,1,1.0
CUST13161,Suresh Das,50086.5,9767.63,1,1.0
CUST26882,Amit Kumar,50086.0,6454.32,1,1.0
CUST24594,Amit Pradhan,50078.7,2643.82,1,1.0
CUST27181,Suresh Rao,50076.0,11937.84,1,2.0
CUST18614,Ankit Panda,50058.9,5292.15,1,1.0
CUST14680,Ankit Pradhan,50040.75,6520.75,1,1.0
CUST14539,Vikas Yadav,50025.75,2941.47,1,1.0
CUST18492,Priya Pradhan,50009.75,6651.644466666666,1,1.0
CUST14871,Deepak Panda,49990.0,6088.11,1,5.0
CUST15782,Vivek Jain,49980.8,3055.5,1,1.0
CUST16758,Neha Pradhan,49969.5,11250.07,1,1.0
CUST11531,Sneha Reddy,49960.0,6132.95,1,1.0
CUST24404,Raj Sahu,49946.4,3829.74,1,1.0
CUST24206,Amit Mishra,49914.2,9834.99,1,1.0
CUST24373,Abhishek Jain,49903.200000000004,3888.16,1,3.0
CUST17525,Riya Sharma,49897.549999999996,4636.91,1,1.0
CUST20067,Abhishek Rao,49895.0,9467.82,1,5.0
CUST18132,Sanjay Jain,49881.6,3153.15,1,2.0
CUST21968,Swati Das,49875.75,10688.28,1,1.0
CUST12794,Karan Pradhan,49852.0,3323.51,1,4.0
CUST25229,Ankit Patel,49848.8,7456.16,1,1.0
CUST25485,Shreya Sharma,49848.0,5344.4,1,4.0
CUST14241,Akash Kumar,49844.0,10524.91,1,5.0
CUST24619,Riya Verma,49837.0,11336.01,1,1.0
CUST26929,Arjun Singh,49836.8,4295.49,1,2.0
CUST27952,Riya Gupta,49794.75,5160.46,1,1.0
CUST19774,Kavita Mohanty,49788.75,9949.68,1,5.0
CUST18045,Deepak Panda,49785.0,3183.58,1,5.0
CUST18446,Shreya Behera,49768.200000000004,10413.59,1,1.0
CUST20726,Rohit Sharma,49762.4,9530.83,1,4.0
CUST22785,Vikas Gupta,49757.0,5322.28,1,1.0
CUST22769,Rohit Sharma,49747.6,7227.42,1,4.0
CUST23246,Manish Mohanty,49711.2,8558.57,1,3.0
CUST13274,Rohit Panda,49710.0,9293.14,1,1.0
CUST27153,Vivek Sahu,49686.0,11599.2,1,2.0
CUST15381,Pooja Verma,49683.0,5171.67,1,4.0
CUST13104,Karan Verma,49661.1,6302.26,1,3.0
CUST10132,Kavita Pradhan,49653.0,3355.22,1,1.0
CUST15337,Swati Singh,49634.9,11100.51,1,1.0
CUST22317,Deepak Mehta,49630.65,8939.21,1,3.0
CUST25132,Rahul Mishra,49623.0,10681.91,1,4.0
CUST23398,Kavita Das,49616.25,4306.88,1,5.0
CUST13444,Shreya Panda,49607.6,4284.41,1,1.0
CUST18459,Pooja Pradhan,49587.200000000004,8457.92,1,2.0
CUST15916,Amit Sahu,49557.2,5369.88,1,1.0
CUST15347,Priya Mehta,49529.2,3859.47,1,1.0
CUST19601,Amit Gupta,49516.6,7601.25,1,1.0
CUST23720,Kavita Mohanty,49505.4,3087.02,1,2.0
CUST12081,Deepak Jain,49505.399999999994,7156.27,1,3.0
CUST21353,Akash Yadav,49503.6,9851.08,1,4.0
CUST11023,Arjun Mishra,49500.0,11886.06,1,2.0
CUST26780,Vivek Mehta,49500.0,3208.21,1,1.0
CUST12503,Riya Jain,49497.0,6933.89,1,1.0
CUST20469,Ankit Pradhan,49489.299999999996,6972.59,1,2.0
CUST14780,Swati Das,49476.75,11805.55,1,1.0
CUST10215,Rahul Verma,49474.1,3397.96,1,1.0
CUST24826,Swati Mishra,49461.0,11540.36,1,3.0
CUST20437,Ankit Nayak,49459.2,5814.56,1,3.0
CUST19310,Suresh Sharma,49450.799999999996,2493.5,1,3.0
CUST14489,Amit Jain,49446.0,7389.96,1,2.0
CUST17286,Rahul Yadav,49431.899999999994,8053.56,1,1.0
CUST25876,Amit Rao,49428.0,4932.34,1,4.0
CUST25563,Swati Patel,49421.399999999994,8397.38,1,1.0
CUST19470,Abhishek Verma,49398.75,3313.9,1,5.0
CUST26142,Raj Pradhan,49398.1,3976.4,1,2.0
CUST19326,Vivek Patel,49369.6,5668.28,1,2.0
CUST21876,Nisha Das,49368.0,2607.85,1,5.0
CUST24664,Nisha Dutta,49363.200000000004,6980.35,1,2.0
CUST14035,Sanjay Jain,49346.5,5765.22,1,5.0
CUST13638,Vivek Dutta,49345.9,6206.95,1,1.0
CUST17041,Shreya Gupta,49345.0,9251.31,1,5.0
CUST11704,Vikas Mishra,49340.799999999996,8912.24,1,4.0
CUST27683,Sanjay Gupta,49308.75,10976.35,1,3.0
CUST23757,Sneha Sahu,49302.0,4896.03,1,4.0
CUST24225,Rahul Jain,49284.0,6488.95,1,3.0
CUST24070,Karan Das,49280.299999999996,9479.71,1,2.0
CUST19978,Neha Jain,49273.65,5255.18,1,1.0
CUST23446,Raj Kumar,49267.0,6537.83,1,2.0
CUST26171,Vikas Das,49262.0,6017.3,1,2.0
CUST13979,Arjun Nayak,49239.0,6178.88,1,3.0
CUST14081,Swati Gupta,49223.0,11572.92,1,1.0
CUST17021,Shreya Rao,49218.0,4888.27,1,2.0
CUST21136,Anjali Panda,49208.0,2484.2,1,1.0
CUST18634,Akash Mohanty,49197.0,3161.22,1,1.0
CUST25234,Vivek Mohanty,49197.0,10353.93,1,1.0
CUST15893,Abhishek Rao,49184.799999999996,3486.5,1,4.0
CUST15973,Riya Gupta,49178.5,7173.81,1,1.0
CUST21009,Swati Nayak,49172.0,12216.01,1,4.0
CUST23287,Anjali Yadav,49165.200000000004,11792.67,1,2.0
CUST27744,Sanjay Behera,49156.799999999996,9811.34,1,1.0
CUST11135,Amit Reddy,49156.0,3769.1,1,1.0
CUST24803,Deepak Sahu,49128.299999999996,8258.889166666668,1,2.0
CUST20194,Suresh Mohanty,49122.5,10179.73,1,1.0
CUST22220,Raj Nayak,49111.2,2781.95,1,2.0
CUST20052,Anjali Verma,49107.200000000004,9569.32,1,1.0
CUST26844,Anjali Sharma,49096.0,5516.02,1,2.0
CUST15905,Manish Das,49062.0,11974.91,1,3.0
CUST14404,Sneha Panda,49059.0,9789.01,1,3.0
CUST21242,Deepak Reddy,49058.6,7255.28,1,1.0
CUST10732,Abhishek Verma,49057.200000000004,3753.6,1,2.0
CUST21900,Anjali Rao,49052.0,10844.52,1,1.0
CUST22916,Akash Sharma,49039.0,11249.0,1,1.0
CUST26306,Raj Jain,49036.399999999994,6042.56,1,1.0
CUST16672,Manish Behera,49027.5,9536.01,1,1.0
CUST25955,Sneha Jain,49020.0,9946.43,1,1.0
CUST17737,Manish Dutta,49019.200000000004,11637.09,1,2.0
CUST27311,Neha Verma,49012.0,8707.71,1,1.0
CUST28118,Riya Jain,49002.0,7734.54,1,4.0
CUST20563,Vikas Rao,48994.399999999994,6014.07,1,1.0
CUST10103,Neha Mohanty,48988.9,7758.87,1,1.0
CUST28262,Riya Gupta,48988.8,8894.1,1,2.0
CUST16367,Raj Mishra,48980.399999999994,8503.9,1,3.0
CUST17037,Ankit Rao,48923.0,3237.86,1,5.0
CUST24358,Priya Mohanty,48907.5,11267.98,1,2.0
CUST14674,Vivek Panda,48902.0,9789.25,1,4.0
CUST21743,Abhishek Behera,48899.700000000004,11702.04,1,3.0
CUST22921,Amit Yadav,48899.700000000004,4578.97,1,3.0
CUST15587,Manish Yadav,48888.899999999994,11789.97,1,1.0
CUST27312,Swati Rao,48881.0,10162.15,1,1.0
CUST23759,Akash Das,48879.6,6984.45,1,3.0
CUST12515,Manish Mohanty,48876.36,3772.27,1,3.0
CUST19017,Pooja Panda,48861.9,4922.71,1,3.0
CUST19645,Shreya Kumar,48843.0,3876.89,1,3.0
CUST27582,Neha Nayak,48841.85,10467.33,1,1.0
CUST25923,Sneha Patel,48836.25,5458.85,1,1.0
CUST12893,Kavita Sharma,48789.9,11027.77,1,1.0
CUST17641,Priya Pradhan,48771.1,11377.66,1,1.0
CUST14970,Shreya Singh,48739.5,6426.13,1,2.0
CUST24695,Sneha Mishra,48738.6,7237.69,1,1.0
CUST15644,Neha Nayak,48728.399999999994,5678.86,1,3.0
CUST14390,Arjun Rao,48713.5,3266.25,1,5.0
CUST25993,Karan Mohanty,48699.0,5768.56,1,2.0
CUST10818,Swati Das,48678.3,11340.66,1,3.0
CUST20459,Ankit Patel,48642.85,11499.5,1,1.0
CUST15029,Ankit Mehta,48628.8,4047.52,1,4.0
CUST19403,Suresh Kumar,48627.0,4474.04,1,1.0
CUST14301,Raj Reddy,48622.899999999994,7266.49,1,2.0
CUST28158,Rahul Yadav,48612.75,7560.11,1,1.0
CUST11614,Swati Kumar,48608.1,3491.98,1,1.0
CUST24037,Rahul Yadav,48605.2,3445.96,1,2.0
CUST11925,Manish Behera,48586.0,8870.23,1,4.0
CUST21605,Manish Yadav,48584.899999999994,5307.62,1,2.0
CUST28192,Arjun Mishra,48579.2,8061.85,1,2.0
CUST13121,Kavita Patel,48573.9,11130.76,1,1.0
CUST26246,Shreya Yadav,48569.7,5676.23,1,1.0
CUST12119,Rohit Panda,48567.399999999994,9561.22,1,1.0
CUST25026,Amit Mehta,48556.0,10531.6,1,1.0
CUST19377,Karan Patel,48553.5,3490.17,1,1.0
CUST16866,Sanjay Rao,48504.0,2766.34,1,1.0
CUST17529,Sanjay Singh,48502.7,6336.52,1,1.0
CUST11525,Manish Das,48496.5,5509.94,1,1.0
CUST11576,Vikas Verma,48495.299999999996,2542.49,1,3.0
CUST28880,Suresh Rao,48480.0,10082.6,1,4.0
CUST26064,Sneha Reddy,48475.200000000004,5798.16,1,3.0
CUST24415,Arjun Rao,48453.600000000006,8439.96,1,1.0
CUST20520,Kavita Gupta,48451.200000000004,7241.78,1,1.0
CUST26169,Kavita Singh,48441.75,10228.86,1,1.0
CUST22048,Anjali Rao,48435.200000000004,9433.39,1,2.0
CUST15739,Arjun Mehta,48426.0,4838.45,1,2.0
CUST22487,Manish Gupta,48420.0,8660.71,1,5.0
CUST27897,Vikas Das,48372.1,5825.06,1,2.0
CUST27631,Vikas Sahu,48367.35,10691.25,1,3.0
CUST24012,Rahul Kumar,48360.899999999994,8587.84,1,3.0
CUST10572,Raj Das,48360.0,8868.6,1,4.0
CUST17591,Deepak Reddy,48356.0,5332.41,1,4.0
CUST22433,Manish Mehta,48352.5,2558.02,1,2.0
CUST22980,Vikas Mishra,48350.549999999996,4047.13,1,1.0
CUST27026,Abhishek Dutta,48332.2,9244.62,1,2.0
CUST15547,Amit Pradhan,48330.0,4415.06,1,2.0
CUST17057,Rahul Pradhan,48294.0,7993.722433333342,1,1.0
CUST10450,Sanjay Dutta,48280.399999999994,11968.76,1,1.0
CUST24940,Neha Singh,48277.5,9764.86,1,2.0
CUST27891,Sanjay Singh,48276.0,8592.94,1,5.0
CUST27522,Rohit Yadav,48267.200000000004,6927.74,1,1.0
CUST26397,Shreya Verma,48266.0,12018.56,1,1.0
CUST12918,Priya Behera,48238.4,10529.94,1,1.0
CUST12941,Kavita Dutta,48231.5,2964.29,1,2.0
CUST11777,Arjun Rao,48223.899999999994,6911.51,1,2.0
CUST26348,Sanjay Mehta,48206.799999999996,4566.37,1,1.0
CUST28065,Kavita Nayak,48186.5,12388.98,1,2.0
CUST25341,Ankit Sahu,48186.0,7846.79,1,2.0
CUST19641,Sanjay Singh,48183.0,11538.59,1,1.0
CUST13644,Anjali Reddy,48173.549999999996,7477.73,1,3.0
CUST22880,Shreya Behera,48171.200000000004,6071.5,1,2.0
CUST20419,Priya Gupta,48170.0,11775.63,1,5.0
CUST12045,Abhishek Behera,48168.0,4907.03,1,3.0
CUST26777,Vivek Yadav,48146.25,3843.07,1,1.0
CUST20754,Vikas Kumar,48146.0,11364.4,1,5.0
CUST15180,Priya Yadav,48133.0,6729.85,1,1.0
CUST14889,Swati Gupta,48115.8,4682.36,1,2.0
CUST20781,Vivek Sahu,48113.4,6941.47,1,2.0
CUST10733,Sanjay Patel,48105.75,8713.2,1,1.0
CUST22501,Kavita Das,48096.299999999996,11930.84,1,1.0
CUST11458,Vikas Nayak,48095.25,11807.14,1,1.0
CUST18938,Karan Sharma,48091.0,4169.52,1,1.0
CUST21472,Riya Behera,48084.5,9025.54,1,5.0
CUST13375,Arjun Mishra,48084.0,3626.32,1,1.0
CUST14153,Swati Dutta,48078.0,8151.53,1,1.0
CUST19552,Karan Nayak,48074.4,6541.98,1,4.0
CUST17773,Riya Patel,48062.0,11991.72,1,1.0
CUST11521,Karan Jain,48059.0,10328.99,1,4.0
CUST11327,Neha Pradhan,48057.0,10259.99,1,1.0
CUST15670,Karan Mohanty,48055.0,6078.28,1,1.0
CUST10260,Raj Verma,48048.3,4427.22,1,1.0
CUST26409,Abhishek Panda,48045.600000000006,11493.7,1,1.0
CUST28147,Kavita Nayak,48018.7,10478.78,1,2.0
CUST17026,Vikas Sharma,48003.3,6815.91,1,3.0
CUST20544,Kavita Mohanty,47976.0,2793.62,1,3.0
CUST24336,Amit Kumar,47970.6,7443.92,1,1.0
CUST19711,Rohit Mohanty,47957.0,7443.73,1,1.0
CUST28669,Rahul Panda,47949.0,9367.76,1,2.0
CUST20297,Abhishek Mohanty,47947.45,9618.91,1,1.0
CUST27483,Riya Nayak,47934.6,2792.05,1,3.0
CUST22630,Swati Dutta,47910.25,3821.86,1,1.0
CUST13413,Sneha Gupta,47905.0,9895.97,1,5.0
CUST15241,Sanjay Mishra,47890.5,11881.26,1,1.0
CUST16737,Sanjay Gupta,47876.0,9057.63,1,2.0
CUST28487,Anjali Sharma,47871.0,7899.8,1,1.0
CUST16360,Vikas Sahu,47858.149999999994,9390.74,1,1.0
CUST25012,Vivek Panda,47829.75,9762.14,1,1.0
CUST27591,Priya Reddy,47829.600000000006,7946.79,1,1.0
CUST28277,Raj Verma,47829.5,7125.11336666666,1,2.0
CUST16236,Arjun Jain,47800.2,5224.17,1,2.0
CUST26028,Pooja Mehta,47794.0,10568.57,1,2.0
CUST18684,Shreya Pradhan,47788.0,7624.33,1,5.0
CUST21255,Priya Pradhan,47784.0,10797.07,1,4.0
CUST20129,Anjali Dutta,47771.0,10861.23,1,1.0
CUST22611,Kavita Mohanty,47764.74,7451.88,1,1.0
CUST26229,Amit Panda,47756.0,10023.56,1,2.0
CUST13284,Karan Gupta,47751.75,5663.47,1,3.0
CUST23466,Akash Mohanty,47747.7,3292.63,1,1.0
CUST18266,Vivek Reddy,47733.3,8220.36,1,3.0
CUST18107,Amit Mohanty,47720.399999999994,4928.96,1,4.0
CUST13718,Rohit Panda,47700.0,11332.31,1,5.0
CUST16473,Amit Jain,47696.0,6539.68,1,2.0
CUST24853,Swati Yadav,47681.6,5396.49,1,4.0
CUST18108,Vikas Rao,47660.899999999994,2917.77,1,1.0
CUST25360,Akash Mohanty,47659.5,5369.44,1,2.0
CUST15857,Manish Sharma,47657.7,8656.0,1,1.0
CUST23318,Priya Behera,47652.0,8872.7,1,3.0
CUST15706,Akash Rao,47646.299999999996,2504.56,1,1.0
CUST16432,Pooja Das,47644.2,10483.28,1,3.0
CUST10008,Sneha Jain,47644.1,10152.59,1,1.0
CUST27955,Sneha Singh,47631.0,11332.59,1,1.0
CUST11167,Rohit Sahu,47626.510133843214,3464.61,1,1.0
CUST27359,Sanjay Pradhan,47626.510133843214,80.39,1,1.0
CUST26005,Raj Yadav,47626.510133843214,557.27,1,1.0
CUST20704,Kavita Behera,47612.1,6288.63,1,3.0
CUST13666,Unknown,47607.200000000004,8172.68,1,1.0
CUST16644,Akash Nayak,47593.2,7585.45,1,3.0
CUST10654,Suresh Dutta,47585.0,11807.2,1,1.0
CUST25047,Arjun Mehta,47577.75,9371.55,1,1.0
CUST20601,Amit Rao,47576.2,3199.21,1,1.0
CUST17747,Amit Jain,47569.2,3706.59,1,3.0
CUST24205,Vikas Verma,47556.0,9864.27,1,4.0
CUST16739,Pooja Nayak,47552.4,11534.19,1,2.0
CUST11427,Shreya Das,47551.299999999996,4572.7,1,1.0
CUST28766,Suresh Dutta,47548.5,9385.64,1,1.0
CUST11868,Arjun Das,47541.600000000006,9686.4,1,3.0
CUST22311,Kavita Sahu,47523.0,7197.74,1,3.0
CUST14598,Sanjay Yadav,47521.5,8812.19,1,2.0
CUST11713,Nisha Reddy,47511.0,7860.24,1,5.0
CUST25414,Shreya Das,47498.1,8376.83,1,1.0
CUST20876,Vivek Rao,47498.0,10719.52,1,2.0
CUST10322,Raj Panda,47496.0,4333.7,1,2.0
CUST27444,Rohit Patel,47486.4,8500.84,1,3.0
CUST16225,Ankit Jain,47477.600000000006,4321.94,1,1.0
CUST16498,Vikas Jain,47474.4,10918.02,1,1.0
CUST26059,Pooja Verma,47470.5,3378.23,1,1.0
CUST18702,Anjali Nayak,47451.75,7255.24,1,1.0
CUST18228,Kavita Panda,47451.6,6946.68,1,4.0
CUST21771,Arjun Gupta,47435.399999999994,6470.86,1,4.0
CUST13475,Manish Patel,47429.7,11549.48,1,2.0
CUST16862,Riya Sahu,47429.2,3399.04,1,4.0
CUST15361,Sanjay Singh,47420.0,11708.23,1,5.0
CUST15386,Neha Verma,47413.549999999996,9468.66,1,1.0
CUST12060,Vikas Reddy,47370.0,9417.92,1,3.0
CUST13850,Kavita Mishra,47367.95,5090.04,1,1.0
CUST17657,Akash Jain,47367.6,6155.51,1,1.0
CUST28244,Priya Reddy,47359.2,8393.2,1,3.0
CUST16042,Suresh Pradhan,47349.0,11476.49,1,3.0
CUST21212,Anjali Jain,47345.85,10205.69,1,1.0
CUST24487,Rahul Nayak,47343.299999999996,2742.36,1,3.0
CUST25455,Vikas Mishra,47332.0,7147.15,1,5.0
CUST25819,Neha Mohanty,47325.2,5983.4,1,4.0
CUST28349,Anjali Verma,47324.25,11147.63,1,3.0
CUST26266,Amit Mohanty,47322.0,7575.45,1,3.0
CUST17415,Raj Yadav,47302.5,11168.12,1,5.0
CUST13832,Riya Patel,47297.25,3346.96,1,1.0
CUST13071,Suresh Verma,47292.75,5955.0,1,3.0
CUST13155,Manish Mishra,47290.4,4678.4,1,1.0
CUST21442,Shreya Rao,47280.4,10578.98,1,1.0
CUST16914,Kavita Kumar,47257.0,3050.12,1,1.0
CUST17040,Suresh Das,47254.52,8157.24,1,4.0
CUST22798,Shreya Singh,47237.0,6779.65,1,1.0
CUST16150,Priya Nayak,47235.299999999996,5793.76,1,3.0
CUST20525,Akash Rao,47234.700000000004,2470.69,1,1.0
CUST14274,Sneha Das,47226.0,10978.78,1,1.0
CUST27065,Abhishek Reddy,47219.4,7532.66,1,1.0
CUST17835,Rohit Pradhan,47214.0,8881.05,1,1.0
CUST11234,Neha Gupta,47213.1,7104.61,1,3.0
CUST16500,Manish Dutta,47210.25,9556.33,1,1.0
CUST17212,Akash Das,47197.95,8586.3,1,1.0
CUST15521,Deepak Jain,47180.8,6603.29,1,1.0
CUST18140,Amit Singh,47169.049999999996,6456.05,1,1.0
CUST23864,Amit Pradhan,47154.0,10202.61,1,1.0
CUST13759,Priya Rao,47142.4,10717.75,1,4.0
CUST12467,Ankit Yadav,47125.600000000006,3555.77,1,1.0
CUST23627,Arjun Yadav,47110.0,6005.94,1,5.0
CUST13604,Swati Mishra,47070.45,6814.59,1,3.0
CUST26382,Riya Panda,47052.0,7203.87,1,1.0
CUST22588,Nisha Mohanty,47047.5,5504.16,1,5.0
CUST13384,Deepak Singh,47047.200000000004,7797.41,1,3.0
CUST12204,Amit Yadav,47045.799999999996,3174.16,1,1.0
CUST23594,Abhishek Dutta,47009.799999999996,9148.07,1,4.0
CUST24899,Deepak Pradhan,47003.200000000004,7605.55,1,2.0
CUST23899,Rahul Das,46994.6,4899.52,1,2.0
CUST19194,Abhishek Kumar,46988.0,6080.72,1,5.0
CUST19164,Manish Mohanty,46969.5,5163.55,1,2.0
CUST20927,Suresh Mishra,46958.4,7421.65,1,2.0
CUST20535,Neha Gupta,46948.0,8120.99,1,4.0
CUST24681,Shreya Mohanty,46947.2,5620.72,1,1.0
CUST14915,Nisha Mehta,46941.0,11107.25,1,3.0
CUST11295,Riya Rao,46932.75,8381.1,1,1.0
CUST13951,Manish Gupta,46929.6,8864.91,1,2.0
CUST12849,Anjali Reddy,46916.0,3858.9,1,5.0
CUST10705,Akash Kumar,46896.0,2436.52,1,2.0
CUST11886,Anjali Gupta,46881.1,11215.8,1,1.0
CUST10910,Sneha Dutta,46867.799999999996,4341.379133333338,1,3.0
CUST16101,Swati Yadav,46865.6,6979.49,1,1.0
CUST25042,Deepak Mishra,46844.0,7955.46,1,4.0
CUST18887,Karan Pradhan,46843.5,10576.92,1,2.0
CUST24177,Shreya Das,46840.7,8459.94,1,1.0
CUST25498,Amit Reddy,46831.6,11130.21,1,2.0
CUST20494,Manish Rao,46828.0,3943.66,1,1.0
CUST22808,Neha Kumar,46821.7,7154.95,1,2.0
CUST10893,Neha Patel,46815.0,9346.21,1,1.0
CUST28384,Shreya Rao,46804.4,3231.78,1,1.0
CUST17284,Abhishek Gupta,46794.149999999994,7287.12,1,1.0
CUST12502,Swati Reddy,46780.0,11037.15,1,1.0
CUST22366,Nisha Mohanty,46777.5,9093.93,1,5.0
CUST10500,Priya Verma,46776.0,5126.44,1,1.0
CUST11027,Swati Mehta,46767.0,2470.04,1,3.0
CUST27766,Abhishek Dutta,46759.200000000004,10546.97,1,1.0
CUST25843,Sneha Gupta,46736.25,5354.91,1,5.0
CUST16234,Suresh Jain,46720.0,9236.59,1,2.0
CUST15160,Nisha Gupta,46680.75,3154.99,1,3.0
CUST12000,Swati Reddy,46672.0,6060.26,1,1.0
CUST18621,Shreya Singh,46671.75,10276.02,1,3.0
CUST12782,Priya Gupta,46662.4,6107.92,1,4.0
CUST27805,Kavita Dutta,46651.4,8306.71,1,2.0
CUST12460,Vikas Sahu,46647.85,6385.11,1,1.0
CUST20775,Vikas Patel,46638.0,9827.64,1,2.0
CUST21662,Kavita Verma,46636.799999999996,3867.76,1,2.0
CUST20776,Sneha Mishra,46630.5,6019.8,1,2.0
CUST24739,Pooja Reddy,46629.0,7731.97,1,5.0
CUST12152,Karan Yadav,46625.6,3646.86,1,1.0
CUST27864,Rohit Patel,46586.0,7386.9,1,1.0
CUST27115,Anjali Sahu,46558.4,6392.19,1,2.0
CUST23098,Swati Sahu,46553.4,9080.14,1,1.0
CUST14960,Amit Mehta,46497.5,10559.79,1,5.0
CUST22061,Kavita Gupta,46493.0,7166.78,1,4.0
CUST20873,Pooja Nayak,46480.65,7255.46,1,1.0
CUST19368,Rahul Mohanty,46472.299999999996,2964.27,1,1.0
CUST20239,Shreya Pradhan,46463.549999999996,3120.01,1,1.0
CUST18924,Rohit Gupta,46448.0,6845.99,1,1.0
CUST13657,Manish Mishra,46407.5,5948.06,1,5.0
CUST13296,Sanjay Mohanty,46404.9,5030.04,1,1.0
CUST16926,Suresh Jain,46401.5,9536.76,1,2.0
CUST16111,Vivek Verma,46386.899999999994,8058.47,1,1.0
CUST11393,Pooja Yadav,46372.0,7476.24,1,5.0
CUST23409,Priya Behera,46366.6,6549.55,1,2.0
CUST23895,Sanjay Behera,46365.0,6831.04,1,5.0
CUST16164,Nisha Gupta,46360.0,10820.76,1,4.0
CUST18226,Shreya Patel,46360.0,3573.99,1,4.0
CUST22721,Priya Yadav,46359.0,11133.63,1,2.0
CUST13559,Riya Yadav,46337.2,4686.8,1,2.0
CUST23036,Kavita Dutta,46331.25,11326.25,1,5.0
CUST17406,Vikas Jain,46330.200000000004,9885.38,1,2.0
CUST13354,Neha Rao,46307.25,8297.49,1,1.0
CUST19136,Rahul Patel,46303.75,7730.47,1,1.0
CUST14005,Kavita Jain,46270.0,5751.49,1,4.0
CUST14061,Sneha Nayak,46269.75,7456.28,1,1.0
CUST15519,Deepak Reddy,46232.0,8487.74,1,1.0
CUST25124,Priya Panda,46230.0,3980.02,1,5.0
CUST24802,Rahul Reddy,46222.5,9857.93,1,2.0
CUST27093,Amit Behera,46209.0,3073.35,1,1.0
CUST27128,Suresh Sahu,46203.200000000004,5165.14,1,1.0
CUST13353,Neha Nayak,46184.0,8268.51,1,1.0
CUST25771,Vikas Sahu,46176.75,9052.33,1,1.0
CUST12101,Amit Jain,46174.4,9580.79,1,2.0
CUST21639,Riya Das,46166.4,2811.77,1,3.0
CUST22115,Vivek Yadav,46155.75,3779.41,1,5.0
CUST21008,Rohit Yadav,46149.049999999996,11071.94,1,1.0
CUST15255,Riya Jain,46140.0,5966.25,1,3.0
CUST22284,Karan Mohanty,46125.0,7836.01,1,1.0
CUST19332,Rahul Behera,46112.5,9709.81,1,2.0
CUST13727,Deepak Singh,46102.5,11023.1,1,3.0
CUST24245,Vikas Nayak,46092.8,11048.33,1,2.0
CUST14568,Riya Jain,46076.799999999996,3094.67,1,2.0
CUST26947,Priya Dutta,46076.25,9025.39,1,5.0
CUST23750,Arjun Singh,46060.7,3613.73,1,1.0
CUST24288,Akash Reddy,46059.799999999996,11460.86,1,1.0
CUST16356,Pooja Verma,46040.4,5720.65,1,2.0
CUST20783,Rahul Das,46036.0,7899.6,1,5.0
CUST24462,Vivek Dutta,46036.0,11201.39,1,4.0
CUST24776,Deepak Gupta,46035.200000000004,3844.55,1,4.0
CUST16363,Amit Nayak,46028.0,7179.93,1,4.0
CUST24360,Karan Reddy,46022.4,3755.19,1,2.0
CUST24042,Manish Sahu,46018.15,4776.85,1,1.0
CUST20755,Arjun Mehta,46018.0,7795.61,1,2.0
CUST16220,Karan Verma,46017.299999999996,7819.8,1,1.0
CUST11657,Sanjay Behera,46005.4,7239.52,1,4.0
CUST16477,Shreya Sharma,46000.0,7979.94,1,2.0
CUST27804,Riya Panda,45996.8,2805.16,1,2.0
CUST15455,Vivek Yadav,45969.0,6810.08,1,5.0
CUST12750,Priya Verma,45967.200000000004,8004.95,1,1.0
CUST12303,Arjun Mishra,45947.6,5829.07,1,4.0
CUST27901,Sneha Singh,45945.2,4983.99,1,1.0
CUST20897,Manish Patel,45929.700000000004,6951.74,1,3.0
CUST17345,Raj Dutta,45914.45,3765.55,1,1.0
CUST16698,Akash Kumar,45904.95,7457.19,1,3.0
CUST18625,Nisha Singh,45878.4,3305.36,1,1.0
CUST25614,Deepak Mohanty,45878.0,4454.1,1,1.0
CUST25847,Vikas Behera,45847.5,7673.14,1,2.0
CUST23657,Deepak Rao,45839.5,5947.77,1,5.0
CUST25787,Suresh Behera,45829.45,8786.13,1,1.0
CUST23682,Raj Singh,45814.4,6508.05,1,2.0
CUST21029,Raj Reddy,45813.6,3155.91,1,1.0
CUST11232,Karan Mishra,45812.25,10407.84,1,3.0
CUST19624,Neha Rao,45795.0,5328.15,1,4.0
CUST14217,Akash Gupta,45786.1,10533.73,1,2.0
CUST23732,Arjun Singh,45767.4,6090.73,1,2.0
CUST10827,Neha Jain,45758.049999999996,10158.96,1,1.0
CUST16128,Swati Yadav,45745.0,10289.36,1,1.0
CUST19127,Rohit Verma,45732.399999999994,2959.08,1,1.0
CUST28991,Akash Jain,45732.0,7162.64,1,1.0
CUST21128,Raj Behera,45722.700000000004,2642.65,1,1.0
CUST10878,Akash Sahu,45702.4,8355.8,1,4.0
CUST11474,Sneha Gupta,45694.299999999996,10294.28,1,2.0
CUST23396,Abhishek Nayak,45681.7,9346.26,1,1.0
CUST24491,Priya Sharma,45652.0,2514.01,1,1.0
CUST15614,Kavita Mohanty,45637.2,11087.85,1,1.0
CUST23100,Riya Nayak,45625.65,7563.1,1,3.0
CUST11560,Priya Sahu,45620.399999999994,5999.47,1,4.0
CUST27349,Neha Patel,45599.1,7360.081166666669,1,3.0
CUST27229,Arjun Mohanty,45593.600000000006,9380.75,1,2.0
CUST16389,Rohit Kumar,45559.5,4957.27,1,1.0
CUST16077,Nisha Sahu,45551.0,3724.37,1,1.0
CUST25469,Anjali Mohanty,45545.600000000006,4483.03,1,4.0
CUST10020,Kavita Mehta,45544.409999999996,9350.14,1,3.0
CUST14526,Deepak Nayak,45536.25,9248.92,1,1.0
CUST12052,Karan Sahu,45516.8,3095.21,1,2.0
CUST21351,Ankit Rao,45514.0,11263.01,1,1.0
CUST28897,Sanjay Sahu,45498.0,8884.93,1,1.0
CUST19309,Shreya Mishra,45487.0,4405.9,1,1.0
CUST12585,Vikas Pradhan,45486.0,8035.99,1,2.0
CUST12312,Shreya Jain,45468.0,2372.48,1,3.0
CUST11259,Rahul Verma,45466.0,10730.04,1,2.0
CUST15210,Akash Pradhan,45456.8,7938.6,1,1.0
CUST15816,Arjun Behera,45450.0,2385.21,1,1.0
CUST27863,Vikas Behera,45417.6,2627.64,1,2.0
CUST26886,Arjun Rao,45417.0,6586.85,1,4.0
CUST19835,Suresh Patel,45404.8,6526.05,1,1.0
CUST27428,Pooja Singh,45398.0,4032.96,1,2.0
CUST22937,Suresh Sharma,45391.5,2958.64,1,1.0
CUST12789,Akash Mohanty,45383.4,4788.24,1,2.0
CUST16070,Suresh Yadav,45360.0,2683.27,1,4.0
CUST20166,Sanjay Jain,45358.6,10196.3,1,2.0
CUST17061,Amit Panda,45347.5,4442.88,1,2.0
CUST12301,Shreya Panda,45332.1,2442.63,1,2.0
CUST23623,Anjali Patel,45332.0,4909.53,1,1.0
CUST22902,Priya Das,45315.200000000004,9605.72,1,2.0
CUST13055,Unknown,45311.799999999996,5008.9,1,1.0
CUST20554,Ankit Mehta,45310.299999999996,6311.78,1,1.0
CUST24361,Abhishek Pradhan,45305.0,7908.09,1,5.0
CUST27037,Raj Gupta,45300.75,7148.26,1,3.0
CUST20480,Ankit Behera,45296.5,4674.0,1,1.0
CUST27103,Suresh Patel,45284.0,6914.77,1,2.0
CUST16454,Unknown,45282.0,2833.58,1,2.0
CUST23815,Pooja Pradhan,45282.0,10095.54,1,4.0
CUST25113,Raj Mehta,45279.5,9665.96,1,5.0
CUST18611,Nisha Mehta,45274.4,4564.04,1,2.0
CUST10437,Arjun Mohanty,45258.75,10121.39,1,5.0
CUST24668,Kavita Das,45255.75,8021.4,1,1.0
CUST25723,Manish Mohanty,45243.75,8700.82,1,3.0
CUST19618,Abhishek Patel,45234.9,4471.5,1,1.0
CUST18083,Vivek Mohanty,45232.35,8019.69,1,1.0
CUST15504,Raj Das,45230.45,10620.34,1,1.0
CUST17242,Deepak Verma,45226.5,9682.75,1,2.0
CUST25685,Suresh Dutta,45220.0,8532.49,1,5.0
CUST25978,Anjali Rao,45217.2,7820.889266666668,1,4.0
CUST10543,Rahul Sharma,45182.700000000004,8855.82,1,1.0
CUST26107,Arjun Behera,45148.0,9566.28,1,2.0
CUST15510,Deepak Sharma,45148.0,5558.39,1,1.0
CUST19988,Vivek Sahu,45147.899999999994,6916.6,1,1.0
CUST28525,Karan Nayak,45144.399999999994,3256.95,1,2.0
CUST15069,Arjun Verma,45144.0,5373.46,1,4.0
CUST17081,Shreya Mehta,45140.0,3172.62,1,1.0
CUST17426,Vivek Jain,45136.8,9148.54,1,3.0
CUST12847,Arjun Mishra,45124.0,6692.0,1,4.0
CUST10114,Sanjay Mishra,45119.85170574621,1665.05,1,1.0
CUST27264,Priya Singh,45119.85170574621,12146.28,1,1.0
CUST20219,Neha Rao,45119.85170574621,3105.23,1,1.0
CUST10684,Abhishek Jain,45119.85170574621,2459.26,1,1.0
CUST19813,Pooja Dutta,45119.85170574621,992.59,1,1.0
CUST22625,Suresh Mehta,45116.0,4851.11,1,1.0
CUST24538,Shreya Sharma,45108.0,5905.83,1,1.0
CUST15138,Vivek Sharma,45106.0,3725.32,1,4.0
CUST22195,Shreya Mishra,45094.5,10005.5,1,1.0
CUST26891,Rohit Sharma,45066.6,3644.65,1,2.0
CUST15124,Suresh Mohanty,45061.5,6405.5,1,1.0
CUST11082,Vivek Yadav,45053.399999999994,2910.92,1,3.0
CUST11670,Sneha Mohanty,45050.0,11228.64,1,2.0
CUST11209,Suresh Pradhan,45049.15,8669.18,1,1.0
CUST28655,Arjun Pradhan,45044.0,2396.78,1,1.0
CUST10592,Rohit Yadav,45042.2,3849.77,1,2.0
CUST15860,Shreya Sharma,45029.600000000006,8747.84,1,1.0
CUST14379,Ankit Pradhan,45004.399999999994,10066.16,1,4.0
CUST22005,Riya Verma,44990.4,5004.25,1,2.0
CUST28949,Ankit Verma,44982.85,8831.74,1,1.0
CUST26765,Karan Verma,44965.8,2601.6,1,2.0
CUST22669,Ankit Das,44962.399999999994,10114.76,1,2.0
CUST13462,Suresh Panda,44951.4,8357.68,1,4.0
CUST15909,Neha Das,44936.0,10594.37,1,4.0
CUST17104,Sneha Nayak,44914.4,3768.77,1,1.0
CUST19357,Sneha Dutta,44911.200000000004,4616.07,1,1.0
CUST16172,Shreya Rao,44883.299999999996,10711.68,1,3.0
CUST15315,Raj Mehta,44872.200000000004,9747.45,1,1.0
CUST20847,Sneha Verma,44858.1,4057.85,1,3.0
CUST20712,Rohit Panda,44851.95,6291.46,1,3.0
CUST19186,Shreya Reddy,44846.4,9618.3,1,1.0
CUST18310,Akash Singh,44845.200000000004,11114.27,1,4.0
CUST14675,Pooja Panda,44830.5,7952.53,1,3.0
CUST24157,Ankit Jain,44799.25,8208.29,1,5.0
CUST13511,Swati Yadav,44782.5,9101.08,1,1.0
CUST10994,Shreya Nayak,44780.4,7003.55,1,4.0
CUST14022,Vivek Mishra,44775.0,4312.37,1,5.0
CUST16605,Sneha Verma,44756.0,5199.39,1,5.0
CUST11296,Vikas Verma,44752.5,6624.44,1,5.0
CUST14200,Abhishek Yadav,44741.2,4656.4,1,4.0
CUST16708,Amit Kumar,44740.25,5796.84,1,1.0
CUST23023,Suresh Jain,44735.5,3595.35,1,5.0
CUST15164,Sneha Patel,44728.0,5832.61,1,1.0
CUST19059,Kavita Verma,44703.2,9017.94,1,1.0
CUST10477,Nisha Sahu,44702.35,3241.73,1,1.0
CUST22762,Abhishek Gupta,44699.4,2351.5,1,1.0
CUST11523,Nisha Gupta,44692.15,4436.78,1,1.0
CUST26744,Suresh Reddy,44689.9,10282.95,1,2.0
CUST26538,Neha Jain,44685.899999999994,10445.14,1,1.0
CUST13428,Ankit Jain,44660.7,2371.75,1,3.0
CUST16211,Karan Mehta,44657.2,4372.0,1,4.0
CUST15274,Amit Sahu,44636.4,2341.57,1,2.0
CUST15458,Akash Patel,44627.0,6810.11,1,1.0
CUST22408,Rahul Mohanty,44627.0,4991.95,1,1.0
CUST13825,Anjali Mishra,44561.25,6260.56,1,5.0
CUST21644,Neha Sahu,44540.75,9167.92,1,5.0
CUST20844,Abhishek Singh,44517.2,3370.87,1,2.0
CUST13278,Vikas Rao,44503.0,6774.76,1,1.0
CUST26912,Shreya Verma,44486.399999999994,2598.52,1,1.0
CUST11554,Arjun Jain,44474.25,3241.86,1,3.0
CUST19804,Arjun Kumar,44473.5,9534.99,1,1.0
CUST23329,Vivek Pradhan,44451.6,3950.01,1,3.0
CUST22409,Priya Gupta,44445.799999999996,9295.82,1,1.0
CUST24332,Vikas Sahu,44437.5,5971.9,1,5.0
CUST16180,Manish Das,44425.799999999996,5264.76,1,2.0
CUST28750,Rohit Rao,44424.0,2611.19,1,4.0
CUST12648,Sneha Dutta,44415.0,8226.99,1,1.0
CUST13474,Riya Gupta,44410.0,9892.03,1,1.0
CUST28200,Suresh Jain,44405.7,10316.17,1,1.0
CUST19001,Raj Patel,44395.5,3958.59,1,1.0
CUST28248,Riya Jain,44388.8,10739.04,1,1.0
CUST20691,Abhishek Singh,44385.600000000006,9102.74,1,3.0
CUST21072,Pooja Reddy,44385.6,9564.42,1,1.0
CUST25906,Vivek Reddy,44382.0,3199.07,1,4.0
CUST19182,Shreya Das,44371.200000000004,8789.74,1,1.0
CUST11130,Suresh Yadav,44356.2,4190.36,1,1.0
CUST23910,Amit Patel,44349.6,3724.12,1,2.0
CUST15488,Shreya Patel,44337.600000000006,1922.14,1,3.0
CUST16198,Rohit Gupta,44329.600000000006,8252.12,1,4.0
CUST23570,Sanjay Das,44300.700000000004,6376.53,1,1.0
CUST28928,Raj Yadav,44290.8,8467.72,1,3.0
CUST12613,Nisha Dutta,44286.0,6090.29,1,3.0
CUST14550,Raj Mishra,44271.4,3188.6,1,2.0
CUST21093,Kavita Mehta,44257.799999999996,4373.71,1,3.0
CUST28287,Karan Nayak,44241.399999999994,8796.51,1,1.0
CUST12667,Karan Panda,44238.0,7118.97,1,2.0
CUST11768,Shreya Dutta,44226.0,6844.91,1,4.0
CUST10281,Pooja Sahu,44214.0,4325.53,1,2.0
CUST17551,Vikas Nayak,44212.8,3545.04,1,3.0
CUST17509,Arjun Kumar,44198.0,5155.41,1,1.0
CUST14156,Swati Behera,44184.0,8744.96,1,3.0
CUST16587,Sneha Verma,44181.0,4866.25,1,3.0
CUST25546,Manish Dutta,44175.0,10585.22,1,5.0
CUST17936,Amit Sharma,44172.0,9505.15,1,1.0
CUST24994,Raj Behera,44157.0,10532.14,1,3.0
CUST21731,Akash Gupta,44147.6,9567.04,1,2.0
CUST25296,Pooja Rao,44142.0,10347.91,1,1.0
CUST23836,Abhishek Mehta,44140.5,7612.73,1,3.0
CUST13397,Riya Patel,44137.799999999996,10637.91,1,2.0
CUST21148,Abhishek Patel,44135.4,7091.41,1,1.0
CUST26665,Amit Das,44133.0,9335.27,1,3.0
CUST13839,Pooja Nayak,44116.8,6071.11,1,2.0
CUST19389,Pooja Yadav,44114.0,3198.62,1,1.0
CUST27389,Ankit Sahu,44099.7,6229.49,1,3.0
CUST26427,Sneha Verma,44093.7,6824.98,1,1.0
CUST25304,Suresh Verma,44074.8,7174.19,1,4.0
CUST20474,Manish Gupta,44073.0,6276.82,1,1.0
CUST27674,Swati Panda,44069.1,7795.95,1,2.0
CUST16472,Arjun Panda,44068.0,10832.8,1,4.0
CUST25032,Pooja Dutta,44064.299999999996,6689.18,1,1.0
CUST15279,Riya Dutta,44053.5,8156.21,1,1.0
CUST20228,Rohit Singh,44051.25,10575.15,1,5.0
CUST10089,Kavita Rao,44047.5,6085.27,1,2.0
CUST26004,Rohit Sharma,44038.8,6209.99,1,4.0
CUST10920,Nisha Sharma,44038.5,4513.13,1,5.0
CUST19531,Manish Rao,44037.0,4397.8,1,1.0
CUST27715,Swati Das,44030.0,4620.23,1,1.0
CUST17154,Suresh Yadav,44023.5,9875.57,1,2.0
CUST14357,Neha Jain,44022.0,4694.04,1,1.0
CUST10605,Vivek Verma,44019.2,8455.4,1,1.0
CUST17180,Rahul Reddy,43999.200000000004,6492.64,1,4.0
CUST28130,Riya Yadav,43975.0,4800.98,1,1.0
CUST14608,Shreya Mishra,43956.0,10766.3,1,2.0
CUST28620,Sneha Kumar,43937.6,8544.1,1,2.0
CUST11429,Amit Mohanty,43923.75,8737.59,1,5.0
CUST12602,Riya Dutta,43923.75,2589.1,1,5.0
CUST10607,Sanjay Singh,43920.8,4377.04,1,1.0
CUST14089,Kavita Reddy,43920.0,6435.87,1,2.0
CUST12716,Amit Sharma,43913.549999999996,11012.51,1,3.0
CUST10349,Ankit Behera,43912.799999999996,2245.86,1,3.0
CUST19719,Riya Yadav,43903.5,2355.23,1,1.0
CUST22719,Swati Reddy,43897.7,9529.19,1,1.0
CUST25246,Vivek Reddy,43892.0,10106.82,1,2.0
CUST11969,Priya Mohanty,43858.8,7797.03,1,4.0
CUST27011,Anjali Panda,43849.600000000006,5496.59,1,2.0
CUST14552,Vivek Nayak,43845.0,3175.11,1,1.0
CUST18031,Akash Nayak,43841.549999999996,4738.25,1,3.0
CUST25009,Kavita Kumar,43831.2,9872.73,1,4.0
CUST11928,Rohit Mohanty,43822.0,7404.43,1,1.0
CUST25125,Deepak Yadav,43796.25,9048.97,1,1.0
CUST13230,Karan Reddy,43761.600000000006,8530.6,1,1.0
CUST11746,Arjun Jain,43756.299999999996,6986.41,1,1.0
CUST17622,Pooja Sahu,43722.0,4251.53,1,3.0
CUST16148,Sneha Jain,43708.5,4935.53,1,5.0
CUST16219,Raj Panda,43704.0,5498.81,1,1.0
CUST20020,Rahul Sharma,43698.1,7208.99,1,1.0
CUST15815,Pooja Jain,43688.399999999994,7807.7,1,4.0
CUST21672,Rahul Verma,43686.0,6210.65,1,4.0
CUST20396,Swati Gupta,43678.6,8614.57,1,2.0
CUST10433,Akash Das,43668.0,4829.83,1,1.0
CUST16025,Rahul Mishra,43663.65,6718.27,1,3.0
CUST18948,Vivek Singh,43659.0,9364.29,1,2.0
CUST26033,Vikas Kumar,43637.299999999996,4755.3,1,1.0
CUST17717,Akash Yadav,43632.0,3972.07,1,3.0
CUST21713,Vivek Kumar,43622.0,2904.14,1,2.0
CUST27487,Deepak Sharma,43619.25,7203.77,1,3.0
CUST11000,Rohit Mehta,43618.0,2790.61,1,2.0
CUST22634,Neha Mehta,43615.2,7164.53,1,2.0
CUST22582,Swati Sahu,43605.0,8063.66,1,3.0
CUST19575,Rohit Reddy,43597.5,10262.02,1,5.0
CUST26740,Kavita Das,43596.0,4463.11,1,4.0
CUST28895,Unknown,43593.75,2225.68,1,5.0
CUST27199,Anjali Sharma,43588.0,2864.27,1,1.0
CUST18640,Priya Behera,43581.6,5004.28,1,1.0
CUST18905,Abhishek Singh,43570.799999999996,5403.16,1,2.0
CUST15871,Raj Pradhan,43568.0,9062.19,1,5.0
CUST22685,Shreya Dutta,43561.65,8646.54,1,1.0
CUST25817,Amit Reddy,43555.5,8724.44,1,1.0
CUST14227,Akash Patel,43547.200000000004,6284.45,1,1.0
CUST20903,Pooja Dutta,43539.42,6013.13,1,1.0
CUST18206,Karan Mohanty,43524.6,2458.41,1,2.0
CUST24959,Suresh Rao,43517.6,9948.23,1,4.0
CUST28086,Akash Dutta,43485.299999999996,7492.31,1,3.0
CUST13994,Rohit Mehta,43468.200000000004,6608.93,1,1.0
CUST21089,Pooja Verma,43456.5,4996.73,1,1.0
CUST28355,Rohit Mishra,43446.2,7142.71,1,1.0
CUST15185,Abhishek Kumar,43441.6,8114.22,1,1.0
CUST18402,Abhishek Panda,43434.4,2958.25,1,1.0
CUST26560,Riya Reddy,43432.5,6429.51,1,1.0
CUST14485,Sneha Pradhan,43432.200000000004,9658.06,1,3.0
CUST27113,Abhishek Dutta,43416.0,9184.24,1,1.0
CUST23475,Akash Nayak,43395.799999999996,10371.75,1,2.0
CUST20682,Neha Mishra,43377.75,8002.2,1,3.0
CUST23283,Rahul Mishra,43374.75,2624.22,1,1.0
CUST28873,Nisha Das,43368.0,10507.98,1,2.0
CUST16251,Suresh Rao,43364.700000000004,6145.33,1,3.0
CUST21208,Sanjay Pradhan,43350.4,6769.05,1,4.0
CUST16879,Raj Mehta,43326.2,3951.0,1,1.0
CUST16661,Vikas Jain,43307.6,4983.52,1,1.0
CUST16016,Riya Yadav,43301.25,9765.37,1,3.0
CUST10928,Vikas Kumar,43262.25,8316.13,1,1.0
CUST17250,Suresh Yadav,43260.0,5225.56,1,5.0
CUST13890,Rahul Dutta,43251.4,5381.87,1,2.0
CUST19642,Vivek Rao,43245.75,8253.42,1,1.0
CUST28757,Shreya Das,43233.0,6109.48,1,2.0
CUST22517,Shreya Sharma,43230.0,5632.24,1,5.0
CUST25564,Arjun Jain,43229.299999999996,5051.23,1,2.0
CUST20906,Sneha Kumar,43225.0,6786.08,1,4.0
CUST10781,Riya Das,43222.0,6599.43,1,1.0
CUST24936,Rahul Mishra,43219.200000000004,8719.43,1,3.0
CUST24977,Pooja Mishra,43218.0,6176.6,1,3.0
CUST28219,Swati Verma,43211.0,3399.94,1,1.0
CUST27572,Swati Behera,43194.6,9503.96,1,3.0
CUST18218,Rohit Behera,43187.2,6235.67,1,4.0
CUST27111,Sanjay Patel,43186.049999999996,10526.26,1,3.0
CUST21475,Raj Gupta,43157.9,9439.48,1,2.0
CUST27405,Vivek Sahu,43157.549999999996,2368.62,1,1.0
CUST11255,Sanjay Mishra,43156.8,10518.29,1,1.0
CUST24880,Abhishek Jain,43151.95,10337.35,1,1.0
CUST12260,Vivek Patel,43149.4,7263.68,1,4.0
CUST22129,Abhishek Kumar,43146.0,5042.39,1,1.0
CUST23906,Shreya Yadav,43131.0,9540.46,1,2.0
CUST20461,Anjali Gupta,43129.0,2644.49,1,5.0
CUST23790,Rahul Behera,43115.4,8307.9,1,4.0
CUST18989,Arjun Behera,43107.2,2653.68,1,1.0
CUST10496,Rohit Sahu,43104.6,9806.03,1,1.0
CUST23762,Sneha Pradhan,43104.0,8212.64,1,2.0
CUST21523,Raj Pradhan,43089.75,4895.83,1,1.0
CUST16713,Pooja Nayak,43078.5,4136.12,1,1.0
CUST12583,Manish Mishra,43065.399999999994,3814.14,1,1.0
CUST19784,Pooja Yadav,43065.0,7499.98,1,1.0
CUST18410,Vivek Mehta,43044.399999999994,10383.78,1,1.0
CUST19604,Pooja Behera,43042.299999999996,5586.23,1,2.0
CUST23840,Amit Mishra,43040.6,3081.24,1,2.0
CUST12456,Manish Yadav,43026.899999999994,6131.72,1,1.0
CUST17085,Priya Sharma,43023.6,7154.04,1,2.0
CUST19544,Swati Verma,43016.4,6604.58,1,1.0
CUST20439,Shreya Panda,43002.0,6994.29,1,2.0
CUST16136,Arjun Jain,43001.75,10332.38,1,5.0
CUST11669,Vikas Das,43001.600000000006,6816.36,1,1.0
CUST15021,Priya Patel,42985.6,9807.83,1,4.0
CUST21528,Manish Jain,42984.0,6794.02,1,2.0
CUST22763,Rahul Behera,42972.75,4455.27,1,1.0
CUST13975,Karan Sharma,42961.600000000006,2487.78,1,1.0
CUST13451,Rohit Gupta,42953.9,6527.35,1,1.0
CUST25052,Deepak Das,42944.8,10358.4,1,1.0
CUST16722,Vivek Mishra,42931.5,9316.97,1,1.0
CUST26820,Arjun Sharma,42930.75,10303.46,1,1.0
CUST18313,Priya Singh,42910.5,9404.62,1,1.0
CUST14302,Suresh Sahu,42898.5,7777.41,1,1.0
CUST11856,Shreya Rao,42885.0,10536.1,1,3.0
CUST15139,Anjali Verma,42881.25,2704.01,1,1.0
CUST18579,Suresh Mohanty,42864.75,9302.09,1,3.0
CUST18070,Karan Dutta,42854.45,9326.24,1,1.0
CUST22725,Manish Mishra,42844.8,2214.35,1,1.0
CUST25190,Swati Panda,42832.8,2427.58,1,1.0
CUST24260,Anjali Reddy,42831.0,5168.15,1,5.0
CUST16468,Priya Reddy,42828.75,5654.17,1,3.0
CUST10415,Rahul Sahu,42826.0,4606.63,1,4.0
CUST12112,Arjun Reddy,42796.8,7999.91,1,1.0
CUST20811,Rohit Verma,42771.0,1821.6,1,3.0
CUST21243,Riya Singh,42751.799999999996,7736.31,1,2.0
CUST13547,Neha Dutta,42739.2,5694.03,1,4.0
CUST13656,Rohit Panda,42738.0,9071.88,1,3.0
CUST13487,Suresh Yadav,42735.45,3690.61,1,1.0
CUST20852,Shreya Nayak,42727.2,8805.65,1,4.0
CUST17185,Deepak Panda,42716.8,5258.05,1,4.0
CUST25446,Raj Rao,42715.049999999996,4454.95,1,1.0
CUST16044,Nisha Jain,42702.799999999996,4589.91,1,1.0
CUST17599,Shreya Dutta,42695.1,3796.51,1,3.0
CUST16717,Riya Dutta,42692.1,9329.69,1,3.0
CUST22389,Kavita Das,42676.200000000004,6936.89,1,1.0
CUST21440,Sanjay Behera,42675.1,6345.69,1,1.0
CUST12343,Vivek Mishra,42662.0,7476.96,1,1.0
CUST10083,Vivek Yadav,42654.0,3098.71,1,3.0
CUST27485,Amit Yadav,42638.4,2691.4,1,2.0
CUST28922,Arjun Jain,42621.549999999996,7626.14,1,1.0
CUST23150,Akash Panda,42613.19327764919,357.77,1,1.0
CUST28070,Suresh Gupta,42613.19327764919,10428.02,1,1.0
CUST25595,Nisha Panda,42612.0,5360.13,1,3.0
CUST22695,Priya Patel,42609.600000000006,2846.7,1,1.0
CUST12269,Manish Mehta,42599.2,8672.92,1,1.0
CUST23191,Raj Nayak,42585.0,6747.99,1,2.0
CUST18654,Abhishek Patel,42580.8,6136.66,1,2.0
CUST19966,Nisha Mishra,42554.25,4641.29,1,1.0
CUST14684,Abhishek Reddy,42551.25,6708.11,1,5.0
CUST25182,Rahul Kumar,42546.14,3378.83,1,1.0
CUST21734,Akash Singh,42546.0,6893.35,1,1.0
CUST24988,Kavita Dutta,42541.5,8222.46,1,1.0
CUST22227,Amit Rao,42537.6,4729.58,1,4.0
CUST16243,Abhishek Das,42516.0,10458.51,1,1.0
CUST21909,Deepak Gupta,42512.5,6931.13,1,2.0
CUST15869,Vikas Das,42505.1,7402.52,1,1.0
CUST16146,Unknown,42500.25,2880.88,1,1.0
CUST25746,Rahul Mishra,42466.0,9526.14,1,4.0
CUST16305,Anjali Kumar,42419.25,3289.78,1,3.0
CUST27742,Abhishek Yadav,42412.5,4744.74,1,5.0
CUST12270,Nisha Sahu,42403.5,4705.67,1,3.0
CUST10296,Akash Nayak,42400.0,4627.49,1,2.0
CUST22679,Rahul Mohanty,42390.0,4693.9,1,1.0
CUST10575,Anjali Dutta,42388.8,8286.61,1,2.0
CUST24606,Kavita Mohanty,42370.4,5552.56,1,1.0
CUST28818,Neha Gupta,42369.600000000006,8050.85,1,3.0
CUST12820,Suresh Yadav,42363.75,8840.63,1,5.0
CUST10606,Rohit Verma,42346.5,4712.68,1,3.0
CUST20715,Swati Sahu,42331.5,9310.74,1,2.0
CUST12180,Arjun Yadav,42322.5,9598.77,1,2.0
CUST14350,Karan Nayak,42322.35,5656.17,1,3.0
CUST13001,Sneha Pradhan,42319.0,3512.68,1,1.0
CUST14068,Sneha Sharma,42304.0,6005.03,1,4.0
CUST15885,Swati Reddy,42273.0,10310.59,1,4.0
CUST24912,Unknown,42271.2,9262.28,1,3.0
CUST12055,Ankit Pradhan,42267.0,8356.79,1,3.0
CUST15631,Raj Singh,42249.2,3332.92,1,4.0
CUST22951,Akash Verma,42237.600000000006,3571.98,1,3.0
CUST11236,Arjun Gupta,42230.0,4069.66,1,1.0
CUST11632,Ankit Nayak,42230.0,7421.25,1,2.0
CUST28339,Kavita Singh,42225.0,9600.48,1,5.0
CUST11085,Nisha Sharma,42220.0,6140.14,1,1.0
CUST18164,Sneha Das,42219.5,4167.65,1,2.0
CUST28513,Abhishek Sharma,42215.6,3460.16,1,1.0
CUST21283,Manish Patel,42210.0,2527.73,1,2.0
CUST12916,Deepak Kumar,42208.0,6541.47,1,2.0
CUST21466,Arjun Sharma,42192.0,6945.01,1,2.0
CUST12297,Suresh Behera,42184.0,2187.27,1,1.0
CUST22923,Nisha Mishra,42171.5,8375.53,1,5.0
CUST19742,Priya Behera,42169.5,7243.72,1,1.0
CUST15136,Vivek Jain,42168.75,10522.9,1,1.0
CUST20917,Anjali Jain,42166.5,8919.8,1,1.0
CUST23924,Deepak Rao,42164.25,2592.34,1,5.0
CUST16462,Priya Kumar,42163.799999999996,2519.92,1,3.0
CUST10612,Akash Gupta,42163.5,5478.37,1,1.0
CUST11626,Shreya Behera,42159.75,9373.61,1,1.0
CUST28063,Anjali Behera,42153.0,8288.26,1,1.0
CUST10398,Abhishek Panda,42147.25,3921.42,1,5.0
CUST20709,Arjun Patel,42108.8,9669.86,1,4.0
CUST18982,Priya Patel,42079.5,5996.65,1,1.0
CUST24107,Neha Gupta,42066.0,4348.94,1,4.0
CUST18950,Arjun Rao,42058.799999999996,9360.04,1,2.0
CUST24618,Manish Jain,42049.600000000006,5129.78,1,2.0
CUST13443,Suresh Reddy,42028.0,6508.92,1,1.0
CUST17417,Deepak Dutta,42018.2,6283.91,1,1.0
CUST24954,Suresh Patel,42016.799999999996,2869.16,1,3.0
CUST13962,Swati Behera,42012.6,6026.03,1,3.0
CUST26219,Swati Singh,42004.8,7754.84,1,1.0
CUST21643,Pooja Das,42002.4,3016.31,1,3.0
CUST23589,Anjali Behera,41968.5,5963.9,1,1.0
CUST25475,Shreya Dutta,41967.200000000004,9522.0,1,1.0
CUST12106,Anjali Dutta,41967.0,8389.17,1,4.0
CUST28957,Suresh Jain,41940.0,8404.23,1,5.0
CUST13270,Arjun Das,41908.299999999996,6066.06,1,2.0
CUST17914,Sanjay Gupta,41883.0,6383.926266666672,1,4.0
CUST12728,Rohit Pradhan,41857.2,5727.29,1,3.0
CUST26579,Kavita Sahu,41847.0,2489.85,1,2.0
CUST26482,Sanjay Jain,41846.25,2237.69,1,5.0
CUST17801,Shreya Reddy,41820.0,9128.01,1,3.0
CUST23611,Vivek Sahu,41817.45,4870.34,1,1.0
CUST17911,Anjali Sharma,41815.75,3413.76,1,1.0
CUST15939,Karan Rao,41808.0,6586.66,1,5.0
CUST15474,Amit Panda,41805.549999999996,9958.47,1,1.0
CUST12507,Sneha Verma,41774.1,9326.83,1,1.0
CUST16116,Abhishek Reddy,41766.2,4356.82,1,1.0
CUST13472,Riya Yadav,41754.75,7491.89,1,1.0
CUST26313,Sneha Mehta,41752.0,3659.27,1,1.0
CUST11077,Sneha Kumar,41751.9,2638.13,1,1.0
CUST24451,Rahul Mehta,41736.0,6153.9,1,2.0
CUST17502,Neha Rao,41707.799999999996,2267.62,1,3.0
CUST15773,Manish Panda,41702.25,4458.04,1,1.0
CUST14168,Abhishek Kumar,41699.299999999996,2827.58,1,2.0
CUST16583,Rohit Verma,41697.0,5916.07,1,4.0
CUST15940,Neha Patel,41696.0,2952.07,1,1.0
CUST18379,Neha Nayak,41684.1,5984.79,1,2.0
CUST17251,Sanjay Yadav,41681.0,6213.13,1,1.0
CUST18163,Karan Singh,41676.0,7796.59,1,4.0
CUST23226,Anjali Rao,41675.5,4934.66,1,2.0
CUST10885,Priya Patel,41667.0,4246.79,1,5.0
CUST15439,Shreya Patel,41660.2,3486.53,1,1.0
CUST22958,Deepak Das,41651.25,6072.57,1,5.0
CUST15377,Manish Jain,41640.0,5903.25,1,2.0
CUST14341,Ankit Pradhan,41639.4,2826.57,1,1.0
CUST24382,Shreya Mishra,41630.0,2686.12,1,5.0
CUST11489,Swati Singh,41629.0,2354.83,1,5.0
CUST24187,Anjali Mohanty,41623.299999999996,9593.58,1,2.0
CUST11480,Kavita Mehta,41617.6,8970.42,1,1.0
CUST17867,Neha Kumar,41613.0,3196.01,1,1.0
CUST19960,Vikas Pradhan,41612.0,8008.23,1,2.0
CUST25713,Vivek Sharma,41611.5,8904.28,1,1.0
CUST23081,Karan Nayak,41592.9,2899.05,1,3.0
CUST17567,Suresh Gupta,41589.0,3412.54,1,5.0
CUST10397,Akash Reddy,41583.75,9923.34,1,5.0
CUST26290,Rohit Gupta,41582.1,4801.91,1,1.0
CUST21010,Amit Reddy,41536.6,6666.95,1,1.0
CUST25146,Sneha Patel,41527.5,5093.22,1,3.0
CUST25844,Amit Nayak,41524.5,10346.95,1,2.0
CUST20584,Priya Verma,41513.0,8616.09,1,1.0
CUST25489,Shreya Nayak,41504.8,2346.92,1,1.0
CUST28751,Raj Yadav,41481.7,8634.84,1,2.0
CUST21578,Neha Dutta,41452.0,2859.96,1,1.0
CUST14858,Unknown,41448.0,5972.01,1,5.0
CUST16354,Swati Panda,41440.5,6922.31,1,1.0
CUST21817,Karan Verma,41437.2,2810.72,1,4.0
CUST15962,Swati Sahu,41431.6,5490.34,1,2.0
CUST27460,Priya Dutta,41412.0,4143.48,1,1.0
CUST15698,Vivek Gupta,41405.600000000006,6584.5,1,1.0
CUST13437,Priya Panda,41405.0,4705.03,1,1.0
CUST15894,Vikas Mishra,41404.8,4835.35,1,4.0
CUST10259,Ankit Patel,41404.5,7765.18,1,2.0
CUST14463,Manish Rao,41396.25,3166.96,1,5.0
CUST24289,Shreya Reddy,41396.0,9758.97,1,5.0
CUST15982,Raj Das,41387.25,4243.78,1,1.0
CUST28640,Akash Singh,41351.1,2711.92,1,3.0
CUST18505,Karan Mohanty,41327.299999999996,2141.24,1,1.0
CUST19356,Raj Rao,41323.1,5085.52,1,1.0
CUST21565,Rohit Das,41298.1,7520.61,1,2.0
CUST26534,Abhishek Kumar,41295.1,5561.92,1,1.0
CUST27158,Akash Patel,41267.0,4693.53,1,1.0
CUST26848,Arjun Sahu,41263.0,4571.34,1,1.0
CUST11783,Vivek Mehta,41262.2,8010.45,1,2.0
CUST27638,Karan Sharma,41250.299999999996,6547.03,1,3.0
CUST14556,Neha Singh,41247.1,8276.82,1,2.0
CUST10204,Swati Das,41246.4,7886.47,1,2.0
CUST26448,Shreya Jain,41244.3,3082.95,1,1.0
CUST18474,Suresh Pradhan,41230.5,3196.74,1,1.0
CUST21315,Swati Mishra,41221.5,7372.24,1,2.0
CUST22460,Shreya Jain,41187.6,3989.03,1,3.0
CUST12848,Nisha Jain,41181.0,10046.35,1,4.0
CUST28728,Pooja Das,41179.5,3689.58,1,5.0
CUST15201,Sanjay Rao,41162.799999999996,6765.87,1,4.0
CUST16365,Anjali Pradhan,41138.0,3062.84,1,2.0
CUST10049,Sanjay Dutta,41132.7,2430.5,1,3.0
CUST21500,Arjun Jain,41127.25,3052.84,1,1.0
CUST17280,Unknown,41103.299999999996,8347.53,1,1.0
CUST23737,Neha Verma,41085.0,5217.58,1,5.0
CUST23355,Priya Pradhan,41078.0,7717.51,1,5.0
CUST16373,Priya Dutta,41077.95,8277.21,1,1.0
CUST14902,Priya Dutta,41064.799999999996,7576.98,1,2.0
CUST16598,Abhishek Dutta,41064.7,9461.17,1,1.0
CUST18527,Deepak Verma,41051.4,8739.63,1,2.0
CUST14178,Kavita Singh,41044.0,3280.58,1,2.0
CUST14525,Nisha Reddy,41043.799999999996,6934.71,1,2.0
CUST20068,Shreya Mehta,41042.399999999994,2631.04,1,2.0
CUST23713,Arjun Gupta,41025.0,6662.98,1,5.0
CUST16436,Arjun Mishra,41020.0,5397.79,1,5.0
CUST16842,Akash Singh,41014.35,3092.59,1,1.0
CUST19565,Amit Gupta,41010.0,6880.33,1,2.0
CUST18400,Nisha Reddy,40992.0,5054.63,1,4.0
CUST13795,Raj Jain,40988.0,3937.52,1,5.0
CUST18145,Karan Panda,40984.0,7863.86,1,2.0
CUST12149,Ankit Das,40975.4,7203.95,1,4.0
CUST15586,Vikas Patel,40973.4,4120.16,1,2.0
CUST10796,Nisha Behera,40970.4,7451.89,1,3.0
CUST22522,Kavita Jain,40965.75,9014.46,1,1.0
CUST13442,Akash Yadav,40965.0,4124.64,1,2.0
CUST17362,Suresh Das,40961.159999999996,2893.12,1,3.0
CUST28680,Riya Sahu,40959.75,5938.53,1,1.0
CUST17947,Priya Sharma,40953.75,6782.86,1,1.0
CUST24978,Priya Yadav,40951.8,3978.71,1,2.0
CUST11042,Shreya Mehta,40935.75,5827.9,1,1.0
CUST22219,Karan Sahu,40929.3,4307.76,1,3.0
CUST15914,Swati Sahu,40919.2,6181.97,1,2.0
CUST11939,Amit Sahu,40878.5,10143.86,1,1.0
CUST24376,Akash Nayak,40876.8,3018.87,1,4.0
CUST14184,Vivek Jain,40857.0,3818.96,1,3.0
CUST21104,Rohit Mohanty,40844.2,7146.2,1,2.0
CUST15502,Akash Mehta,40839.0,2246.06,1,3.0
CUST19690,Abhishek Mehta,40819.5,3509.52,1,5.0
CUST26325,Abhishek Kumar,40816.0,2749.65,1,5.0
CUST25362,Priya Das,40806.299999999996,3337.93,1,2.0
CUST13987,Karan Jain,40778.4,6164.03,1,3.0
CUST14540,Rahul Rao,40764.299999999996,3983.97,1,1.0
CUST15022,Pooja Sahu,40763.200000000004,4200.43,1,2.0
CUST24761,Ankit Rao,40758.899999999994,5521.58,1,1.0
CUST22704,Vikas Mishra,40758.4,4522.86,1,4.0
CUST25501,Ankit Sharma,40754.4,5762.73,1,1.0
CUST26873,Sneha Panda,40736.95,4658.86,1,1.0
CUST10856,Riya Dutta,40729.5,2137.69,1,3.0
CUST22000,Rohit Nayak,40716.0,2480.2,1,2.0
CUST22446,Anjali Panda,40711.5,7171.75,1,2.0
CUST20652,Manish Reddy,40691.0,3730.93,1,1.0
CUST12962,Suresh Singh,40675.5,4913.24,1,2.0
CUST18870,Amit Jain,40656.0,5104.73,1,1.0
CUST16791,Karan Singh,40640.0,2436.34,1,4.0
CUST25320,Anjali Yadav,40621.0,2882.22,1,2.0
CUST21359,Swati Behera,40617.600000000006,3662.63,1,3.0
CUST10645,Riya Nayak,40615.399999999994,8600.71,1,2.0
CUST27500,Abhishek Das,40597.2,4998.03,1,4.0
CUST24753,Swati Mehta,40586.4,7801.42,1,3.0
CUST17050,Rahul Verma,40581.0,7001.8,1,3.0
CUST18186,Vikas Sahu,40554.4,3408.63,1,1.0
CUST27069,Vikas Mishra,40554.0,2355.94,1,3.0
CUST25251,Akash Dutta,40553.6,2760.03,1,2.0
CUST22451,Rahul Rao,40544.0,2134.56,1,1.0
CUST26128,Anjali Pradhan,40523.2,2147.89,1,2.0
CUST15329,Amit Verma,40513.5,3376.68,1,3.0
CUST18498,Karan Yadav,40502.0,4596.69,1,5.0
CUST17160,Arjun Patel,40497.0,10093.85,1,3.0
CUST25932,Swati Kumar,40476.15,7990.57,1,3.0
CUST10382,Nisha Rao,40476.0,2079.48,1,2.0
CUST26955,Swati Yadav,40474.4,3124.98,1,1.0
CUST20841,Suresh Pradhan,40474.0,3834.81,1,5.0
CUST16049,Vikas Yadav,40455.0,2098.63,1,3.0
CUST25041,Priya Nayak,40455.0,5569.04,1,3.0
CUST17458,Raj Nayak,40426.200000000004,2389.07,1,1.0
CUST14570,Shreya Jain,40395.6,9234.27,1,4.0
CUST17308,Neha Yadav,40381.799999999996,9611.26,1,1.0
CUST25463,Arjun Yadav,40377.75,5440.43,1,1.0
CUST25538,Kavita Gupta,40375.0,6031.79,1,2.0
CUST10963,Rohit Patel,40371.6,3623.99,1,1.0
CUST11392,Anjali Patel,40369.5,8501.25,1,1.0
CUST28842,Raj Das,40368.299999999996,5785.46,1,1.0
CUST12426,Neha Reddy,40354.5,8714.51,1,2.0
CUST17504,Manish Singh,40332.5,2930.33,1,2.0
CUST12286,Rohit Nayak,40328.25,2125.86,1,5.0
CUST19791,Unknown,40308.5,9152.53,1,2.0
CUST20974,Karan Jain,40287.0,6424.24,1,4.0
CUST22235,Amit Gupta,40281.75,5380.34,1,1.0
CUST25642,Shreya Das,40264.799999999996,8410.14,1,4.0
CUST13162,Deepak Verma,40260.0,4858.95,1,2.0
CUST12668,Manish Behera,40250.0,2229.49,1,2.0
CUST26646,Abhishek Kumar,40244.85,7891.34,1,3.0
CUST18452,Suresh Verma,40238.799999999996,3689.35,1,2.0
CUST20839,Karan Sharma,40227.200000000004,9515.96,1,4.0
CUST13233,Abhishek Dutta,40218.0,4057.3,1,1.0
CUST26346,Priya Jain,40216.0,8328.42,1,2.0
CUST19246,Shreya Mohanty,40212.2,9822.69,1,2.0
CUST16223,Riya Panda,40208.0,6732.34,1,4.0
CUST23523,Anjali Sahu,40206.0,9719.26,1,1.0
CUST13029,Vivek Panda,40192.200000000004,8430.34,1,2.0
CUST21398,Priya Dutta,40192.0,9052.08,1,5.0
CUST21489,Raj Rao,40167.9,3098.42,1,2.0
CUST13477,Pooja Mehta,40156.899999999994,8366.54,1,1.0
CUST22743,Sanjay Rao,40120.85,8608.42,1,1.0
CUST14853,Rohit Mishra,40120.4,5954.8,1,1.0
CUST21950,Rahul Nayak,40113.600000000006,4561.89,1,1.0
CUST25018,Neha Singh,40106.53484955218,4983.15,1,1.0
CUST20953,Vivek Sharma,40106.53484955218,4900.53,1,1.0
CUST19542,Sneha Mohanty,40106.53484955218,11668.82,1,1.0
CUST27433,Anjali Jain,40098.75,5808.27,1,3.0
CUST22830,Kavita Pradhan,40091.4,5758.29,1,2.0
CUST17811,Suresh Singh,40083.200000000004,4295.79,1,1.0
CUST10807,Ankit Mehta,40080.6,8009.37,1,2.0
CUST24537,Vivek Sahu,40080.6,8055.43,1,3.0
CUST27437,Riya Mehta,40062.399999999994,6470.41,1,2.0
CUST15583,Abhishek Singh,40044.0,3464.8,1,2.0
CUST20254,Karan Sahu,40018.5,2750.79,1,1.0
CUST24637,Sneha Mishra,40000.15,3032.07,1,1.0
CUST18299,Akash Dutta,39988.8,6426.25,1,2.0
CUST28160,Manish Singh,39987.200000000004,2743.68,1,1.0
CUST19415,Karan Dutta,39985.200000000004,6880.27,1,2.0
CUST27561,Anjali Dutta,39980.5,5962.97,1,1.0
CUST13619,Karan Panda,39962.75,5329.91,1,1.0
CUST10359,Abhishek Mishra,39958.1,8769.91,1,1.0
CUST24561,Rohit Mehta,39956.25,4589.36,1,1.0
CUST28405,Karan Kumar,39948.8,3265.7,1,1.0
CUST19563,Raj Dutta,39936.4,9534.61,1,2.0
CUST15086,Swati Yadav,39932.15,4091.01,1,1.0
CUST24174,Vivek Singh,39928.0,4251.31,1,5.0
CUST21758,Raj Yadav,39924.0,5968.33,1,3.0
CUST19640,Suresh Nayak,39921.1,6750.16,1,2.0
CUST18276,Rohit Mishra,39913.200000000004,2445.34,1,4.0
CUST13150,Kavita Jain,39909.799999999996,3010.6,1,2.0
CUST28721,Raj Dutta,39908.549999999996,7540.56,1,3.0
CUST12189,Pooja Rao,39908.0,7254.88,1,5.0
CUST19720,Nisha Patel,39907.200000000004,9511.3,1,1.0
CUST27044,Kavita Sahu,39897.0,7375.04,1,2.0
CUST11947,Abhishek Kumar,39892.2,3067.45,1,4.0
CUST22239,Raj Dutta,39891.75,6468.11,1,1.0
CUST20985,Pooja Patel,39882.0,5127.36,1,2.0
CUST24595,Vivek Nayak,39879.0,9869.16,1,3.0
CUST26371,Nisha Verma,39875.299999999996,9068.4,1,1.0
CUST18980,Ankit Nayak,39868.200000000004,6389.16,1,3.0
CUST27700,Raj Singh,39856.0,9878.06,1,2.0
CUST12359,Riya Jain,39853.1,4201.0,1,2.0
CUST28613,Amit Kumar,39852.0,5964.37,1,1.0
CUST15010,Manish Patel,39846.299999999996,3748.15,1,2.0
CUST22011,Arjun Rao,39838.0,5988.78,1,1.0
CUST21447,Anjali Mohanty,39837.0,5846.26,1,2.0
CUST11722,Riya Reddy,39831.0,4395.59,1,3.0
CUST17227,Nisha Yadav,39822.75,8766.98,1,3.0
CUST24311,Riya Nayak,39820.799999999996,6021.04,1,3.0
CUST13179,Karan Mehta,39809.7,6054.66,1,1.0
CUST18223,Abhishek Pradhan,39799.200000000004,2368.25,1,3.0
CUST25513,Arjun Panda,39797.0,7712.9,1,2.0
CUST17238,Nisha Kumar,39769.0,6068.31,1,1.0
CUST28714,Sneha Reddy,39767.0,4292.0,1,5.0
CUST22970,Vikas Dutta,39763.200000000004,7363.63,1,1.0
CUST11841,Pooja Jain,39743.45,6095.61,1,1.0
CUST22158,Suresh Rao,39726.0,3228.94,1,1.0
CUST24312,Rahul Dutta,39726.0,5134.68,1,3.0
CUST28623,Ankit Mehta,39722.4,4564.14,1,4.0
CUST20347,Raj Sahu,39707.200000000004,6979.66,1,2.0
CUST24948,Karan Gupta,39705.0,3113.53,1,4.0
CUST19130,Manish Jain,39698.1,6637.56,1,1.0
CUST26856,Riya Mehta,39689.1,9853.5,1,3.0
CUST19846,Manish Panda,39671.799999999996,7827.94,1,1.0
CUST21209,Akash Panda,39663.549999999996,9582.13,1,1.0
CUST14807,Abhishek Sahu,39663.0,8258.15,1,1.0
CUST11224,Ankit Singh,39648.7,5676.67,1,1.0
CUST17152,Suresh Rao,39646.5,9717.55,1,1.0
CUST19331,Vikas Verma,39624.899999999994,4597.74,1,3.0
CUST25068,Raj Yadav,39619.35,9063.57,1,1.0
CUST25793,Anjali Behera,39618.5,4742.71,1,5.0
CUST15605,Ankit Yadav,39613.4,9493.32,1,4.0
CUST24578,Vivek Kumar,39612.8,4282.91,1,2.0
CUST11497,Kavita Behera,39607.04,3452.0,1,1.0
CUST21706,Rohit Nayak,39600.8,5861.34,1,1.0
CUST14107,Rohit Dutta,39592.2,3821.01,1,1.0
CUST26034,Sneha Panda,39589.6,9047.96,1,2.0
CUST25753,Akash Mehta,39582.899999999994,9504.61,1,3.0
CUST26027,Neha Singh,39571.5,4982.91,1,2.0
CUST22377,Anjali Yadav,39568.8,2649.56,1,1.0
CUST14475,Shreya Behera,39558.0,9453.49,1,2.0
CUST25759,Vikas Behera,39557.0,3791.93,1,1.0
CUST26446,Vivek Behera,39552.2,6558.74,1,1.0
CUST14381,Suresh Reddy,39536.25,4285.31,1,5.0
CUST12930,Rohit Verma,39530.4,6737.55,1,3.0
CUST13625,Sanjay Das,39521.6,6666.26,1,2.0
CUST23213,Pooja Panda,39520.0,8027.84,1,2.0
CUST17780,Ankit Pradhan,39514.5,9125.32,1,1.0
CUST21532,Abhishek Singh,39511.4,8908.14,1,2.0
CUST17601,Kavita Behera,39481.200000000004,5187.52,1,1.0
CUST28392,Suresh Kumar,39472.0,7399.96,1,5.0
CUST14534,Pooja Mohanty,39468.799999999996,2037.3,1,2.0
CUST26465,Pooja Singh,39466.0,8845.69,1,2.0
CUST28937,Neha Gupta,39461.799999999996,5224.72,1,1.0
CUST20456,Sneha Nayak,39455.1,2520.21,1,3.0
CUST23896,Abhishek Kumar,39446.0,7654.94,1,1.0
CUST14329,Kavita Jain,39443.049999999996,2167.12,1,1.0
CUST18433,Deepak Panda,39439.8,9789.7,1,2.0
CUST13956,Neha Mohanty,39424.0,2439.37,1,1.0
CUST20816,Amit Dutta,39393.600000000006,6680.41,1,1.0
CUST21150,Rahul Sahu,39390.399999999994,2713.86,1,4.0
CUST18630,Pooja Mehta,39368.8,3678.21,1,1.0
CUST22844,Ankit Verma,39359.200000000004,4063.89,1,1.0
CUST13242,Raj Panda,39333.6,7607.26,1,2.0
CUST14203,Ankit Nayak,39319.7,2689.6,1,1.0
CUST20248,Akash Kumar,39312.9,7069.6,1,3.0
CUST17754,Neha Gupta,39306.25,5261.36,1,1.0
CUST12781,Rahul Kumar,39286.299999999996,3785.75,1,2.0
CUST24307,Raj Verma,39279.6,2000.27,1,3.0
CUST26754,Kavita Sharma,39267.0,2973.65,1,2.0
CUST19348,Shreya Reddy,39262.5,8721.55,1,3.0
CUST19754,Deepak Mehta,39258.1,3071.12,1,1.0
CUST14504,Deepak Dutta,39258.0,5215.79,1,1.0
CUST21031,Pooja Jain,39245.4,3303.15,1,2.0
CUST16851,Vivek Mohanty,39233.1,9307.31,1,2.0
CUST18837,Swati Kumar,39224.1,8155.37,1,1.0
CUST27270,Nisha Sharma,39219.200000000004,6085.61,1,1.0
CUST11872,Arjun Das,39211.200000000004,4310.86,1,1.0
CUST15070,Suresh Mohanty,39190.4,5083.82,1,1.0
CUST17107,Kavita Pradhan,39184.6,3098.33,1,1.0
CUST22444,Pooja Jain,39170.25,5811.87,1,1.0
CUST27209,Deepak Singh,39160.0,2996.51,1,1.0
CUST17416,Vikas Sharma,39155.25,5577.03,1,3.0
CUST14836,Vikas Reddy,39148.5,5270.05,1,2.0
CUST17558,Arjun Patel,39141.0,8016.7,1,3.0
CUST19584,Vivek Verma,39137.4,7888.69,1,3.0
CUST16269,Rahul Behera,39136.299999999996,8080.47,1,1.0
CUST22816,Amit Rao,39129.75,7393.52,1,1.0
CUST15716,Priya Patel,39129.0,5593.94,1,3.0
CUST13776,Amit Dutta,39104.1,4193.43,1,3.0
CUST16986,Vikas Mishra,39097.25,2996.92,1,1.0
CUST23000,Riya Yadav,39084.0,2359.21,1,1.0
CUST27338,Abhishek Patel,39082.5,2067.51,1,3.0
CUST22417,Rohit Mohanty,39066.75,6909.3,1,1.0
CUST23351,Karan Reddy,39060.0,8175.28,1,4.0
CUST18756,Pooja Patel,39048.0,3067.54,1,3.0
CUST25206,Pooja Mishra,39045.0,7769.36,1,4.0
CUST11894,Neha Behera,39040.0,8951.94,1,5.0
CUST26877,Karan Panda,39030.299999999996,5159.21,1,3.0
CUST23276,Manish Verma,39024.1,6538.03,1,2.0
CUST12258,Swati Singh,39006.4,5328.7,1,1.0
CUST28901,Rahul Das,38986.4,2984.51,1,1.0
CUST12271,Abhishek Verma,38971.799999999996,9520.75,1,3.0
CUST18275,Manish Das,38968.299999999996,2765.07,1,1.0
CUST13991,Riya Kumar,38962.35,6494.89,1,3.0
CUST11616,Priya Verma,38954.299999999996,8625.14,1,1.0
CUST18791,Neha Kumar,38943.0,5662.16,1,5.0
CUST19666,Shreya Kumar,38940.299999999996,9577.42,1,1.0
CUST20212,Amit Rao,38928.299999999996,5802.35,1,2.0
CUST26523,Rahul Mehta,38926.4,7697.21,1,2.0
CUST27680,Deepak Mehta,38925.6,7951.69,1,3.0
CUST22190,Shreya Sharma,38913.9,7224.5,1,1.0
CUST12039,Swati Panda,38904.4,6632.13,1,1.0
CUST23742,Sanjay Sahu,38903.200000000004,2758.66,1,1.0
CUST27542,Akash Kumar,38897.6,3914.96,1,4.0
CUST22177,Abhishek Verma,38892.7,9048.42,1,1.0
CUST20753,Arjun Behera,38890.049999999996,9470.42,1,3.0
CUST14410,Priya Mohanty,38889.0,7791.71,1,3.0
CUST28198,Ankit Singh,38859.0,3461.88,1,4.0
CUST13745,Amit Pradhan,38836.5,3521.87,1,1.0
CUST26720,Vivek Kumar,38831.4,4586.98,1,2.0
CUST10476,Priya Verma,38829.0,5647.29,1,1.0
CUST17846,Abhishek Das,38822.4,3895.38,1,3.0
CUST18573,Neha Mishra,38798.95,4346.32,1,1.0
CUST23622,Priya Behera,38785.0,6473.24,1,5.0
CUST12622,Amit Rao,38779.0,9680.25,1,5.0
CUST27774,Sanjay Sharma,38770.2,7259.06,1,3.0
CUST20180,Unknown,38763.0,2250.0,1,4.0
CUST27425,Pooja Dutta,38748.95,6497.26,1,1.0
CUST11843,Raj Rao,38748.0,7879.57,1,3.0
CUST23813,Rohit Behera,38733.75,2799.87,1,5.0
CUST16489,Vikas Dutta,38731.1,8854.07,1,2.0
CUST14567,Rohit Mishra,38725.200000000004,8252.67,1,2.0
CUST11273,Sneha Rao,38722.6,5120.89,1,1.0
CUST21070,Amit Panda,38721.75,3576.66,1,5.0
CUST20094,Priya Mohanty,38708.0,4770.04,1,1.0
CUST27079,Deepak Sharma,38694.45,8313.66,1,3.0
CUST24793,Abhishek Verma,38686.9,4928.47,1,1.0
CUST24796,Neha Yadav,38678.4,2645.65,1,1.0
CUST28716,Manish Jain,38676.399999999994,6527.29,1,4.0
CUST19843,Karan Behera,38663.25,7514.5,1,1.0
CUST18539,Rahul Nayak,38642.4,5218.64,1,3.0
CUST22280,Sanjay Patel,38636.8,8175.23,1,2.0
CUST17590,Sneha Yadav,38634.399999999994,2496.84,1,1.0
CUST23515,Shreya Jain,38627.399999999994,3339.85,1,1.0
CUST15256,Rahul Patel,38625.299999999996,9072.85,1,3.0
CUST28660,Suresh Gupta,38619.0,6385.28,1,1.0
CUST26557,Amit Pradhan,38614.1,8040.8,1,1.0
CUST27630,Swati Pradhan,38592.0,5570.49,1,2.0
CUST20604,Sneha Dutta,38584.5,2173.65,1,2.0
CUST15176,Ankit Patel,38565.0,5058.34,1,2.0
CUST21700,Karan Mehta,38559.0,9217.04,1,3.0
CUST24472,Rahul Rao,38552.6,7012.48,1,4.0
CUST23965,Abhishek Panda,38537.6,3315.43,1,4.0
CUST28550,Vivek Rao,38520.299999999996,7535.57,1,1.0
CUST26070,Manish Rao,38486.0,7410.41,1,1.0
CUST18535,Riya Singh,38467.6,4386.3,1,4.0
CUST22043,Kavita Nayak,38439.0,6996.21,1,1.0
CUST23216,Vikas Behera,38418.4,7835.44,1,1.0
CUST22247,Rahul Verma,38412.299999999996,5101.51,1,2.0
CUST23091,Vivek Das,38399.4,7716.44,1,2.0
CUST14086,Akash Dutta,38398.049999999996,8512.75,1,1.0
CUST13027,Swati Behera,38391.1,8510.92,1,1.0
CUST15019,Kavita Rao,38368.8,7321.21,1,1.0
CUST16249,Riya Sahu,38365.6,6442.04,1,2.0
CUST20785,Arjun Singh,38349.45,3714.87,1,3.0
CUST17616,Rohit Gupta,38338.4,3249.99,1,1.0
CUST18835,Shreya Nayak,38335.0,1952.58,1,5.0
CUST21003,Amit Sahu,38325.0,9165.22,1,3.0
CUST28657,Akash Mehta,38313.0,7705.83,1,5.0
CUST16730,Karan Sharma,38288.799999999996,6462.89,1,2.0
CUST18150,Kavita Gupta,38288.799999999996,4683.08,1,2.0
CUST28169,Anjali Gupta,38284.0,4393.1,1,2.0
CUST10166,Vivek Reddy,38270.4,3702.37,1,4.0
CUST16415,Priya Kumar,38265.6,5005.39,1,3.0
CUST15389,Nisha Verma,38256.0,6629.46,1,4.0
CUST12714,Sanjay Das,38230.4,9371.88,1,4.0
CUST17163,Suresh Pradhan,38222.0,3276.17,1,1.0
CUST12638,Abhishek Patel,38218.5,8425.15,1,3.0
CUST18134,Ankit Sahu,38207.1,8654.93,1,3.0
CUST27987,Vikas Pradhan,38206.15,2209.82,1,1.0
CUST28056,Arjun Pradhan,38205.799999999996,3613.98,1,2.0
CUST28871,Arjun Panda,38200.0,5385.92,1,1.0
CUST19502,Raj Dutta,38188.0,8578.31,1,5.0
CUST28654,Raj Pradhan,38166.3,3095.56,1,1.0
CUST17243,Manish Mishra,38148.0,4401.7,1,5.0
CUST15157,Vikas Verma,38140.8,5346.16,1,4.0
CUST18106,Abhishek Reddy,38118.25,7455.71,1,5.0
CUST24963,Rahul Behera,38106.0,6116.49,1,2.0
CUST12748,Sanjay Mishra,38102.1,2076.11,1,1.0
CUST15149,Nisha Reddy,38102.1,2407.67,1,1.0
CUST16766,Riya Kumar,38097.5,2765.79,1,5.0
CUST25611,Vikas Sahu,38068.95,2682.36,1,3.0
CUST14976,Ankit Dutta,38060.8,7491.74,1,1.0
CUST14466,Priya Singh,38047.28,5803.21,1,4.0
CUST14776,Abhishek Mohanty,38040.0,5370.57,1,5.0
CUST23242,Abhishek Behera,38036.6,6344.17,1,2.0
CUST18261,Raj Jain,38032.4,4897.47,1,1.0
CUST14003,Ankit Sahu,38015.6,9101.38,1,4.0
CUST12990,Karan Pradhan,38006.049999999996,5870.9,1,1.0
CUST12610,Sneha Panda,38005.200000000004,9447.82,1,3.0
CUST18124,Ankit Jain,38001.0,7252.02,1,4.0
CUST27000,Kavita Das,37998.1,5696.69,1,1.0
CUST18014,Rahul Yadav,37992.4,2909.69,1,2.0
CUST27252,Amit Rao,37973.4,6967.69,1,3.0
CUST22729,Unknown,37951.549999999996,2293.15,1,1.0
CUST22370,Vivek Jain,37951.200000000004,8218.93,1,3.0
CUST21581,Karan Kumar,37920.0,3012.32,1,3.0
CUST25231,Rahul Verma,37916.799999999996,7287.52,1,1.0
CUST25828,Pooja Patel,37908.0,8471.54,1,5.0
CUST10595,Vivek Kumar,37900.799999999996,9370.42,1,3.0
CUST20441,Priya Yadav,37888.0,5094.24,1,1.0
CUST23115,Vivek Behera,37886.25,5030.72,1,1.0
CUST19355,Vikas Behera,37879.200000000004,2732.81,1,3.0
CUST21426,Sneha Pradhan,37875.200000000004,3719.4,1,4.0
CUST21387,Vivek Gupta,37874.899999999994,8017.2,1,1.0
CUST23900,Deepak Mohanty,37872.7,3160.13,1,2.0
CUST28667,Sneha Mohanty,37872.0,2420.89,1,3.0
CUST26787,Vikas Pradhan,37861.200000000004,9170.54,1,2.0
CUST17709,Neha Kumar,37857.0,8987.54,1,4.0
CUST17675,Swati Kumar,37855.8,3261.63,1,1.0
CUST27430,Raj Reddy,37849.5,2259.9,1,1.0
CUST17075,Rahul Kumar,37839.75,7707.11,1,1.0
CUST12519,Kavita Singh,37839.200000000004,6611.57,1,1.0
CUST21491,Rohit Yadav,37823.0,3030.79,1,1.0
CUST19725,Manish Panda,37821.6,4066.83,1,3.0
CUST23785,Deepak Jain,37814.0,3615.74,1,2.0
CUST22922,Swati Dutta,37810.549999999996,5565.55,1,1.0
CUST23327,Neha Jain,37791.0,4669.42,1,4.0
CUST25416,Raj Nayak,37782.0,7695.81,1,2.0
CUST24416,Amit Das,37767.6,2288.66,1,4.0
CUST24942,Amit Das,37752.399999999994,5210.19,1,1.0
CUST16445,Karan Singh,37740.0,8882.75,1,5.0
CUST13109,Vikas Sharma,37708.0,6738.01,1,1.0
CUST24884,Priya Mehta,37706.4,4691.94,1,3.0
CUST22093,Pooja Verma,37697.6,6298.29,1,2.0
CUST20226,Swati Das,37696.0,4167.31,1,2.0
CUST18650,Vivek Sahu,37680.0,7528.31,1,3.0
CUST13154,Abhishek Jain,37668.6,7034.95,1,3.0
CUST23903,Rohit Pradhan,37667.75,2186.07,1,5.0
CUST22099,Rahul Mohanty,37660.1,6343.85,1,2.0
CUST24958,Vivek Mohanty,37654.0,4838.97,1,2.0
CUST28138,Anjali Nayak,37643.4,8223.56,1,3.0
CUST20612,Vivek Jain,37632.9,7145.61,1,2.0
CUST28672,Anjali Rao,37620.0,8042.39,1,5.0
CUST11524,Manish Jain,37616.4,7170.73,1,3.0
CUST28668,Manish Rao,37613.799999999996,2680.2,1,1.0
CUST23254,Rahul Jain,37613.25,8450.67,1,3.0
CUST16937,Vivek Verma,37610.5,1966.27,1,2.0
CUST13204,Sanjay Behera,37599.87642145517,6047.08,1,1.0
CUST23568,Ankit Yadav,37599.87642145517,408.82,1,1.0
CUST11553,Amit Verma,37599.87642145517,2072.45,1,1.0
CUST13830,Sneha Rao,37599.87642145517,4024.45,1,1.0
CUST21675,Sneha Dutta,37593.6,9088.64,1,3.0
CUST24426,Arjun Verma,37590.4,7450.43,1,1.0
CUST27964,Vikas Reddy,37584.0,6219.99,1,4.0
CUST24390,Suresh Mehta,37573.200000000004,8067.25,1,1.0
CUST11500,Nisha Behera,37571.7,7122.13,1,2.0
CUST26567,Sanjay Patel,37557.0,7648.1,1,2.0
CUST25338,Sanjay Sahu,37551.5,6138.58,1,1.0
CUST24810,Vikas Nayak,37541.700000000004,3166.88,1,1.0
CUST23215,Kavita Panda,37528.0,4834.34,1,2.0
CUST22613,Neha Behera,37512.0,3971.46,1,1.0
CUST19716,Ankit Mohanty,37504.0,3060.38,1,4.0
CUST24839,Kavita Jain,37498.5,8710.87,1,2.0
CUST28483,Anjali Mohanty,37496.5,5415.9,1,2.0
CUST12912,Vivek Verma,37459.5,5280.58,1,1.0
CUST13878,Karan Verma,37414.4,2831.36,1,1.0
CUST13843,Nisha Jain,37410.0,7793.43,1,3.0
CUST12551,Vikas Nayak,37407.0,1959.98,1,3.0
CUST23401,Manish Reddy,37390.4,2275.58,1,1.0
CUST13851,Rohit Panda,37389.1,2099.62,1,1.0
CUST19280,Sneha Jain,37385.6,5561.66,1,2.0
CUST14972,Sanjay Kumar,37378.8,8307.52,1,1.0
CUST24917,Sanjay Patel,37376.25,7658.99,1,5.0
CUST16401,Suresh Verma,37372.799999999996,4565.96,1,4.0
CUST11803,Kavita Gupta,37369.6,3415.23,1,1.0
CUST21930,Raj Dutta,37365.299999999996,3426.86,1,3.0
CUST10562,Karan Gupta,37360.9,4280.14,1,1.0
CUST14627,Nisha Mishra,37344.0,9034.25,1,2.0
CUST10806,Suresh Kumar,37323.299999999996,3345.14,1,3.0
CUST17964,Anjali Panda,37321.2,4114.72,1,2.0
CUST18046,Swati Rao,37299.6,5498.83,1,1.0
CUST28909,Raj Das,37278.0,2441.9,1,1.0
CUST25279,Manish Nayak,37262.399999999994,8492.19,1,2.0
CUST17301,Abhishek Behera,37249.5,7936.62,1,2.0
CUST12571,Raj Verma,37237.5,4609.78,1,5.0
CUST16336,Priya Mishra,37234.5,5255.86,1,2.0
CUST12700,Kavita Panda,37230.0,8271.18,1,3.0
CUST27034,Sanjay Pradhan,37227.0,3599.29,1,3.0
CUST17446,Priya Mehta,37226.25,2842.58,1,5.0
CUST13841,Priya Mehta,37219.0,3253.62,1,5.0
CUST25060,Pooja Yadav,37205.0,1864.44,1,5.0
CUST21805,Nisha Mishra,37198.5,7023.78,1,1.0
CUST19191,Vikas Rao,37198.2,3316.39,1,4.0
CUST17157,Karan Behera,37194.75,2993.38,1,3.0
CUST18646,Abhishek Nayak,37171.200000000004,8291.57,1,1.0
CUST18554,Raj Dutta,37162.1,8267.74,1,2.0
CUST18023,Anjali Jain,37161.0,4916.24,1,2.0
CUST24889,Sneha Yadav,37148.0,8475.88,1,5.0
CUST14753,Deepak Yadav,37147.6,3650.1,1,4.0
CUST28614,Sneha Sharma,37140.0,3378.11,1,1.0
CUST16887,Shreya Dutta,37129.799999999996,5079.37,1,2.0
CUST27622,Arjun Nayak,37128.6,3635.02,1,2.0
CUST14732,Arjun Mishra,37121.6,5173.7,1,2.0
CUST13134,Kavita Panda,37112.6,6831.74,1,2.0
CUST17610,Neha Sharma,37098.4,4226.3,1,1.0
CUST15205,Vivek Patel,37096.5,6667.35,1,1.0
CUST17272,Neha Reddy,37093.7,1908.49,1,1.0
CUST10257,Ankit Gupta,37093.0,8276.02,1,1.0
CUST28426,Kavita Pradhan,37089.0,4023.46,1,3.0
CUST16227,Sanjay Singh,37087.5,7039.19,1,1.0
CUST14861,Arjun Behera,37068.0,6834.12,1,3.0
CUST24291,Raj Mehta,37063.4,3745.19,1,4.0
CUST11091,Vivek Singh,37051.0,8856.06,1,1.0
CUST16883,Amit Rao,37020.9,4241.4,1,2.0
CUST15832,Raj Yadav,37013.9,6300.3,1,1.0
CUST24089,Rahul Nayak,37002.0,8210.29,1,2.0
CUST13995,Nisha Pradhan,36998.4,9051.59,1,2.0
CUST19218,Riya Gupta,36998.1,6949.32,1,3.0
CUST16689,Sneha Nayak,36984.0,1599.98,1,3.0
CUST17287,Rahul Pradhan,36972.0,5674.88,1,1.0
CUST21534,Pooja Patel,36944.8,7722.3,1,1.0
CUST15546,Arjun Verma,36892.0,4300.6,1,1.0
CUST25728,Priya Mohanty,36890.4,6995.08,1,2.0
CUST13689,Riya Das,36885.75,8194.44,1,3.0
CUST26323,Sneha Mehta,36884.0,7336.61,1,5.0
CUST15027,Deepak Sahu,36864.1,6205.14,1,1.0
CUST10036,Rahul Sharma,36863.799999999996,3367.02,1,1.0
CUST15415,Swati Das,36857.15,7681.91,1,1.0
CUST13528,Abhishek Reddy,36846.0,3352.24,1,1.0
CUST18817,Manish Gupta,36842.0,4204.56,1,2.0
CUST15725,Vikas Verma,36839.200000000004,2162.75,1,1.0
CUST17375,Abhishek Mishra,36810.6,3902.42,1,2.0
CUST27386,Rahul Behera,36786.0,3759.45,1,1.0
CUST13381,Abhishek Patel,36783.0,4935.69,1,1.0
CUST16506,Suresh Pradhan,36774.0,5551.45,1,1.0
CUST14707,Deepak Jain,36760.799999999996,6033.55,1,3.0
CUST14920,Amit Dutta,36754.0,4299.87,1,5.0
CUST24680,Pooja Mohanty,36749.700000000004,6369.53,1,3.0
CUST28110,Suresh Rao,36747.0,2772.74,1,4.0
CUST17448,Amit Nayak,36746.4,5586.07,1,3.0
CUST16648,Priya Mishra,36745.5,8370.42,1,3.0
CUST14975,Abhishek Verma,36736.200000000004,4905.48,1,1.0
CUST22971,Vikas Singh,36734.4,3104.76,1,4.0
CUST27854,Abhishek Reddy,36725.1,8914.29,1,2.0
CUST20506,Pooja Sahu,36724.5,4271.32,1,1.0
CUST21774,Deepak Gupta,36715.5,4052.05,1,1.0
CUST13943,Ankit Singh,36712.2,6750.5,1,2.0
CUST11919,Arjun Gupta,36706.5,6372.62,1,1.0
CUST25120,Arjun Gupta,36696.0,6587.86,1,3.0
CUST13743,Sanjay Mishra,36684.299999999996,8906.01,1,1.0
CUST19798,Vikas Mehta,36682.200000000004,8422.82,1,2.0
CUST15540,Shreya Nayak,36658.0,4729.73,1,2.0
CUST19026,Priya Verma,36647.1,6147.61,1,3.0
CUST28309,Amit Mishra,36644.0,5052.94,1,2.0
CUST28335,Sneha Mehta,36633.799999999996,3249.78,1,2.0
CUST13617,Deepak Sharma,36627.5,5769.84,1,1.0
CUST14538,Suresh Rao,36620.8,3292.04,1,1.0
CUST12878,Deepak Kumar,36617.4,7336.4,1,2.0
CUST21749,Sneha Panda,36604.8,6348.25,1,2.0
CUST28883,Sneha Mehta,36603.5,8410.69,1,2.0
CUST14208,Sanjay Kumar,36592.8,5758.11,1,1.0
CUST12915,Pooja Behera,36591.799999999996,3861.84,1,1.0
CUST16099,Akash Pradhan,36589.7,7601.78,1,1.0
CUST17305,Rahul Sharma,36588.299999999996,4112.73,1,3.0
CUST21889,Nisha Mohanty,36583.5,2539.7,1,2.0
CUST10586,Deepak Gupta,36579.200000000004,3035.59,1,4.0
CUST26359,Rahul Das,36573.799999999996,2524.48,1,1.0
CUST26076,Sneha Pradhan,36565.5,2358.4,1,2.0
CUST12697,Riya Mishra,36553.6,4081.3,1,1.0
CUST18738,Pooja Singh,36545.549999999996,2249.9,1,1.0
CUST19340,Vivek Dutta,36543.6,4925.39,1,1.0
CUST19190,Manish Jain,36541.75,2020.84,1,1.0
CUST15881,Akash Verma,36529.5,2340.49,1,1.0
CUST27791,Vikas Rao,36515.200000000004,5968.74,1,2.0
CUST16270,Rahul Panda,36512.7,3113.41,1,3.0
CUST28229,Ankit Gupta,36503.6,6883.67,1,1.0
CUST27826,Ankit Verma,36492.2,6674.23,1,2.0
CUST20780,Riya Mohanty,36487.6,8715.83,1,2.0
CUST23525,Pooja Mishra,36468.0,4877.41,1,1.0
CUST21120,Arjun Gupta,36438.0,4088.84,1,2.0
CUST19904,Karan Dutta,36431.5,6716.94,1,1.0
CUST17760,Swati Mishra,36430.6,4900.65,1,4.0
CUST11216,Karan Yadav,36424.5,7578.08,1,5.0
CUST16827,Deepak Sharma,36423.35,3882.78,1,1.0
CUST12486,Sanjay Verma,36417.0,8068.36,1,2.0
CUST17919,Manish Panda,36416.1,5747.07,1,3.0
CUST27328,Pooja Mehta,36414.0,4351.68,1,1.0
CUST11797,Akash Sahu,36392.0,4014.36,1,2.0
CUST28580,Deepak Mohanty,36370.8,6944.62,1,4.0
CUST19752,Suresh Mohanty,36357.75,2931.05,1,3.0
CUST16574,Vivek Sahu,36351.0,5067.17,1,1.0
CUST19486,Vivek Sharma,36331.799999999996,4816.06,1,3.0
CUST20370,Riya Sharma,36327.0,8178.78,1,4.0
CUST23479,Priya Verma,36312.0,3091.37,1,4.0
CUST11402,Amit Mehta,36310.4,1825.82,1,4.0
CUST17314,Akash Yadav,36297.6,4431.45,1,3.0
CUST22157,Rohit Mohanty,36292.8,2295.41,1,2.0
CUST14809,Anjali Verma,36284.4,5559.56,1,1.0
CUST18927,Deepak Sharma,36283.1,3894.6,1,1.0
CUST28020,Kavita Sharma,36257.899999999994,2790.04,1,1.0
CUST14481,Rohit Mehta,36249.1,3036.89,1,2.0
CUST15196,Shreya Pradhan,36235.5,7143.22,1,3.0
CUST13856,Ankit Kumar,36220.799999999996,7797.75,1,1.0
CUST24547,Karan Verma,36216.0,7006.34,1,1.0
CUST18073,Swati Reddy,36180.0,4410.64,1,3.0
CUST23506,Sneha Gupta,36177.6,8294.1,1,3.0
CUST14736,Shreya Mehta,36177.0,4329.1,1,2.0
CUST15499,Sanjay Rao,36170.399999999994,4694.38,1,4.0
CUST24562,Pooja Mishra,36164.799999999996,4914.799000000002,1,4.0
CUST16660,Sanjay Reddy,36160.200000000004,5450.97,1,2.0
CUST14038,Ankit Mohanty,36155.700000000004,5583.17,1,1.0
CUST21703,Arjun Rao,36150.5,8381.24,1,1.0
CUST17395,Manish Jain,36150.35,6551.03,1,1.0
CUST12888,Karan Gupta,36149.4,7298.67,1,1.0
CUST23330,Rohit Mohanty,36141.15,4741.42,1,3.0
CUST25096,Riya Rao,36141.0,2114.51,1,2.0
CUST28674,Manish Rao,36117.2,2482.1,1,1.0
CUST11490,Arjun Reddy,36117.0,3475.55,1,1.0
CUST13030,Abhishek Kumar,36097.6,7670.67,1,1.0
CUST21039,Abhishek Kumar,36097.5,4898.93,1,2.0
CUST28733,Shreya Behera,36092.25,5853.52,1,1.0
CUST16271,Deepak Rao,36060.0,8266.01,1,1.0
CUST26210,Pooja Verma,36060.0,2915.34,1,2.0
CUST12350,Sanjay Panda,36052.0,5678.987566666672,1,5.0
CUST17463,Rohit Verma,36050.0,5453.63,1,1.0
CUST10488,Ankit Rao,36048.5,4811.72,1,1.0
CUST21857,Riya Singh,36048.0,5788.25,1,4.0
CUST25669,Arjun Dutta,36034.6,2853.75,1,1.0
CUST18635,Vikas Rao,36031.200000000004,7874.82,1,3.0
CUST23149,Riya Mishra,36028.95,8678.74,1,1.0
CUST27898,Swati Mehta,36026.4,4807.44,1,1.0
CUST27171,Rahul Mehta,36004.5,3277.29,1,2.0
CUST20530,Suresh Sharma,36000.9,2971.58,1,2.0
CUST10829,Amit Mishra,36000.0,4059.23,1,2.0
CUST27194,Deepak Reddy,35999.1,6310.07,1,1.0
CUST14709,Vivek Behera,35996.45,6359.15,1,1.0
CUST21090,Deepak Sharma,35996.25,8524.34,1,1.0
CUST24616,Suresh Nayak,35988.15,6278.78,1,3.0
CUST27208,Manish Gupta,35973.0,4730.42,1,3.0
CUST14196,Priya Das,35936.0,3988.5,1,4.0
CUST15353,Nisha Kumar,35928.0,5537.54,1,4.0
CUST28080,Rahul Mishra,35927.1,5604.77,1,1.0
CUST26854,Arjun Pradhan,35918.399999999994,5831.69,1,2.0
CUST14210,Rahul Reddy,35904.299999999996,3482.28,1,3.0
CUST19758,Priya Dutta,35904.0,5729.48,1,2.0
CUST15862,Swati Mehta,35893.2,5501.59,1,4.0
CUST18129,Shreya Verma,35871.75,6461.7,1,1.0
CUST28538,Abhishek Mohanty,35870.0,5394.53,1,1.0
CUST23719,Manish Das,35870.0,6338.51,1,1.0
CUST17909,Rohit Behera,35868.2,3019.39,1,2.0
CUST24214,Deepak Sahu,35859.6,3361.71,1,2.0
CUST22150,Sanjay Jain,35841.0,8085.9,1,2.0
CUST15863,Manish Das,35838.75,7341.98,1,1.0
CUST25661,Sanjay Patel,35833.5,2774.36,1,5.0
CUST19401,Suresh Panda,35827.5,4682.41,1,5.0
CUST26607,Suresh Reddy,35816.25,8420.67,1,5.0
CUST18024,Rohit Sahu,35814.4,3562.35,1,4.0
CUST21100,Suresh Panda,35795.25,2066.62,1,3.0
CUST12608,Ankit Gupta,35786.5,4468.4,1,2.0
CUST28332,Neha Mohanty,35785.6,4204.04,1,1.0
CUST13929,Deepak Yadav,35784.0,2740.79,1,4.0
CUST19131,Arjun Pradhan,35762.75,4711.72,1,5.0
CUST16551,Suresh Dutta,35761.5,7334.92,1,5.0
CUST19490,Swati Nayak,35752.5,4932.98,1,2.0
CUST23116,Rohit Mishra,35750.4,3776.16,1,3.0
CUST18440,Sanjay Panda,35750.4,3877.8,1,1.0
CUST20791,Shreya Pradhan,35745.6,5460.28,1,2.0
CUST17818,Akash Sahu,35742.5,2291.67,1,2.0
CUST25839,Swati Singh,35730.0,4406.29,1,2.0
CUST23845,Raj Rao,35728.0,6692.59,1,2.0
CUST13448,Vikas Mishra,35722.85,3090.15,1,1.0
CUST22010,Neha Mohanty,35721.9,6512.2,1,1.0
CUST16031,Rahul Patel,35713.6,2779.95,1,1.0
CUST27829,Sanjay Kumar,35702.1,2466.77,1,1.0
CUST17482,Sneha Mohanty,35700.0,8230.78,1,1.0
CUST19926,Ankit Jain,35690.4,3654.78,1,2.0
CUST25818,Pooja Patel,35669.4,4781.79,1,2.0
CUST15406,Vivek Sahu,35659.2,3678.19,1,3.0
CUST25244,Swati Kumar,35653.5,3518.17,1,2.0
CUST14999,Manish Das,35645.25,7172.86,1,1.0
CUST14230,Neha Singh,35632.8,7072.52,1,1.0
CUST28414,Ankit Gupta,35630.0,4562.26,1,2.0
CUST25420,Nisha Yadav,35614.8,3463.54,1,2.0
CUST10101,Pooja Gupta,35611.0,4720.55,1,1.0
CUST19209,Anjali Rao,35608.0,3428.89,1,1.0
CUST22972,Riya Jain,35607.6,7615.76,1,3.0
CUST28106,Arjun Mehta,35596.8,4603.05,1,4.0
CUST19315,Akash Verma,35590.0,3339.99,1,2.0
CUST17022,Rohit Dutta,35582.399999999994,5041.99,1,4.0
CUST27092,Amit Mohanty,35574.3,8218.76,1,1.0
CUST14557,Raj Gupta,35565.75,3480.4,1,3.0
CUST15261,Neha Mishra,35555.200000000004,6325.13,1,4.0
CUST22979,Manish Sahu,35534.25,6612.35,1,1.0
CUST21211,Manish Panda,35526.0,8634.57,1,3.0
CUST27198,Neha Das,35493.45,4842.12,1,3.0
CUST23488,Arjun Yadav,35485.1,5668.37,1,1.0
CUST26837,Kavita Pradhan,35476.0,6620.42,1,2.0
CUST20273,Sanjay Rao,35466.75,6759.3,1,3.0
CUST28267,Vivek Jain,35453.25,5027.08,1,3.0
CUST27665,Kavita Reddy,35445.45,3593.21,1,3.0
CUST22287,Neha Mishra,35443.200000000004,8693.85,1,1.0
CUST25123,Priya Gupta,35442.0,3359.66,1,3.0
CUST20926,Sneha Sharma,35385.0,5694.95,1,5.0
CUST28707,Sneha Verma,35383.5,7594.63,1,3.0
CUST14577,Pooja Nayak,35381.799999999996,6326.1,1,1.0
CUST20301,Nisha Panda,35376.6,7504.15,1,1.0
CUST27043,Suresh Dutta,35367.0,3059.17,1,4.0
CUST27654,Shreya Patel,35365.5,3239.3,1,3.0
CUST23305,Ankit Kumar,35347.200000000004,3100.9,1,2.0
CUST13673,Rahul Mishra,35338.5,5783.78,1,5.0
CUST22050,Nisha Verma,35331.200000000004,4877.5,1,2.0
CUST22467,Akash Reddy,35325.9,8197.17,1,1.0
CUST26223,Arjun Dutta,35318.700000000004,4629.1,1,1.0
CUST22401,Kavita Yadav,35307.299999999996,5394.66,1,1.0
CUST10389,Sneha Sharma,35294.4,7368.97,1,1.0
CUST24241,Priya Mishra,35293.5,2856.81,1,1.0
CUST13570,Rohit Panda,35289.6,2635.49,1,2.0
CUST19869,Rahul Patel,35284.8,2442.16,1,1.0
CUST16527,Sneha Dutta,35280.0,2464.62,1,4.0
CUST24646,Vivek Kumar,35259.200000000004,6402.09,1,1.0
CUST20723,Ankit Das,35247.6,3684.77,1,1.0
CUST26710,Karan Patel,35242.2,7089.67,1,3.0
CUST13338,Manish Mishra,35238.0,2604.67,1,4.0
CUST17453,Amit Nayak,35233.799999999996,2342.32,1,3.0
CUST16009,Deepak Sharma,35232.399999999994,3564.12,1,4.0
CUST28953,Neha Rao,35227.8,7357.21,1,1.0
CUST15563,Amit Pradhan,35213.0,3661.35,1,1.0
CUST14891,Akash Jain,35211.0,8439.89,1,3.0
CUST27440,Sneha Behera,35208.0,2613.32,1,1.0
CUST19901,Akash Rao,35207.0,7262.57,1,1.0
CUST23672,Priya Dutta,35190.0,3153.34,1,5.0
CUST23273,Kavita Reddy,35167.299999999996,7795.72,1,1.0
CUST23604,Anjali Yadav,35133.85,3986.16,1,1.0
CUST25323,Swati Mohanty,35120.299999999996,3472.94,1,2.0
CUST17554,Suresh Das,35117.7,3836.87,1,3.0
CUST26875,Raj Dutta,35115.200000000004,4635.4,1,1.0
CUST27651,Karan Sahu,35108.0,8413.3,1,5.0
CUST18278,Ankit Pradhan,35099.200000000004,2073.34,1,1.0
CUST24435,Deepak Verma,35093.21799335816,1719.33,1,1.0
CUST20862,Manish Dutta,35093.21799335816,482.76,1,1.0
CUST24985,Ankit Gupta,35093.21799335816,1959.22,1,1.0
CUST21365,Kavita Sahu,35093.21799335816,8870.41,1,1.0
CUST16334,Sneha Mishra,35071.5,5253.67,1,2.0
CUST18297,Akash Kumar,35068.8,5608.74,1,4.0
CUST20553,Akash Sahu,35062.5,5431.83,1,5.0
CUST25896,Ankit Mehta,35052.0,2617.74,1,4.0
CUST24642,Deepak Verma,35045.6,5320.5,1,1.0
CUST25962,Raj Mishra,35025.6,6689.53,1,2.0
CUST20232,Swati Behera,35021.25,5232.3859000000075,1,1.0
CUST28377,Rohit Panda,35015.0,3089.46,1,1.0
CUST28647,Vikas Singh,35014.5,6112.84,1,3.0
CUST13371,Vikas Singh,35013.75,7388.53,1,5.0
CUST10440,Kavita Patel,34993.0,5266.38,1,2.0
CUST16333,Deepak Gupta,34972.5,7577.85,1,2.0
CUST26542,Rahul Dutta,34963.6,8111.56,1,4.0
CUST17129,Anjali Singh,34954.200000000004,8362.25,1,3.0
CUST27454,Riya Dutta,34951.5,2443.26,1,1.0
CUST12413,Suresh Nayak,34935.6,3224.27,1,1.0
CUST25035,Manish Yadav,34914.6,2359.54,1,3.0
CUST15781,Manish Gupta,34907.799999999996,3364.97,1,1.0
CUST16531,Swati Singh,34883.0,7990.84,1,1.0
CUST21492,Ankit Mohanty,34881.0,4226.38,1,2.0
CUST26394,Rohit Behera,34881.0,2639.55,1,5.0
CUST17425,Rohit Behera,34869.6,4137.2,1,1.0
CUST24396,Karan Sahu,34868.8,6872.06,1,1.0
CUST25739,Rohit Jain,34862.799999999996,5221.91,1,2.0
CUST26961,Swati Jain,34850.0,4209.8,1,1.0
CUST23354,Vikas Singh,34840.8,5912.47,1,2.0
CUST18828,Arjun Mohanty,34832.15,2683.92,1,1.0
CUST13802,Shreya Sharma,34798.5,2396.43,1,3.0
CUST26714,Manish Sharma,34793.0,2310.14,1,1.0
CUST19070,Neha Das,34779.45,7405.61,1,3.0
CUST16423,Manish Panda,34778.799999999996,2044.11,1,1.0
CUST20696,Deepak Gupta,34720.0,3890.89,1,1.0
CUST21989,Rohit Rao,34717.75,5525.21,1,5.0
CUST22843,Vikas Gupta,34716.6,5946.92,1,1.0
CUST13685,Sanjay Sharma,34710.0,8487.12,1,5.0
CUST16614,Kavita Mishra,34707.0,4753.36,1,1.0
CUST28796,Swati Panda,34702.5,6062.55,1,1.0
CUST18466,Karan Das,34700.25,8559.66,1,1.0
CUST23886,Sneha Reddy,34666.4,8275.93,1,2.0
CUST16889,Deepak Kumar,34647.0,5384.6,1,1.0
CUST16641,Shreya Mohanty,34633.2,3939.13,1,3.0
CUST18564,Manish Yadav,34631.25,6683.09,1,1.0
CUST15858,Sanjay Pradhan,34620.0,2832.54,1,3.0
CUST22608,Amit Behera,34618.0,7793.22,1,1.0
CUST19233,Amit Rao,34616.0,2552.96,1,2.0
CUST15040,Shreya Nayak,34612.0,4876.71,1,5.0
CUST24448,Suresh Singh,34609.45,2667.95,1,1.0
CUST17790,Amit Yadav,34603.5,5859.32,1,1.0
CUST26761,Sanjay Rao,34588.0,4625.34,1,5.0
CUST21034,Rahul Mohanty,34572.8,5160.97,1,2.0
CUST11339,Priya Pradhan,34562.0,5602.65,1,1.0
CUST22667,Priya Das,34557.75,8320.55,1,1.0
CUST18363,Vivek Patel,34528.2,5259.8,1,3.0
CUST15454,Ankit Dutta,34527.6,4888.83,1,1.0
CUST10505,Neha Sharma,34527.0,7190.48,1,2.0
CUST17059,Akash Rao,34520.5,5343.23,1,5.0
CUST10764,Sneha Patel,34490.45,4300.58,1,1.0
CUST18384,Akash Pradhan,34481.25,6808.06,1,1.0
CUST20632,Priya Pradhan,34465.5,5788.69,1,1.0
CUST27599,Abhishek Nayak,34459.35,5052.4,1,3.0
CUST24090,Ankit Kumar,34456.8,3260.94,1,3.0
CUST11558,Swati Singh,34450.200000000004,3717.47,1,2.0
CUST26784,Anjali Sharma,34438.5,7806.39,1,5.0
CUST23054,Suresh Pradhan,34418.5,6834.98,1,2.0
CUST25145,Pooja Pradhan,34399.5,3232.45,1,2.0
CUST16711,Ankit Behera,34397.6,4621.35,1,2.0
CUST28677,Amit Panda,34388.1,6978.7,1,2.0
CUST28266,Shreya Dutta,34388.0,8302.62,1,1.0
CUST26195,Suresh Panda,34387.200000000004,4117.64,1,3.0
CUST12278,Suresh Behera,34384.0,2086.79,1,4.0
CUST22331,Karan Mohanty,34380.0,2120.96,1,1.0
CUST27792,Arjun Patel,34369.0,6590.5,1,1.0
CUST27071,Unknown,34364.0,2223.78,1,1.0
CUST25199,Sanjay Nayak,34355.799999999996,5904.34,1,1.0
CUST22374,Arjun Sahu,34352.0,8105.61,1,2.0
CUST23998,Vivek Mishra,34340.25,4227.09,1,1.0
CUST20355,Raj Panda,34339.65,8411.26,1,3.0
CUST27417,Neha Panda,34332.75,3252.27,1,3.0
CUST16275,Vivek Patel,34312.799999999996,6188.31,1,4.0
CUST27587,Priya Mishra,34311.6,4660.05,1,4.0
CUST24178,Pooja Gupta,34311.0,3887.65,1,2.0
CUST27015,Vikas Patel,34297.200000000004,7987.41,1,2.0
CUST14628,Vikas Das,34288.799999999996,8124.74,1,1.0
CUST25091,Swati Mishra,34264.35,3110.23,1,1.0
CUST23457,Riya Sharma,34250.4,7050.38,1,2.0
CUST21838,Priya Nayak,34248.9,7458.6,1,3.0
CUST18342,Ankit Rao,34243.5,3732.69,1,2.0
CUST20885,Abhishek Dutta,34241.6,3125.25,1,1.0
CUST23902,Rahul Singh,34235.6,4871.94,1,2.0
CUST24139,Vikas Sahu,34235.1,3640.78,1,1.0
CUST23298,Abhishek Verma,34230.4,3600.19,1,1.0
CUST13327,Sneha Rao,34204.8,5432.61,1,2.0
CUST16789,Neha Patel,34202.0,2681.16,1,2.0
CUST22137,Ankit Rao,34198.5,1832.79,1,1.0
CUST22765,Anjali Gupta,34182.9,5009.59,1,3.0
CUST14619,Sneha Dutta,34178.5,6584.733700000005,1,5.0
CUST23314,Neha Sahu,34175.4,5742.5,1,2.0
CUST14722,Neha Das,34172.549999999996,6805.33,1,3.0
CUST26102,Vivek Sahu,34170.0,6578.5,1,1.0
CUST17327,Swati Pradhan,34146.9,3295.23,1,3.0
CUST15743,Amit Kumar,34143.75,6903.1,1,1.0
CUST18165,Manish Singh,34136.35,7477.14,1,1.0
CUST10094,Abhishek Mehta,34123.5,8179.08,1,5.0
CUST14586,Anjali Panda,34119.0,3068.54,1,3.0
CUST15741,Manish Dutta,34100.25,1876.51,1,5.0
CUST18264,Karan Patel,34086.0,8427.36,1,3.0
CUST16632,Arjun Kumar,34080.2,5862.85,1,1.0
CUST11008,Swati Dutta,34071.0,2513.44,1,4.0
CUST20354,Priya Pradhan,34060.8,5759.49,1,3.0
CUST19629,Rahul Panda,34056.0,6709.78,1,3.0
CUST23257,Suresh Verma,34048.8,5757.32,1,1.0
CUST20890,Sanjay Sharma,34044.0,4404.2,1,4.0
CUST10308,Swati Das,34034.7,3386.52,1,3.0
CUST23739,Akash Patel,34034.0,8379.85,1,2.0
CUST20622,Shreya Panda,34020.0,4253.35,1,3.0
CUST14555,Amit Pradhan,34016.0,4446.0,1,1.0
CUST15527,Abhishek Yadav,34011.9,2273.73,1,3.0
CUST23187,Nisha Jain,34008.75,2584.97,1,5.0
CUST13641,Priya Nayak,33991.0,2319.09,1,1.0
CUST27743,Sneha Jain,33983.200000000004,2149.94,1,1.0
CUST18705,Suresh Gupta,33980.8,6945.41,1,4.0
CUST17383,Ankit Singh,33954.75,1394.39,1,3.0
CUST15999,Arjun Yadav,33953.6,5549.51,1,1.0
CUST10861,Manish Mehta,33952.5,6765.07,1,5.0
CUST13330,Swati Dutta,33939.0,1941.73,1,2.0
CUST12027,Riya Mishra,33935.0,6523.71,1,1.0
CUST17732,Akash Singh,33931.15,5306.15,1,1.0
CUST23365,Vikas Mehta,33922.0,5257.89,1,1.0
CUST15827,Akash Kumar,33907.200000000004,1710.13,1,3.0
CUST24679,Abhishek Yadav,33895.049999999996,7222.53,1,3.0
CUST22687,Unknown,33864.0,4986.4,1,2.0
CUST20487,Abhishek Mishra,33863.4,5485.6,1,1.0
CUST10187,Manish Rao,33861.799999999996,6212.63,1,1.0
CUST26443,Priya Patel,33855.5,7569.47,1,5.0
CUST12931,Kavita Das,33851.25,1838.31,1,1.0
CUST28985,Riya Gupta,33851.0,1769.51,1,1.0
CUST20004,Priya Verma,33840.2,6435.86,1,1.0
CUST21871,Ankit Singh,33817.0,5345.12,1,2.0
CUST24492,Rahul Rao,33810.5,3252.59,1,5.0
CUST25313,Deepak Mehta,33808.6,2251.65,1,4.0
CUST25401,Riya Jain,33807.2,6999.25,1,4.0
CUST26682,Sanjay Reddy,33777.0,2948.07,1,1.0
CUST27129,Karan Kumar,33772.2,5353.19,1,3.0
CUST10677,Ankit Singh,33766.4,1933.74,1,1.0
CUST18953,Rohit Reddy,33753.0,4294.41,1,3.0
CUST21291,Abhishek Nayak,33741.45,2208.7,1,5.0
CUST20598,Suresh Das,33740.25,2137.3,1,1.0
CUST26135,Deepak Dutta,33732.8,4758.37,1,1.0
CUST20028,Nisha Yadav,33721.2,2820.48,1,4.0
CUST26768,Unknown,33690.0,1981.75,1,4.0
CUST18663,Rohit Gupta,33682.25,3407.81,1,1.0
CUST19830,Karan Kumar,33660.0,6110.36,1,2.0
CUST28845,Manish Gupta,33658.799999999996,8083.36,1,4.0
CUST19589,Arjun Sharma,33644.1,6735.08,1,1.0
CUST19112,Raj Reddy,33642.0,4794.84,1,5.0
CUST10298,Deepak Verma,33638.75,4542.77,1,5.0
CUST27482,Arjun Mohanty,33615.9,6495.23,1,1.0
CUST28148,Ankit Mohanty,33612.0,3063.35,1,1.0
CUST25346,Abhishek Yadav,33600.0,7950.41,1,4.0
CUST11072,Sneha Dutta,33597.75,3626.79,1,1.0
CUST23278,Shreya Rao,33586.4,2379.78,1,1.0
CUST24930,Kavita Jain,33584.6,2794.94,1,2.0
CUST16944,Rahul Mohanty,33575.0,6387.79,1,4.0
CUST27319,Sanjay Patel,33570.0,7536.77,1,4.0
CUST17639,Swati Dutta,33541.0,3217.18,1,1.0
CUST27261,Sanjay Singh,33533.5,6927.04,1,1.0
CUST21884,Ankit Rao,33524.4,5211.88,1,4.0
CUST27470,Riya Pradhan,33515.049999999996,7786.19,1,1.0
CUST16683,Neha Pradhan,33493.2,6703.41,1,2.0
CUST11107,Vivek Das,33489.75,3365.26,1,1.0
CUST28814,Priya Kumar,33478.95,4767.75,1,3.0
CUST20618,Riya Kumar,33466.6,3058.32,1,2.0
CUST11005,Rahul Nayak,33463.0,6958.12,1,1.0
CUST19271,Swati Yadav,33453.7,2621.49,1,1.0
CUST12913,Rohit Pradhan,33443.2,2166.9,1,4.0
CUST21183,Abhishek Kumar,33422.4,5445.04,1,1.0
CUST24829,Vivek Gupta,33422.2,2019.2,1,1.0
CUST12621,Manish Yadav,33417.0,6585.13,1,1.0
CUST13980,Vikas Pradhan,33414.4,6061.68,1,4.0
CUST21670,Sanjay Yadav,33405.0,6000.44,1,4.0
CUST21220,Unknown,33404.4,7458.75,1,2.0
CUST23307,Priya Mehta,33396.299999999996,7652.64,1,1.0
CUST19423,Rahul Nayak,33388.200000000004,7628.49,1,3.0
CUST26311,Ankit Jain,33374.4,8212.0,1,2.0
CUST16650,Anjali Pradhan,33370.0,2077.58,1,5.0
CUST22399,Raj Mishra,33370.0,5081.24,1,5.0
CUST10958,Vikas Sharma,33358.25,6373.85,1,1.0
CUST15338,Kavita Panda,33354.299999999996,2271.36,1,1.0
CUST26438,Sanjay Verma,33350.0,8013.35,1,5.0
CUST14079,Suresh Verma,33341.2,6925.46,1,2.0
CUST21929,Rohit Rao,33329.35,2984.34,1,1.0
CUST25008,Sanjay Das,33328.8,2124.08,1,1.0
CUST17670,Nisha Pradhan,33327.7,5978.6,1,1.0
CUST13149,Priya Rao,33323.4,2107.79,1,2.0
CUST10542,Akash Behera,33292.0,2615.51,1,1.0
CUST26595,Swati Yadav,33290.4,8028.38,1,3.0
CUST10030,Pooja Pradhan,33286.1,3814.3,1,2.0
CUST12409,Anjali Pradhan,33284.8,2192.96,1,2.0
CUST17650,Nisha Pradhan,33274.5,5512.874233333344,1,5.0
CUST14471,Swati Jain,33246.049999999996,6892.75,1,1.0
CUST20080,Arjun Das,33235.299999999996,5087.42,1,1.0
CUST12489,Sneha Mishra,33216.75,5168.71,1,3.0
CUST24247,Swati Mishra,33213.6,2293.37,1,3.0
CUST26614,Ankit Jain,33211.5,3997.28,1,3.0
CUST17150,Sanjay Gupta,33210.0,3833.95,1,1.0
CUST10741,Pooja Mishra,33208.0,1966.37,1,1.0
CUST10224,Kavita Kumar,33189.95,8242.68,1,1.0
CUST26505,Deepak Panda,33180.65,2279.61,1,1.0
CUST26191,Arjun Dutta,33180.0,7304.85,1,5.0
CUST28076,Suresh Gupta,33177.75,2452.11,1,1.0
CUST25750,Kavita Nayak,33135.049999999996,7548.31,1,1.0
CUST16782,Vivek Mohanty,33127.200000000004,1849.35,1,1.0
CUST24724,Nisha Singh,33106.5,6313.7,1,5.0
CUST20549,Riya Reddy,33099.9,6076.12,1,2.0
CUST15482,Vikas Singh,33096.0,3608.83,1,2.0
CUST13016,Akash Patel,33094.2,2833.44,1,2.0
CUST23184,Raj Mishra,33090.5,3617.88,1,1.0
CUST16869,Riya Yadav,33084.9,2250.88,1,1.0
CUST21173,Amit Reddy,33070.5,4717.98,1,3.0
CUST19965,Rahul Mehta,33056.0,8254.91,1,2.0
CUST16561,Pooja Sharma,33025.9,7977.84,1,2.0
CUST18853,Rohit Mehta,33024.2,8235.67,1,1.0
CUST20386,Akash Yadav,33018.0,6569.15,1,3.0
CUST21831,Neha Behera,33014.4,6040.65,1,2.0
CUST17513,Rohit Jain,33014.1,2700.72,1,3.0
CUST20832,Karan Mishra,33000.0,6312.33,1,4.0
CUST26127,Kavita Jain,32998.5,5222.68,1,5.0
CUST13765,Deepak Patel,32984.95,4766.85,1,1.0
CUST27215,Vikas Das,32979.25,1804.94,1,1.0
CUST25527,Arjun Pradhan,32975.6,2599.23,1,1.0
CUST17714,Pooja Dutta,32972.799999999996,1683.63,1,2.0
CUST19836,Arjun Mohanty,32964.3,5516.88,1,3.0
CUST23111,Arjun Sahu,32963.0,1878.22,1,2.0
CUST10512,Priya Sahu,32949.0,2942.26,1,1.0
CUST14579,Neha Gupta,32940.0,3475.88,1,3.0
CUST16721,Suresh Nayak,32923.2,5943.53,1,4.0
CUST22231,Rahul Patel,32916.6,2769.92,1,1.0
CUST11941,Manish Verma,32912.85,6054.88,1,1.0
CUST22254,Pooja Patel,32911.2,6171.49,1,3.0
CUST21062,Akash Mishra,32910.0,7820.94,1,5.0
CUST22504,Nisha Pradhan,32900.4,6958.65,1,2.0
CUST26911,Unknown,32892.8,4687.56,1,4.0
CUST25879,Ankit Sahu,32883.200000000004,2056.46,1,4.0
CUST12881,Sanjay Gupta,32883.200000000004,7684.2,1,4.0
CUST26228,Rohit Panda,32879.5,3890.87,1,5.0
CUST16229,Pooja Reddy,32866.5,2337.09,1,1.0
CUST24285,Rohit Yadav,32848.0,2128.62,1,4.0
CUST12048,Priya Panda,32847.75,8068.05,1,3.0
CUST16955,Riya Mohanty,32844.0,1771.7,1,5.0
CUST28472,Arjun Kumar,32842.0,7581.66,1,2.0
CUST10379,Riya Gupta,32838.9,8144.76,1,1.0
CUST20331,Akash Mishra,32836.5,3769.21,1,5.0
CUST20620,Arjun Pradhan,32833.5,3297.19,1,3.0
CUST27131,Unknown,32818.4,6265.13,1,1.0
CUST13709,Shreya Verma,32803.200000000004,4937.07,1,4.0
CUST19105,Kavita Dutta,32800.65,5530.61,1,1.0
CUST27226,Vivek Mishra,32794.299999999996,7099.71,1,1.0
CUST26060,Ankit Nayak,32790.6,7092.94,1,2.0
CUST25516,Shreya Sahu,32774.0,5735.83,1,4.0
CUST14720,Akash Rao,32770.5,3628.65,1,1.0
CUST14531,Vikas Sahu,32768.0,4777.71,1,1.0
CUST11526,Shreya Patel,32747.1,1782.36,1,3.0
CUST22308,Rahul Nayak,32740.2,2046.86,1,2.0
CUST11592,Abhishek Jain,32738.0,2115.35,1,1.0
CUST18225,Kavita Gupta,32729.399999999998,4634.53,1,1.0
CUST15528,Suresh Das,32716.800000000003,2856.33,1,1.0
CUST23340,Deepak Singh,32674.6,7575.37,1,1.0
CUST21606,Raj Nayak,32652.0,6239.44,1,3.0
CUST12989,Sneha Patel,32649.600000000002,5817.09,1,3.0
CUST20936,Suresh Patel,32644.8,2088.98,1,1.0
CUST17196,Pooja Gupta,32617.899999999998,3696.07,1,1.0
CUST14260,Riya Behera,32613.0,5845.58,1,4.0
CUST16261,Anjali Mohanty,32612.0,2134.31,1,1.0
CUST26786,Neha Yadav,32598.0,2932.22,1,1.0
CUST25080,Riya Nayak,32575.5,2840.63,1,3.0
CUST24856,Priya Reddy,32570.25,6810.58,1,1.0
CUST19422,Raj Mehta,32562.649999999998,2568.37,1,1.0
CUST13097,Ankit Das,32550.0,1701.57,1,2.0
CUST10225,Sanjay Sahu,32546.25,7509.12,1,5.0
CUST20280,Ankit Jain,32537.600000000002,2071.91,1,2.0
CUST21739,Kavita Das,32532.0,4448.97,1,3.0
CUST17973,Sneha Verma,32529.5,3958.2,1,1.0
CUST13872,Sanjay Patel,32521.5,7991.82,1,3.0
CUST16920,Swati Patel,32516.6,2671.46,1,1.0
CUST23277,Suresh Dutta,32508.25,6708.66,1,5.0
CUST26062,Manish Sahu,32490.0,6791.25,1,2.0
CUST25417,Riya Verma,32472.0,3757.59,1,3.0
CUST27498,Abhishek Pradhan,32471.7,1900.74,1,2.0
CUST13953,Pooja Panda,32466.6,7651.8,1,1.0
CUST20038,Rohit Nayak,32461.8,7523.01,1,2.0
CUST17217,Kavita Nayak,32436.0,5789.52,1,5.0
CUST28188,Kavita Dutta,32429.199999999997,4749.96,1,2.0
CUST14560,Anjali Reddy,32429.199999999997,6387.78,1,2.0
CUST28524,Raj Behera,32428.800000000003,6235.44,1,4.0
CUST18282,Raj Behera,32428.800000000003,4307.69,1,3.0
CUST14869,Anjali Dutta,32400.0,7654.92,1,2.0
CUST16210,Vivek Pradhan,32366.7,4463.59,1,1.0
CUST24485,Rohit Sahu,32364.0,3630.73,1,2.0
CUST16483,Shreya Sharma,32358.899999999998,2315.23,1,3.0
CUST17084,Nisha Verma,32352.0,4456.85,1,1.0
CUST17859,Deepak Yadav,32347.5,7153.18,1,1.0
CUST17198,Manish Mohanty,32324.0,5678.45,1,2.0
CUST25899,Sanjay Yadav,32310.449999999997,4272.85,1,1.0
CUST19219,Raj Verma,32307.6,2428.13,1,2.0
CUST19786,Priya Sahu,32295.899999999998,5446.24,1,3.0
CUST10010,Rohit Mehta,32287.5,7096.24,1,5.0
CUST26234,Amit Reddy,32281.5,6613.93,1,1.0
CUST22380,Sanjay Singh,32258.25,2491.64,1,1.0
CUST19442,Kavita Singh,32254.6,5812.87,1,2.0
CUST14276,Arjun Sahu,32246.8,7970.83,1,4.0
CUST18375,Abhishek Panda,32238.0,6360.31,1,1.0
CUST12776,Vivek Sharma,32231.25,4231.85,1,5.0
CUST13938,Ankit Patel,32227.75,6824.05,1,5.0
CUST17222,Deepak Gupta,32219.100000000002,7122.74,1,3.0
CUST24752,Manish Jain,32216.800000000003,6466.97,1,1.0
CUST23139,Rahul Das,32200.0,5050.69,1,5.0
CUST22303,Arjun Jain,32122.35,3495.28,1,3.0
CUST18544,Suresh Gupta,32114.7,2782.16,1,3.0
CUST15686,Nisha Reddy,32106.199999999997,6715.05,1,2.0
CUST19724,Priya Verma,32105.0,6503.08,1,1.0
CUST12793,Kavita Panda,32100.5,6274.42,1,2.0
CUST12083,Unknown,32094.3,3487.33,1,3.0
CUST15484,Pooja Jain,32089.5,4212.03,1,1.0
CUST26130,Swati Nayak,32080.999999999996,4686.89,1,2.0
CUST16774,Kavita Panda,32061.600000000002,7517.05,1,1.0
CUST13304,Anjali Verma,32061.149999999998,4572.84,1,1.0
CUST18704,Vikas Pradhan,32051.25,4530.0,1,5.0
CUST27414,Anjali Mishra,32019.5,4606.76,1,1.0
CUST20196,Vivek Mohanty,32005.5,7933.79,1,3.0
CUST18137,Ankit Singh,31990.6,4316.09,1,4.0
CUST10646,Anjali Pradhan,31988.399999999998,5743.33,1,1.0
CUST25391,Swati Sharma,31985.600000000002,7397.91,1,2.0
CUST17357,Suresh Rao,31979.85,3891.15,1,3.0
CUST17777,Sanjay Das,31970.35,4353.56,1,1.0
CUST14416,Amit Sahu,31968.3,7155.26,1,3.0
CUST17712,Amit Sharma,31961.600000000002,6654.36,1,4.0
CUST13713,Arjun Verma,31943.75,1806.83,1,1.0
CUST18257,Pooja Gupta,31942.149999999998,4881.26,1,1.0
CUST23917,Raj Nayak,31924.800000000003,6692.15,1,1.0
CUST25410,Deepak Das,31909.0,6322.7,1,1.0
CUST17167,Vivek Sahu,31908.0,3857.78,1,2.0
CUST24297,Abhishek Rao,31899.0,4231.8,1,1.0
CUST27993,Neha Sharma,31895.100000000002,2987.25,1,1.0
CUST16967,Raj Sharma,31893.75,5058.02,1,5.0
CUST20963,Kavita Das,31873.5,2635.46,1,1.0
CUST19384,Kavita Jain,31870.5,5220.48,1,2.0
CUST11645,Raj Verma,31869.899999999998,1621.55,1,1.0
CUST21525,Manish Singh,31866.0,7881.82,1,1.0
CUST24290,Vivek Behera,31863.3,2197.15,1,3.0
CUST26859,Anjali Panda,31846.499999999996,2585.69,1,1.0
CUST18213,Raj Verma,31830.699999999997,4031.34,1,1.0
CUST26511,Priya Mehta,31820.0,5100.1,1,5.0
CUST13445,Nisha Dutta,31807.999999999996,5123.18,1,1.0
CUST10467,Deepak Jain,31792.699999999997,5916.49,1,1.0
CUST10335,Riya Mohanty,31791.75,3199.98,1,3.0
CUST18241,Amit Panda,31791.600000000002,7769.53,1,4.0
CUST26630,Raj Panda,31789.8,7182.61,1,1.0
CUST18560,Swati Kumar,31784.0,2093.22,1,1.0
CUST18782,Rohit Mishra,31770.85,4742.02,1,1.0
CUST18718,Kavita Das,31765.999999999996,2258.89,1,2.0
CUST20907,Rohit Kumar,31750.4,5939.44,1,1.0
CUST12803,Kavita Singh,31745.199999999997,5801.78,1,1.0
CUST18338,Swati Nayak,31730.5,2264.83,1,1.0
CUST13565,Anjali Yadav,31728.0,1713.47,1,5.0
CUST22898,Nisha Mohanty,31694.6,4777.15,1,2.0
CUST15788,Priya Behera,31669.2,2743.12,1,4.0
CUST13203,Suresh Pradhan,31665.899999999998,6379.58,1,2.0
CUST22018,Raj Mishra,31663.5,1914.58,1,2.0
CUST16503,Ankit Patel,31639.3,1747.76,1,1.0
CUST23199,Ankit Mehta,31609.8,5521.4,1,4.0
CUST16100,Shreya Mehta,31575.6,3602.72,1,1.0
CUST23490,Raj Sharma,31575.0,5952.1,1,3.0
CUST19614,Amit Dutta,31568.25,3645.37,1,1.0
CUST25037,Deepak Dutta,31552.800000000003,6576.19,1,3.0
CUST26019,Anjali Panda,31545.0,2146.31,1,2.0
CUST23460,Rohit Mehta,31539.25,1969.69,1,1.0
CUST12483,Deepak Mishra,31510.4,5663.84,1,4.0
CUST15899,Abhishek Verma,31508.800000000003,2655.84,1,2.0
CUST28900,Rohit Pradhan,31479.199999999997,2164.53,1,2.0
CUST16272,Suresh Gupta,31456.399999999998,3373.7,1,4.0
CUST22169,Rahul Patel,31432.8,4753.78,1,1.0
CUST22359,Shreya Nayak,31422.199999999997,6223.98,1,2.0
CUST21913,Shreya Nayak,31418.55,1871.96,1,3.0
CUST10183,Nisha Panda,31411.0,5708.59,1,1.0
CUST19452,Ankit Singh,31404.800000000003,3837.03,1,1.0
CUST15735,Shreya Mehta,31386.6,2910.15,1,3.0
CUST16532,Suresh Singh,31383.0,1573.51,1,2.0
CUST10778,Rahul Sharma,31370.0,7781.16,1,2.0
CUST13903,Suresh Mehta,31363.2,2486.65,1,4.0
CUST24813,Deepak Reddy,31361.25,3136.45,1,1.0
CUST23343,Sneha Reddy,31360.5,3876.13,1,2.0
CUST18692,Raj Jain,31357.199999999997,2643.06,1,1.0
CUST25824,Priya Jain,31321.5,3088.91,1,1.0
CUST10629,Deepak Kumar,31297.5,4091.37,1,2.0
CUST18041,Vivek Kumar,31284.800000000003,4998.66,1,2.0
CUST18391,Amit Singh,31271.4,4395.7,1,2.0
CUST12181,Akash Rao,31253.0,5171.674400000006,1,1.0
CUST13915,Sanjay Sharma,31246.4,4650.18,1,2.0
CUST24734,Anjali Mehta,31245.199999999997,4355.0,1,4.0
CUST12361,Pooja Patel,31243.2,3137.11,1,1.0
CUST27063,Abhishek Yadav,31221.0,6251.54,1,5.0
CUST21927,Suresh Yadav,31198.999999999996,3863.4440666666683,1,2.0
CUST20482,Sanjay Sahu,31169.6,4118.96,1,2.0
CUST17752,Neha Mishra,31147.2,4851.06,1,3.0
CUST15450,Shreya Behera,31145.7,4065.7,1,2.0
CUST12713,Priya Panda,31145.1,1772.93,1,3.0
CUST18592,Suresh Mehta,31142.7,5657.82,1,1.0
CUST10634,Manish Sharma,31133.199999999997,4063.05,1,4.0
CUST25381,Ankit Verma,31132.800000000003,3535.44,1,3.0
CUST26963,Sneha Gupta,31122.75,1858.67,1,1.0
CUST24334,Sanjay Gupta,31120.2,3423.29,1,4.0
CUST14513,Arjun Behera,31120.0,3473.88,1,4.0
CUST24569,Suresh Gupta,31116.800000000003,6634.89,1,2.0
CUST13433,Raj Verma,31113.0,4905.63,1,2.0
CUST20812,Nisha Verma,31105.600000000002,7608.37,1,1.0
CUST11687,Ankit Mohanty,31060.8,6807.9,1,3.0
CUST28319,Neha Reddy,31060.0,3666.33,1,2.0
CUST12158,Arjun Patel,31058.0,5146.13,1,1.0
CUST16582,Karan Sahu,31046.399999999998,2338.05,1,2.0
CUST26157,Deepak Panda,31041.600000000002,6972.26,1,2.0
CUST24596,Neha Mishra,31020.800000000003,1567.44,1,4.0
CUST20114,Manish Sahu,31006.4,2798.26,1,1.0
CUST14947,Anjali Jain,30992.7,6091.04,1,2.0
CUST20937,Rohit Reddy,30985.2,6504.29,1,1.0
CUST25557,Priya Singh,30941.0,2964.58,1,1.0
CUST16285,Vivek Panda,30936.0,6677.74,1,2.0
CUST19889,Akash Reddy,30922.499999999996,5182.04,1,1.0
CUST24846,Raj Mehta,30920.0,6801.27,1,2.0
CUST14600,Suresh Sahu,30894.3,1873.26,1,1.0
CUST21004,Deepak Mishra,30892.399999999998,5426.38,1,4.0
CUST17204,Amit Pradhan,30887.25,3645.38,1,1.0
CUST17826,Amit Nayak,30883.2,6914.29,1,3.0
CUST28288,Amit Mehta,30849.0,7423.72,1,1.0
CUST24050,Sanjay Kumar,30847.0,1547.47,1,1.0
CUST12521,Neha Yadav,30843.399999999998,3447.18,1,2.0
CUST24906,Anjali Dutta,30836.0,7633.7,1,1.0
CUST26921,Sneha Panda,30824.399999999998,7180.53,1,4.0
CUST27384,Pooja Das,30822.7,3177.09,1,1.0
CUST16082,Suresh Sahu,30821.8,4866.61,1,2.0
CUST11674,Deepak Kumar,30815.0,2140.3,1,5.0
CUST11933,Priya Mishra,30807.399999999998,7077.15,1,1.0
CUST21563,Akash Jain,30790.4,2400.85,1,2.0
CUST18935,Sanjay Kumar,30782.499999999996,3226.09,1,1.0
CUST18234,Karan Dutta,30780.2,4917.46,1,2.0
CUST19004,Priya Sahu,30752.0,5808.41,1,1.0
CUST17364,Rahul Pradhan,30741.0,6714.19,1,2.0
CUST11300,Manish Pradhan,30734.4,5242.97,1,1.0
CUST24450,Vivek Jain,30734.3,2768.25,1,1.0
CUST18337,Arjun Kumar,30734.0,4657.7,1,2.0
CUST23643,Rahul Das,30720.0,1932.63,1,2.0
CUST27182,Deepak Dutta,30720.0,4305.45,1,3.0
CUST21236,Rahul Pradhan,30669.8,6559.96,1,4.0
CUST26263,Vikas Sharma,30645.3,5619.36,1,3.0
CUST23362,Amit Behera,30644.2,6922.45,1,1.0
CUST22621,Ankit Rao,30639.399999999998,6000.58,1,2.0
CUST21074,Kavita Rao,30636.899999999998,4559.3,1,3.0
CUST10126,Deepak Sahu,30630.0,3496.37,1,5.0
CUST12054,Deepak Mohanty,30600.0,6897.48,1,1.0
CUST11177,Arjun Mishra,30599.5,2829.66,1,5.0
CUST21843,Anjali Panda,30595.75,2426.18,1,5.0
CUST20284,Rahul Behera,30585.600000000002,5778.07,1,4.0
CUST15306,Anjali Das,30582.149999999998,6084.3,1,3.0
CUST24452,Raj Patel,30578.8,2209.02,1,1.0
CUST18748,Amit Das,30568.0,7523.42,1,2.0
CUST21182,Suresh Singh,30564.3,2964.91,1,2.0
CUST19775,Riya Panda,30553.600000000002,5395.87,1,4.0
CUST16981,Swati Gupta,30550.8,3179.02,1,3.0
CUST15596,Anjali Behera,30544.5,2891.21,1,1.0
CUST27072,Deepak Gupta,30529.199999999997,1852.6,1,4.0
CUST16405,Priya Reddy,30515.0,5381.03,1,5.0
CUST13078,Pooja Mishra,30512.999999999996,5707.63,1,3.0
CUST18272,Deepak Sharma,30508.8,2926.59,1,1.0
CUST16259,Ankit Singh,30469.6,1600.03,1,4.0
CUST18966,Anjali Reddy,30450.600000000002,5692.74,1,2.0
CUST20081,Pooja Yadav,30443.699999999997,6823.65,1,3.0
CUST23417,Manish Sahu,30437.649999999998,2657.18,1,1.0
CUST10519,Shreya Pradhan,30430.0,3821.97,1,2.0
CUST13871,Deepak Patel,30423.0,4434.94,1,2.0
CUST24526,Karan Nayak,30414.0,5919.2,1,4.0
CUST13794,Rohit Nayak,30409.2,2763.53,1,1.0
CUST17432,Pooja Panda,30406.0,4795.74,1,1.0
CUST19803,Priya Mohanty,30384.0,4579.6,1,3.0
CUST23380,Karan Nayak,30375.0,5927.51,1,4.0
CUST15309,Suresh Singh,30362.0,3206.78,1,2.0
CUST20111,Amit Rao,30360.75,5585.08,1,1.0
CUST11041,Kavita Pradhan,30348.0,6578.94,1,3.0
CUST18303,Neha Yadav,30328.800000000003,3188.09,1,3.0
CUST13683,Abhishek Rao,30312.0,3737.32,1,4.0
CUST19953,Nisha Jain,30300.0,5288.44,1,1.0
CUST18643,Sanjay Jain,30296.449999999997,2277.42,1,1.0
CUST13311,Pooja Gupta,30291.1,6469.22,1,1.0
CUST20765,Nisha Kumar,30281.600000000002,6249.24,1,4.0
CUST19169,Rahul Rao,30276.5,7191.74,1,1.0
CUST24649,Vikas Jain,30273.0,3954.64,1,3.0
CUST27687,Arjun Pradhan,30258.3,4120.74,1,2.0
CUST17995,Priya Jain,30254.699999999997,1989.03,1,3.0
CUST21165,Abhishek Sahu,30251.25,5689.74,1,3.0
CUST23214,Kavita Verma,30249.600000000002,4467.23,1,3.0
CUST27420,Riya Verma,30240.9,3321.27,1,1.0
CUST23387,Pooja Das,30221.25,4384.36,1,5.0
CUST23705,Kavita Verma,30215.2,6924.96,1,1.0
CUST16740,Pooja Behera,30213.0,4505.51,1,3.0
CUST10276,Akash Verma,30209.25,4009.63,1,1.0
CUST22781,Rohit Mishra,30208.499999999996,4016.95,1,3.0
CUST18956,Manish Sahu,30195.0,3680.92,1,2.0
CUST19968,Sneha Kumar,30172.5,2531.31,1,3.0
CUST25951,Priya Kumar,30132.75,6273.88,1,1.0
CUST27847,Swati Mehta,30130.8,5897.51,1,1.0
CUST10830,Shreya Singh,30120.0,4176.56,1,2.0
CUST20408,Pooja Behera,30111.0,1698.86,1,2.0
CUST17273,Vikas Sharma,30098.6,6879.75,1,2.0
CUST11914,Karan Panda,30096.0,5281.34,1,2.0
CUST28762,Karan Behera,30081.5,6848.96,1,2.0
CUST14496,Karan Nayak,30038.149999999998,3183.85,1,1.0
CUST17197,Arjun Gupta,30015.0,3342.4,1,3.0
CUST17006,Nisha Das,30009.600000000002,1849.34,1,1.0
CUST12952,Swati Dutta,29994.8,3039.51,1,2.0
CUST20140,Arjun Sahu,29987.699999999997,3962.67,1,1.0
CUST16127,Amit Dutta,29980.8,1804.46,1,2.0
CUST24213,Sanjay Verma,29946.35,6428.63,1,1.0
CUST14059,Suresh Patel,29943.8,2189.02,1,4.0
CUST27526,Raj Nayak,29924.800000000003,4526.67,1,1.0
CUST25494,Akash Singh,29907.9,2997.83,1,1.0
CUST27885,Arjun Jain,29884.800000000003,4124.53,1,3.0
CUST25160,Anjali Pradhan,29853.0,5595.61,1,3.0
CUST18356,Riya Nayak,29838.4,7332.41,1,2.0
CUST26330,Shreya Gupta,29833.3,2816.01,1,1.0
CUST12890,Sanjay Mishra,29809.499999999996,7208.47,1,5.0
CUST18999,Sanjay Sharma,29793.899999999998,4836.45,1,2.0
CUST24607,Manish Reddy,29775.0,4026.32,1,2.0
CUST21788,Sanjay Kumar,29763.75,5134.76,1,1.0
CUST26871,Manish Pradhan,29761.6,3289.49,1,1.0
CUST15097,Riya Das,29743.2,2034.21,1,3.0
CUST19503,Kavita Behera,29719.8,2725.74,1,1.0
CUST11025,Sanjay Patel,29712.0,2361.59,1,4.0
CUST25051,Kavita Singh,29711.25,2017.0,1,1.0
CUST24346,Swati Nayak,29697.0,4259.23,1,2.0
CUST12179,Deepak Reddy,29683.499999999996,6370.09,1,3.0
CUST27762,Priya Yadav,29680.2,5853.05,1,1.0
CUST24058,Akash Yadav,29661.1,6412.41,1,1.0
CUST15101,Anjali Sahu,29643.0,3957.47,1,3.0
CUST13543,Akash Kumar,29612.3,5198.936866666654,1,2.0
CUST26268,Akash Mohanty,29606.35,2347.34,1,1.0
CUST15167,Ankit Dutta,29606.0,2876.27,1,1.0
CUST15311,Kavita Kumar,29598.0,1953.79,1,3.0
CUST25059,Vivek Pradhan,29588.699999999997,3609.97,1,2.0
CUST20562,Amit Nayak,29568.600000000002,5457.17,1,2.0
CUST10234,Vikas Reddy,29562.149999999998,7098.06,1,3.0
CUST28749,Suresh Sharma,29533.5,3859.64,1,1.0
CUST13886,Nisha Singh,29532.600000000002,6873.21,1,2.0
CUST21189,Kavita Mehta,29527.899999999998,2090.82,1,1.0
CUST11487,Suresh Sahu,29527.2,7302.35,1,4.0
CUST21773,Riya Patel,29525.05,4409.16,1,1.0
CUST26194,Swati Sharma,29518.8,6453.13,1,2.0
CUST26584,Shreya Verma,29502.199999999997,3198.91,1,1.0
CUST16705,Nisha Das,29479.449999999997,6194.26,1,1.0
CUST23121,Swati Dutta,29465.199999999997,6884.67,1,2.0
CUST16273,Akash Mishra,29464.800000000003,3714.12,1,1.0
CUST26625,Manish Patel,29445.7,1763.71,1,2.0
CUST11391,Sanjay Panda,29443.35,5467.86,1,1.0
CUST14784,Karan Sharma,29440.0,4088.05,1,4.0
CUST21608,Priya Sharma,29424.0,7128.63,1,3.0
CUST12914,Ankit Panda,29405.7,1858.2,1,1.0
CUST27750,Manish Sahu,29400.0,3214.95,1,5.0
CUST26962,Riya Das,29398.5,3970.66,1,1.0
CUST19694,Manish Pradhan,29392.2,4173.08,1,3.0
CUST15790,Amit Dutta,29387.25,6526.48,1,3.0
CUST19183,Rohit Reddy,29385.9,3944.13,1,1.0
CUST20592,Manish Rao,29381.1,3402.08,1,3.0
CUST23131,Karan Mishra,29370.6,4301.75,1,1.0
CUST18359,Raj Jain,29368.0,5295.54,1,2.0
CUST25316,Amit Gupta,29364.3,6286.12,1,1.0
CUST19573,Riya Sahu,29362.199999999997,4993.06,1,2.0
CUST17723,Riya Behera,29361.499999999996,2355.16,1,5.0
CUST20422,Neha Das,29359.0,7298.49,1,2.0
CUST27799,Suresh Jain,29314.0,5954.4,1,1.0
CUST28582,Raj Rao,29302.699999999997,1581.81,1,1.0
CUST16298,Suresh Patel,29273.999999999996,2556.87,1,3.0
CUST27527,Karan Panda,29254.5,3721.75,1,3.0
CUST20205,Manish Sahu,29235.2,5435.23,1,4.0
CUST24045,Nisha Jain,29229.0,2783.04,1,1.0
CUST25137,Rahul Jain,29217.899999999998,5496.72,1,3.0
CUST11502,Karan Mishra,29215.199999999997,4817.81,1,4.0
CUST11832,Sanjay Mishra,29197.0,5668.76,1,2.0
CUST25912,Sanjay Rao,29184.0,1794.25,1,3.0
CUST28576,Vivek Gupta,29172.0,6280.66,1,2.0
CUST16839,Rohit Kumar,29162.649999999998,2449.73,1,1.0
CUST24806,Vikas Nayak,29142.4,7002.47,1,4.0
CUST21019,Ankit Jain,29141.100000000002,6870.38,1,1.0
CUST23143,Swati Mehta,29061.449999999997,1072.82,1,3.0
CUST17893,Nisha Yadav,29051.100000000002,5397.65,1,1.0
CUST28807,Vikas Sahu,29043.0,7103.04,1,3.0
CUST23718,Neha Patel,29042.449999999997,4686.26,1,1.0
CUST19627,Neha Kumar,29033.600000000002,3659.68,1,4.0
CUST10098,Karan Kumar,28989.600000000002,3670.89,1,1.0
CUST22575,Rahul Mehta,28988.399999999998,2947.59,1,1.0
CUST17821,Pooja Rao,28987.2,6035.95,1,4.0
CUST28843,Akash Singh,28984.5,1909.28,1,2.0
CUST25663,Sanjay Gupta,28969.3,3114.16,1,2.0
CUST27003,Neha Verma,28965.600000000002,5764.01,1,3.0
CUST15710,Ankit Jain,28959.0,7121.99,1,2.0
CUST27305,Swati Behera,28953.399999999998,5061.86,1,1.0
CUST15041,Abhishek Singh,28942.0,3961.39,1,1.0
CUST21393,Priya Nayak,28932.3,2338.68,1,2.0
CUST11591,Karan Verma,28928.0,3515.78,1,1.0
CUST26573,Kavita Pradhan,28907.649999999998,6603.72,1,1.0
CUST15064,Nisha Reddy,28896.0,2127.93,1,1.0
CUST28708,Neha Gupta,28895.4,2775.33,1,1.0
CUST21289,Arjun Sahu,28894.6,6360.37,1,1.0
CUST11503,Pooja Reddy,28885.600000000002,5883.48,1,1.0
CUST17583,Vikas Mishra,28876.0,2888.53,1,4.0
CUST20499,Shreya Mishra,28866.0,5545.65,1,4.0
CUST27704,Rohit Reddy,28843.899999999998,3593.13,1,1.0
CUST19769,Anjali Das,28838.25,1572.43,1,3.0
CUST22167,Swati Singh,28812.0,1688.29,1,4.0
CUST14733,Deepak Nayak,28804.5,1722.68,1,3.0
CUST11865,Pooja Mehta,28782.0,6987.0,1,2.0
CUST20836,Sanjay Mishra,28767.399999999998,2394.46,1,4.0
CUST20120,Pooja Mohanty,28764.0,6258.82,1,2.0
CUST21433,Sneha Jain,28750.8,6225.06,1,1.0
CUST22809,Akash Panda,28744.8,4032.64,1,4.0
CUST14822,Arjun Behera,28729.8,2887.77,1,1.0
CUST16192,Priya Verma,28717.55,2143.86,1,1.0
CUST24237,Rohit Behera,28716.3,6767.39,1,1.0
CUST18727,Karan Jain,28708.5,4022.78,1,1.0
CUST23331,Sanjay Sahu,28687.5,1715.66,1,1.0
CUST24671,Manish Gupta,28683.0,6137.78,1,2.0
CUST14913,Rohit Gupta,28682.399999999998,2871.16,1,4.0
CUST15472,Arjun Reddy,28677.3,6518.54,1,3.0
CUST10487,Vikas Nayak,28674.0,2132.65,1,4.0
CUST13265,Akash Nayak,28665.399999999998,4770.95,1,2.0
CUST16515,Deepak Pradhan,28654.0,4120.58,1,2.0
CUST22199,Nisha Sahu,28621.6,3684.34,1,1.0
CUST27077,Riya Verma,28610.199999999997,3374.3,1,1.0
CUST16757,Rohit Gupta,28609.3,6710.51,1,2.0
CUST27703,Anjali Mehta,28597.5,4831.13,1,3.0
CUST17495,Raj Kumar,28593.600000000002,6293.23,1,1.0
CUST14469,Amit Mohanty,28593.0,3018.17,1,3.0
CUST28250,Akash Yadav,28590.6,5249.1,1,2.0
CUST16046,Shreya Mohanty,28587.2,2234.58,1,1.0
CUST21400,Kavita Jain,28576.800000000003,1744.72,1,1.0
CUST28182,Shreya Dutta,28570.5,6920.53,1,2.0
CUST16653,Raj Patel,28560.600000000002,4309.44,1,2.0
CUST13790,Riya Mehta,28539.0,5063.79,1,1.0
CUST17771,Sneha Singh,28526.25,2190.47,1,1.0
CUST10047,Vivek Reddy,28516.0,6379.59,1,1.0
CUST24010,Riya Sahu,28515.8,1869.55,1,4.0
CUST27154,Amit Rao,28514.5,3112.88,1,1.0
CUST21130,Rohit Patel,28513.8,3707.53,1,3.0
CUST23271,Pooja Mishra,28505.6,6296.19,1,1.0
CUST16294,Raj Reddy,28482.0,3050.61,1,1.0
CUST21087,Suresh Mehta,28465.8,5577.3,1,3.0
CUST12281,Abhishek Dutta,28453.75,6095.6,1,5.0
CUST14240,Akash Panda,28422.3,4863.43,1,1.0
CUST22425,Anjali Verma,28418.4,1499.57,1,3.0
CUST17377,Ankit Mishra,28417.199999999997,1740.11,1,2.0
CUST16201,Shreya Mishra,28416.0,5564.04,1,2.0
CUST19504,Nisha Dutta,28403.2,5199.68,1,2.0
CUST22097,Pooja Reddy,28399.0,1975.26,1,1.0
CUST26797,Vivek Mohanty,28378.399999999998,3180.54,1,4.0
CUST18878,Akash Behera,28367.899999999998,3015.42,1,1.0
CUST28034,Pooja Gupta,28366.0,1507.23,1,2.0
CUST18847,Raj Rao,28364.149999999998,4948.71,1,1.0
CUST16610,Riya Reddy,28349.2,4137.92,1,4.0
CUST23137,Suresh Reddy,28345.8,2520.42,1,1.0
CUST17210,Abhishek Mehta,28341.6,5816.99,1,3.0
CUST10066,Arjun Mohanty,28339.0,3429.61,1,5.0
CUST21738,Rohit Patel,28335.600000000002,1713.21,1,4.0
CUST23946,Arjun Jain,28329.0,3686.22,1,5.0
CUST17042,Abhishek Kumar,28323.0,3323.21,1,1.0
CUST14611,Ankit Singh,28310.8,4611.63,1,2.0
CUST18963,Nisha Singh,28289.7,6408.01,1,3.0
CUST17051,Akash Kumar,28272.3,4980.36,1,1.0
CUST12354,Raj Rao,28263.0,3158.41,1,3.0
CUST28116,Priya Sahu,28257.399999999998,3995.29,1,2.0
CUST20933,Vivek Mohanty,28252.699999999997,3212.34,1,1.0
CUST16696,Kavita Patel,28245.600000000002,3746.01,1,1.0
CUST24675,Raj Panda,28242.0,3141.74,1,3.0
CUST16425,Nisha Gupta,28203.2,2523.06,1,2.0
CUST22609,Manish Panda,28198.85,1687.12,1,1.0
CUST12118,Manish Mishra,28190.25,5993.66,1,3.0
CUST28676,Neha Pradhan,28189.699999999997,3714.49,1,1.0
CUST26832,Ankit Behera,28176.399999999998,2437.66,1,4.0
CUST20264,Priya Mehta,28170.0,3752.7,1,5.0
CUST20170,Akash Jain,28158.199999999997,2144.09,1,1.0
CUST26907,Swati Nayak,28154.699999999997,4373.76,1,1.0
CUST27127,Pooja Das,28151.34,3913.83,1,3.0
CUST12030,Akash Kumar,28148.399999999998,3628.63,1,2.0
CUST11587,Rohit Verma,28129.5,4090.4,1,1.0
CUST20905,Karan Yadav,28118.4,6814.02,1,4.0
CUST11536,Karan Mishra,28118.1,4796.07,1,1.0
CUST12287,Swati Mehta,28061.100000000002,3474.87,1,3.0
CUST20902,Vikas Mishra,28037.25,6204.48,1,1.0
CUST13791,Akash Verma,28036.399999999998,4962.07,1,1.0
CUST16615,Neha Yadav,28018.199999999997,2010.62,1,3.0
CUST16345,Manish Mishra,28012.800000000003,6576.79,1,3.0
CUST10168,Karan Mehta,28007.899999999998,1941.94,1,1.0
CUST12954,Priya Nayak,28002.0,5032.89,1,1.0
CUST11037,Swati Sahu,28000.800000000003,5624.14,1,3.0
CUST19344,Akash Das,27999.0,4918.2,1,4.0
CUST26055,Arjun Mishra,27987.75,1651.13,1,3.0
CUST28608,Vivek Reddy,27986.699999999997,4553.28,1,1.0
CUST20748,Kavita Rao,27968.0,5550.47,1,5.0
CUST16076,Suresh Das,27966.1,4391.48,1,2.0
CUST14520,Vikas Nayak,27964.199999999997,3907.24,1,4.0
CUST27619,Neha Gupta,27943.2,4187.87,1,3.0
CUST28197,Anjali Sahu,27942.899999999998,5253.35,1,2.0
CUST20921,Pooja Mohanty,27940.0,1778.11,1,1.0
CUST11088,Anjali Sahu,27923.2,3571.65,1,1.0
CUST16747,Vivek Pradhan,27920.0,4056.86,1,5.0
CUST21374,Swati Sharma,27916.2,6220.5,1,1.0
CUST28380,Pooja Behera,27897.0,2313.77,1,3.0
CUST11908,Unknown,27894.0,4911.77,1,1.0
CUST17124,Amit Pradhan,27891.0,4158.59,1,4.0
CUST23944,Swati Mohanty,27859.2,5459.28,1,3.0
CUST13465,Shreya Kumar,27841.649999999998,3326.51,1,1.0
CUST11323,Amit Mohanty,27831.600000000002,4518.03,1,3.0
CUST19147,Manish Gupta,27828.0,2368.9,1,3.0
CUST11192,Sanjay Patel,27826.0,1754.11,1,1.0
CUST28137,Swati Verma,27816.75,3766.67,1,1.0
CUST19517,Sneha Pradhan,27814.5,2343.06,1,2.0
CUST17783,Vikas Nayak,27812.0,6557.0,1,1.0
CUST23461,Sanjay Jain,27806.899999999998,6078.57,1,2.0
CUST28184,Deepak Sahu,27800.0,2498.2,1,4.0
CUST19562,Vikas Patel,27784.0,2342.12,1,4.0
CUST15797,Ankit Sharma,27772.800000000003,2290.68,1,1.0
CUST18778,Manish Patel,27769.5,4074.32,1,2.0
CUST14214,Sneha Sharma,27739.6,6883.41,1,1.0
CUST22291,Pooja Sahu,27737.2,5040.69,1,4.0
CUST25424,Amit Behera,27735.25,2633.63,1,1.0
CUST27408,Anjali Jain,27730.5,1506.8,1,1.0
CUST27269,Sneha Dutta,27723.0,4578.95,1,4.0
CUST11103,Raj Verma,27712.0,5545.3,1,2.0
CUST11434,Amit Singh,27691.2,5604.12,1,1.0
CUST15000,Arjun Jain,27690.6,5693.73,1,2.0
CUST19189,Sanjay Nayak,27680.0,1583.76,1,4.0
CUST25490,Sneha Rao,27675.399999999998,3115.97,1,1.0
CUST23299,Sneha Nayak,27660.7,6556.79,1,1.0
CUST17653,Anjali Patel,27649.600000000002,2061.83,1,1.0
CUST11290,Manish Das,27643.5,4167.16,1,1.0
CUST25245,Rahul Sharma,27630.399999999998,4847.73,1,2.0
CUST14928,Kavita Rao,27621.0,5251.77,1,2.0
CUST19550,Amit Mishra,27612.699999999997,6038.47,1,1.0
CUST23676,Manish Verma,27611.2,1400.68,1,1.0
CUST26235,Shreya Kumar,27607.0,5927.67,1,4.0
CUST13690,Neha Mohanty,27594.0,5912.35,1,1.0
CUST21821,Vivek Das,27581.649999999998,3370.11,1,1.0
CUST23400,Nisha Behera,27580.0,2821.66,1,1.0
CUST15834,Priya Yadav,27554.45,4498.75,1,1.0
CUST16282,Pooja Rao,27546.8,5669.82,1,1.0
CUST19466,Pooja Behera,27542.7,4232.245866666665,1,1.0
CUST23405,Akash Sharma,27538.5,6620.88,1,2.0
CUST23358,Swati Verma,27499.2,2194.7,1,3.0
CUST18037,Anjali Das,27488.0,6146.97,1,5.0
CUST22362,Kavita Mohanty,27468.0,6645.13,1,1.0
CUST10483,Manish Kumar,27450.0,2645.31,1,1.0
CUST18212,Rohit Mehta,27436.5,4229.31,1,1.0
CUST21126,Vivek Verma,27435.0,5590.02,1,5.0
CUST19577,Manish Mehta,27431.25,4437.22,1,5.0
CUST14828,Kavita Patel,27413.35,3566.77,1,1.0
CUST15324,Neha Jain,27413.100000000002,3572.45,1,1.0
CUST26411,Riya Sharma,27399.75,5910.25,1,5.0
CUST20700,Amit Pradhan,27396.9,4404.18,1,1.0
CUST28997,Vivek Mehta,27395.25,5033.96,1,1.0
CUST11151,Pooja Das,27393.0,2026.5,1,3.0
CUST19406,Nisha Sharma,27391.0,5991.78,1,1.0
CUST14918,Arjun Jain,27391.0,6031.65,1,1.0
CUST15491,Rohit Mohanty,27374.25,1590.38,1,1.0
CUST15402,Priya Singh,27362.3,1528.44,1,1.0
CUST22312,Riya Panda,27358.1,3809.24,1,1.0
CUST18732,Swati Yadav,27336.0,5043.0,1,4.0
CUST20110,Kavita Verma,27328.0,2906.62,1,2.0
CUST19872,Swati Mehta,27321.0,1808.92,1,1.0
CUST10205,Arjun Dutta,27305.399999999998,3543.35,1,4.0
CUST10238,Priya Mishra,27298.4,3249.73,1,1.0
CUST17360,Sneha Mohanty,27295.399999999998,5992.99,1,1.0
CUST21384,Suresh Dutta,27277.6,3770.71,1,2.0
CUST28202,Karan Sharma,27262.149999999998,4102.6,1,1.0
CUST26067,Priya Verma,27261.85,2577.81,1,1.0
CUST20500,Sneha Dutta,27257.8,6596.59,1,4.0
CUST20369,Rohit Verma,27247.5,1735.05,1,1.0
CUST14851,Abhishek Sharma,27244.0,4829.59,1,1.0
CUST21401,Shreya Rao,27225.5,3352.23,1,5.0
CUST24466,Ankit Yadav,27217.8,3069.49,1,1.0
CUST21252,Sanjay Patel,27198.0,2667.8,1,3.0
CUST17536,Raj Sharma,27192.899999999998,3576.35,1,3.0
CUST24185,Raj Gupta,27192.0,5123.92,1,4.0
CUST28134,Amit Sharma,27189.399999999998,5366.15,1,2.0
CUST26713,Rahul Sharma,27185.600000000002,3965.05,1,2.0
CUST25736,Abhishek Pradhan,27170.100000000002,4673.18,1,3.0
CUST21810,Karan Yadav,27163.2,6789.34,1,1.0
CUST23102,Sneha Patel,27161.100000000002,5381.32,1,1.0
CUST14231,Rahul Singh,27159.3,2732.78,1,3.0
CUST18899,Amit Mehta,27155.0,2238.73,1,1.0
CUST21564,Amit Rao,27151.2,5015.47,1,2.0
CUST16816,Rahul Verma,27139.6,4908.66,1,1.0
CUST27202,Ankit Mishra,27128.25,5081.15,1,3.0
CUST23701,Pooja Kumar,27123.2,6132.35,1,2.0
CUST13129,Pooja Reddy,27121.8,3773.59,1,4.0
CUST19172,Swati Mishra,27118.399999999998,2533.32,1,2.0
CUST22139,Karan Mehta,27118.399999999998,6319.4,1,4.0
CUST18552,Pooja Mehta,27114.149999999998,6503.32,1,1.0
CUST22228,Abhishek Reddy,27096.0,5871.49,1,3.0
CUST18093,Nisha Patel,27096.0,3906.83,1,2.0
CUST12910,Riya Mishra,27095.6,4617.26,1,2.0
CUST12579,Sneha Jain,27094.6,6394.29,1,4.0
CUST11073,Ankit Mishra,27090.0,4173.01,1,5.0
CUST10216,Deepak Mehta,27086.5,4835.89,1,5.0
CUST13535,Rohit Kumar,27084.399999999998,4451.28,1,4.0
CUST28494,Akash Singh,27066.75,3690.63,1,1.0
CUST25717,Sanjay Mohanty,27057.1,5609.51,1,1.0
CUST24580,Ankit Mishra,27055.5,5555.95,1,1.0
CUST28993,Vivek Dutta,27036.0,1435.84,1,4.0
CUST23990,Shreya Nayak,27033.0,6435.32,1,2.0
CUST13143,Karan Nayak,26999.0,3234.27,1,1.0
CUST28699,Sanjay Sahu,26995.5,5596.37,1,3.0
CUST25518,Vivek Mohanty,26995.199999999997,2104.41,1,4.0
CUST14145,Sneha Sharma,26983.8,5705.92,1,4.0
CUST22456,Deepak Sharma,26973.0,6351.42,1,2.0
CUST27645,Arjun Behera,26971.2,4354.94,1,2.0
CUST23454,Rahul Patel,26964.0,3100.61,1,1.0
CUST28983,Anjali Panda,26954.35,6366.05,1,1.0
CUST16040,Abhishek Kumar,26950.5,5775.48,1,1.0
CUST23673,Rohit Dutta,26944.0,6141.35,1,1.0
CUST24144,Arjun Nayak,26938.2,3497.29,1,2.0
CUST23359,Sneha Jain,26938.199999999997,2410.18,1,3.0
CUST11463,Neha Behera,26902.5,3633.75,1,5.0
CUST19496,Swati Rao,26892.0,6681.92,1,3.0
CUST15269,Vivek Gupta,26889.75,5958.12,1,1.0
CUST14687,Pooja Kumar,26868.800000000003,4054.42,1,1.0
CUST21200,Sanjay Gupta,26866.699999999997,6476.01,1,1.0
CUST16538,Raj Mishra,26860.85,2889.72,1,1.0
CUST23722,Neha Verma,26841.0,4600.9,1,1.0
CUST20855,Sneha Singh,26835.2,6486.78,1,4.0
CUST10528,Akash Verma,26831.0,4230.51,1,1.0
CUST15327,Vivek Mohanty,26829.6,1528.47,1,4.0
CUST21457,Anjali Mohanty,26820.9,5834.29,1,1.0
CUST12029,Rahul Kumar,26818.35,4138.29,1,1.0
CUST27780,Neha Patel,26814.4,2541.91,1,2.0
CUST10153,Swati Jain,26811.85,3465.02,1,1.0
CUST17850,Abhishek Yadav,26798.4,2448.72,1,2.0
CUST22151,Arjun Rao,26795.3,5638.53,1,1.0
CUST15887,Ankit Mehta,26794.75,2122.11,1,1.0
CUST14323,Sneha Mehta,26786.7,5892.07,1,3.0
CUST23522,Rohit Mishra,26778.6,3848.34,1,3.0
CUST17071,Anjali Jain,26766.9,5481.39,1,1.0
CUST28924,Pooja Pradhan,26766.4,2411.35,1,1.0
CUST17423,Karan Das,26764.8,4717.27,1,1.0
CUST11873,Vivek Reddy,26754.0,1682.78,1,2.0
CUST13235,Ankit Panda,26740.6,5756.39,1,2.0
CUST13088,Karan Jain,26717.8,6535.47,1,2.0
CUST18256,Vikas Panda,26699.0,2637.23,1,1.0
CUST11801,Anjali Mehta,26692.399999999998,5190.25,1,4.0
CUST10896,Nisha Gupta,26689.6,3900.26,1,4.0
CUST16638,Raj Sharma,26685.0,1896.34,1,5.0
CUST19443,Riya Behera,26670.0,5788.62,1,1.0
CUST14973,Akash Behera,26662.4,2565.23,1,1.0
CUST18105,Raj Gupta,26661.6,4964.3,1,1.0
CUST27450,Ankit Panda,26660.8,6400.59,1,4.0
CUST25011,Rahul Mohanty,26657.399999999998,6556.39,1,3.0
CUST21216,Kavita Mehta,26653.0,5884.64,1,1.0
CUST12504,Vivek Singh,26637.3,4360.68,1,1.0
CUST20840,Shreya Singh,26621.85,3050.17,1,1.0
CUST15037,Manish Kumar,26605.6,3042.07,1,2.0
CUST28579,Anjali Singh,26594.8,6029.04,1,2.0
CUST17424,Suresh Sahu,26592.75,6364.5,1,3.0
CUST17341,Riya Mehta,26587.5,6590.33,1,5.0
CUST24757,Neha Dutta,26584.2,2968.31,1,1.0
CUST16152,Neha Mishra,26565.0,2558.3,1,3.0
CUST20145,Priya Behera,26555.7,2604.78,1,1.0
CUST28445,Raj Mishra,26553.600000000002,5946.57,1,2.0
CUST23155,Rohit Das,26552.0,1690.81,1,1.0
CUST19283,Karan Reddy,26537.699999999997,5396.06,1,1.0
CUST10134,Karan Gupta,26515.0,5085.9,1,1.0
CUST23702,Vivek Gupta,26504.1,2118.98,1,3.0
CUST13507,Priya Kumar,26490.75,4690.37,1,1.0
CUST22393,Nisha Jain,26478.9,580.63,1,3.0
CUST15083,Priya Nayak,26462.4,4042.2189333333317,1,3.0
CUST26484,Nisha Dutta,26415.0,2614.12,1,1.0
CUST22410,Rahul Dutta,26386.55,4377.38,1,1.0
CUST23638,Suresh Mohanty,26384.0,1500.17,1,1.0
CUST10009,Rahul Das,26379.75,3064.79,1,1.0
CUST11918,Riya Patel,26379.0,5813.07,1,2.0
CUST14093,Karan Jain,26367.3,2393.21,1,1.0
CUST14385,Raj Verma,26363.6,6329.73,1,1.0
CUST27166,Raj Patel,26360.6,3211.57,1,2.0
CUST28273,Abhishek Gupta,26351.25,5334.01,1,5.0
CUST28617,Amit Sahu,26325.0,5069.73,1,2.0
CUST15511,Rohit Jain,26322.0,2381.63,1,4.0
CUST15873,Abhishek Dutta,26317.199999999997,3121.46,1,4.0
CUST19521,Pooja Behera,26315.2,2616.85,1,2.0
CUST10320,Abhishek Sahu,26310.25,1644.53,1,5.0
CUST22820,Sanjay Pradhan,26296.0,5032.7,1,1.0
CUST25072,Anjali Behera,26294.4,2190.85,1,2.0
CUST22379,Karan Yadav,26289.0,2010.74,1,2.0
CUST20706,Ankit Behera,26253.25,3320.85,1,1.0
CUST23455,Amit Reddy,26236.0,4537.13,1,4.0
CUST13594,Ankit Mohanty,26203.8,2899.66,1,2.0
CUST21015,Amit Mohanty,26202.75,6056.14,1,1.0
CUST28639,Raj Kumar,26184.0,4164.53,1,3.0
CUST14668,Nisha Behera,26181.0,4168.95,1,4.0
CUST27432,Manish Jain,26170.199999999997,5952.57,1,2.0
CUST19848,Deepak Jain,26165.0,1360.46,1,5.0
CUST19982,Shreya Panda,26163.199999999997,2832.94,1,1.0
CUST27609,Rohit Kumar,26163.0,4482.1,1,1.0
CUST26721,Vikas Kumar,26159.199999999997,5708.55,1,1.0
CUST23294,Pooja Gupta,26154.1,6079.48,1,1.0
CUST14727,Neha Mohanty,26154.0,3307.68,1,1.0
CUST14419,Riya Behera,26151.0,3609.54,1,3.0
CUST14856,Amit Reddy,26150.4,1744.48,1,4.0
CUST26569,Rahul Rao,26150.25,3251.22,1,3.0
CUST20505,Swati Sahu,26142.899999999998,4643.05,1,1.0
CUST15392,Sanjay Das,26113.7,4140.41,1,2.0
CUST28033,Vivek Kumar,26102.0,4459.55,1,2.0
CUST16913,Pooja Nayak,26096.0,4385.28,1,4.0
CUST27247,Priya Reddy,26077.600000000002,4431.9,1,1.0
CUST11397,Ankit Gupta,26075.0,6043.71,1,1.0
CUST24593,Amit Mohanty,26060.4,3150.81,1,2.0
CUST21620,Shreya Singh,26027.399999999998,3089.71,1,3.0
CUST13514,Sanjay Mishra,26027.100000000002,1441.74,1,1.0
CUST20306,Neha Behera,26006.25,3004.01,1,5.0
CUST26307,Rahul Jain,26002.8,3871.35,1,2.0
CUST21714,Shreya Sharma,25967.25,2790.2,1,3.0
CUST23654,Vikas Nayak,25967.0,4778.43,1,1.0
CUST25790,Raj Sharma,25949.0,2819.53,1,5.0
CUST26106,Nisha Reddy,25933.6,2601.88,1,2.0
CUST15777,Suresh Verma,25929.0,3375.53,1,5.0
CUST17522,Amit Sahu,25910.55,5112.88,1,3.0
CUST12230,Vivek Nayak,25896.95,5015.67,1,1.0
CUST18171,Anjali Panda,25895.8,1303.12,1,1.0
CUST19414,Riya Gupta,25893.0,1799.74,1,1.0
CUST10793,Priya Rao,25887.600000000002,4738.84,1,2.0
CUST27767,Akash Rao,25884.0,4879.36,1,3.0
CUST18027,Sanjay Mehta,25867.5,1574.12,1,5.0
CUST11144,Raj Panda,25860.899999999998,5358.9,1,2.0
CUST18455,Rohit Kumar,25830.649999999998,6305.89,1,1.0
CUST18199,Neha Das,25824.0,2820.25,1,4.0
CUST17141,Vikas Singh,25819.5,5979.46,1,1.0
CUST28047,Anjali Dutta,25785.0,2738.36,1,4.0
CUST22295,Rahul Pradhan,25762.8,5967.44,1,4.0
CUST21958,Swati Rao,25760.0,4139.26,1,2.0
CUST16776,Vikas Mehta,25756.800000000003,6153.09,1,3.0
CUST12951,Vivek Panda,25746.0,1616.98,1,4.0
CUST11904,Sneha Sharma,25741.399999999998,4637.41,1,4.0
CUST23787,Manish Mohanty,25740.0,6149.07,1,2.0
CUST19477,Deepak Panda,25732.649999999998,6383.95,1,3.0
CUST28858,Suresh Mehta,25715.55,2122.39,1,3.0
CUST15288,Arjun Patel,25680.0,1436.42,1,3.0
CUST26058,Akash Reddy,25662.75,1302.3,1,1.0
CUST11034,Raj Behera,25650.0,2447.02,1,4.0
CUST26494,Vivek Sharma,25645.199999999997,6002.31,1,4.0
CUST23282,Kavita Behera,25627.5,2169.78,1,3.0
CUST23347,Ankit Yadav,25611.6,3472.55,1,4.0
CUST15443,Kavita Singh,25602.75,2304.86,1,1.0
CUST22730,Arjun Kumar,25591.8,4388.85,1,1.0
CUST12362,Sanjay Behera,25586.399999999998,2411.66,1,3.0
CUST17191,Swati Jain,25578.75,1580.0,1,5.0
CUST10158,Anjali Sahu,25578.0,6275.44,1,2.0
CUST11552,Amit Das,25564.6,3533.21,1,2.0
CUST11424,Unknown,25561.2,3916.24,1,3.0
CUST18788,Unknown,25508.7,1656.78,1,1.0
CUST26775,Swati Gupta,25506.0,1322.26,1,4.0
CUST19137,Suresh Behera,25503.0,1618.51,1,1.0
CUST26193,Karan Nayak,25495.2,5551.54,1,3.0
CUST13049,Rahul Nayak,25494.199999999997,4078.25,1,2.0
CUST10262,Vivek Sharma,25494.0,1611.27,1,4.0
CUST21980,Priya Mehta,25483.5,1484.73,1,3.0
CUST28607,Priya Gupta,25480.0,3311.2,1,5.0
CUST16675,Pooja Nayak,25452.800000000003,2172.68,1,2.0
CUST24229,Raj Jain,25449.600000000002,5572.45,1,2.0
CUST13752,Rahul Pradhan,25448.0,3841.71,1,1.0
CUST18991,Vikas Singh,25445.25,4160.48,1,3.0
CUST26094,Riya Sharma,25445.0,4469.17,1,5.0
CUST12983,Sanjay Sahu,25428.0,4691.52,1,4.0
CUST17220,Anjali Gupta,25427.25,5562.89,1,1.0
CUST18706,Priya Das,25400.25,1747.6,1,1.0
CUST25918,Vikas Yadav,25367.4,3666.74,1,1.0
CUST26131,Ankit Patel,25354.8,2792.6,1,1.0
CUST12050,Riya Sharma,25350.75,1676.48,1,5.0
CUST14052,Abhishek Mishra,25344.45,4643.72,1,1.0
CUST14157,Suresh Reddy,25338.399999999998,4972.65,1,4.0
CUST15772,Priya Das,25331.2,3122.45,1,1.0
CUST18448,Riya Verma,25326.0,2006.41,1,4.0
CUST26647,Anjali Gupta,25324.800000000003,1585.78,1,4.0
CUST20467,Pooja Panda,25324.800000000003,5461.17,1,2.0
CUST21647,Karan Dutta,25321.5,6097.72,1,2.0
CUST13941,Swati Verma,25319.399999999998,1600.32,1,4.0
CUST17761,Akash Reddy,25290.899999999998,2179.69,1,2.0
CUST23920,Shreya Sahu,25270.949999999997,4000.33,1,3.0
CUST25566,Suresh Reddy,25263.2,4697.66,1,1.0
CUST18281,Suresh Dutta,25255.2,3534.75,1,3.0
CUST15802,Vikas Mehta,25242.449999999997,3442.21,1,1.0
CUST18353,Sneha Jain,25224.399999999998,4711.6,1,2.0
CUST13969,Sneha Pradhan,25215.0,5405.03,1,5.0
CUST16873,Sanjay Rao,25209.0,4199.69,1,4.0
CUST23395,Anjali Rao,25180.399999999998,5832.75,1,1.0
CUST28744,Neha Rao,25179.0,2283.84,1,1.0
CUST27329,Vikas Verma,25171.199999999997,3049.25,1,2.0
CUST10311,Swati Pradhan,25166.449999999997,3523.89,1,1.0
CUST14484,Priya Kumar,25164.75,4138.79,1,1.0
CUST14612,Sanjay Yadav,25141.199999999997,2367.21,1,2.0
CUST28367,Karan Kumar,25132.8,3716.49,1,2.0
CUST15211,Anjali Mishra,25121.75,4142.66,1,1.0
CUST26011,Rohit Mohanty,25120.0,6115.46,1,1.0
CUST17108,Vikas Sahu,25116.699999999997,2350.12,1,1.0
CUST10760,Neha Verma,25092.0,3609.12,1,2.0
CUST17781,Rohit Dutta,25085.7,4236.41,1,3.0
CUST21648,Riya Dutta,25065.0,2588.82,1,5.0
CUST18246,Vikas Dutta,25062.899999999998,3516.69,1,3.0
CUST22919,Pooja Mehta,25038.75,3223.74,1,5.0
CUST17186,Karan Singh,25032.0,3836.14,1,3.0
CUST18695,Akash Panda,25022.4,3911.43,1,2.0
CUST12654,Amit Das,25020.6,4906.27,1,4.0
CUST16590,Pooja Mehta,25020.0,5963.27,1,4.0
CUST10018,Rohit Pradhan,25013.1,2122.94,1,3.0
CUST23517,Shreya Jain,24998.3,2392.77,1,2.0
CUST20188,Vivek Mishra,24995.2,4291.31,1,2.0
CUST21103,Karan Dutta,24990.0,1578.24,1,5.0
CUST21174,Suresh Mohanty,24979.5,3445.9,1,3.0
CUST28430,Suresh Das,24945.3,4832.24,1,3.0
CUST19588,Amit Das,24944.0,4580.93,1,4.0
CUST12259,Shreya Behera,24926.3,4739.98,1,1.0
CUST27399,Kavita Singh,24920.25,5744.76,1,1.0
CUST13341,Rohit Rao,24898.3,2185.22,1,1.0
CUST13217,Rohit Nayak,24895.2,4851.68,1,1.0
CUST19093,Anjali Sahu,24884.100000000002,5763.93,1,1.0
CUST11446,Pooja Mohanty,24882.899999999998,3653.04,1,1.0
CUST28600,Arjun Mishra,24879.55,5395.34,1,1.0
CUST19592,Raj Yadav,24877.5,4158.84,1,5.0
CUST10926,Shreya Pradhan,24873.600000000002,3192.63,1,4.0
CUST20177,Manish Rao,24869.0,4036.79,1,1.0
CUST22436,Abhishek Dutta,24850.5,1353.87,1,2.0
CUST24536,Priya Gupta,24850.0,5687.84,1,1.0
CUST19580,Priya Mishra,24844.0,1554.97,1,5.0
CUST18005,Abhishek Mishra,24823.2,4791.64,1,1.0
CUST17864,Vikas Dutta,24804.5,2386.96,1,2.0
CUST10244,Akash Kumar,24793.649999999998,2702.71,1,1.0
CUST11664,Priya Mishra,24775.8,1975.57,1,3.0
CUST24628,Nisha Panda,24765.0,2621.8,1,5.0
CUST19298,Sneha Gupta,24763.199999999997,3359.6922333333246,1,1.0
CUST10120,Pooja Mehta,24732.399999999998,3099.94,1,1.0
CUST24231,Amit Mohanty,24729.449999999997,5205.16,1,1.0
CUST12740,Pooja Patel,24719.1,4287.36,1,3.0
CUST25379,Priya Dutta,24682.0,3840.92,1,2.0
CUST12004,Rohit Reddy,24675.75,2977.94,1,1.0
CUST23695,Kavita Sharma,24675.5,4128.79,1,5.0
CUST10643,Rahul Gupta,24661.0,1937.3,1,1.0
CUST28575,Shreya Verma,24650.5,5065.8,1,5.0
CUST23781,Vivek Kumar,24637.3,3338.78,1,2.0
CUST11683,Amit Jain,24637.3,3958.44,1,2.0
CUST11561,Pooja Mishra,24626.4,5832.7,1,1.0
CUST13881,Rohit Behera,24619.25,1452.71,1,5.0
CUST11741,Amit Mehta,24614.4,4317.03,1,1.0
CUST14173,Nisha Mishra,24606.9,3495.13,1,1.0
CUST17956,Vikas Mishra,24603.0,4998.74,1,1.0
CUST16402,Kavita Yadav,24572.800000000003,3283.41,1,2.0
CUST20299,Akash Mohanty,24571.8,2357.02,1,1.0
CUST14927,Nisha Dutta,24565.600000000002,1437.32,1,1.0
CUST24779,Kavita Kumar,24561.3,5584.7,1,2.0
CUST13904,Amit Mehta,24560.899999999998,2549.39,1,1.0
CUST14395,Manish Patel,24557.5,1576.11,1,2.0
CUST11573,Deepak Gupta,24541.2,5607.72,1,2.0
CUST22132,Manish Sharma,24539.4,3631.25,1,2.0
CUST24029,Anjali Nayak,24495.1,2888.34,1,1.0
CUST16004,Vivek Jain,24488.0,4634.67,1,1.0
CUST11583,Manish Reddy,24485.1,3185.24,1,3.0
CUST19780,Vivek Behera,24466.5,2403.08,1,3.0
CUST25387,Rahul Yadav,24446.25,2153.04,1,5.0
CUST28616,Suresh Dutta,24437.7,5182.37,1,3.0
CUST16134,Anjali Singh,24427.35,5598.4,1,3.0
CUST18135,Raj Sahu,24426.0,1327.35,1,4.0
CUST15243,Anjali Singh,24423.2,4430.51,1,1.0
CUST12892,Riya Gupta,24414.3,3756.12,1,1.0
CUST19008,Arjun Kumar,24413.1,3935.85,1,2.0
CUST28719,Raj Jain,24407.399999999998,2480.55,1,3.0
CUST26173,Vivek Kumar,24400.800000000003,3659.97,1,1.0
CUST16613,Vikas Patel,24399.899999999998,4131.78,1,1.0
CUST25086,Raj Behera,24395.0,1776.75,1,5.0
CUST15712,Raj Mohanty,24389.100000000002,5329.05,1,3.0
CUST27279,Manish Sharma,24381.0,1439.63,1,3.0
CUST13757,Amit Mehta,24375.600000000002,5761.4,1,3.0
CUST20065,Vivek Dutta,24362.4,3668.8842666666674,1,1.0
CUST15749,Priya Mehta,24345.0,5922.99,1,3.0
CUST28638,Raj Sharma,24340.800000000003,3101.81,1,2.0
CUST18994,Priya Reddy,24311.699999999997,4200.07,1,1.0
CUST18687,Raj Kumar,24292.800000000003,3259.95,1,3.0
CUST10249,Vikas Mohanty,24291.0,5711.48,1,4.0
CUST18385,Kavita Das,24262.5,3848.81,1,1.0
CUST17691,Riya Rao,24253.5,5737.45,1,2.0
CUST11898,Nisha Mohanty,24223.2,5058.09,1,3.0
CUST15240,Suresh Mehta,24222.45,5313.9,1,1.0
CUST18068,Sneha Mishra,24218.4,1488.1,1,3.0
CUST22185,Manish Mohanty,24213.600000000002,1556.56,1,3.0
CUST20210,Kavita Panda,24201.600000000002,2985.35,1,3.0
CUST17556,Akash Kumar,24198.75,1319.96,1,3.0
CUST17829,Amit Kumar,24196.1,4560.25,1,2.0
CUST27977,Anjali Dutta,24193.600000000002,5319.39,1,2.0
CUST13243,Unknown,24185.699999999997,5453.4,1,3.0
CUST23353,Ankit Mishra,24175.6,2990.91,1,4.0
CUST16240,Manish Pradhan,24161.199999999997,1766.99,1,2.0
CUST16686,Vivek Yadav,24158.5,1355.64,1,5.0
CUST15607,Rahul Mohanty,24158.0,5739.6,1,1.0
CUST13105,Neha Sahu,24154.199999999997,5162.46,1,1.0
CUST25372,Ankit Patel,24142.5,1242.47,1,5.0
CUST12321,Rohit Mohanty,24141.600000000002,1342.96,1,3.0
CUST17689,Pooja Verma,24126.0,5443.93,1,3.0
CUST26061,Priya Das,24120.0,4798.49,1,5.0
CUST12412,Raj Das,24117.0,1529.86,1,4.0
CUST17349,Shreya Singh,24114.75,5111.31,1,1.0
CUST25835,Akash Jain,24112.8,3682.18,1,1.0
CUST13234,Neha Mehta,24093.75,1548.1,1,5.0
CUST18533,Sanjay Jain,24050.4,1510.39,1,1.0
CUST15186,Suresh Mohanty,24040.8,5411.8,1,3.0
CUST15553,Amit Jain,24030.3,2906.55,1,1.0
CUST20097,Arjun Panda,24007.399999999998,2466.84,1,1.0
CUST15398,Priya Reddy,24003.0,1669.13,1,4.0
CUST17043,Deepak Mishra,23964.899999999998,1496.46,1,1.0
CUST12574,Vivek Behera,23960.0,5489.02,1,4.0
CUST28457,Vikas Pradhan,23959.6,4772.77,1,4.0
CUST10175,Anjali Behera,23929.0,4385.26,1,1.0
CUST12686,Neha Jain,23919.0,1907.63,1,1.0
CUST27368,Manish Reddy,23903.100000000002,5394.63,1,3.0
CUST11879,Manish Pradhan,23883.949999999997,5437.52,1,1.0
CUST25809,Shreya Singh,23880.0,2016.44,1,5.0
CUST23835,Neha Behera,23879.199999999997,5779.03,1,4.0
CUST19205,Neha Sahu,23860.0,5341.93,1,5.0
CUST13653,Raj Mishra,23858.3,3720.7,1,2.0
CUST10421,Manish Panda,23854.399999999998,4124.36,1,1.0
CUST10630,Neha Mehta,23841.199999999997,4641.07,1,1.0
CUST26347,Kavita Kumar,23836.5,5908.57,1,3.0
CUST24625,Karan Mishra,23832.0,1903.41,1,3.0
CUST20384,Sneha Jain,23830.5,4378.09,1,2.0
CUST15889,Priya Kumar,23825.199999999997,3213.73,1,2.0
CUST15639,Swati Mehta,23821.25,5855.03,1,1.0
CUST15419,Akash Das,23820.0,4920.41,1,4.0
CUST16051,Priya Sahu,23817.75,2420.42,1,1.0
CUST26526,Manish Rao,23814.6,2407.92,1,4.0
CUST18707,Anjali Dutta,23812.2,4164.35,1,1.0
CUST24622,Riya Gupta,23785.0,5673.81,1,5.0
CUST21962,Akash Kumar,23782.4,3986.532266666669,1,2.0
CUST11809,Manish Singh,23782.3,2355.05,1,2.0
CUST24897,Swati Kumar,23759.5,3004.27,1,5.0
CUST13868,Riya Mishra,23753.25,4773.01,1,1.0
CUST26658,Shreya Mishra,23748.0,1634.94,1,1.0
CUST26880,Arjun Rao,23685.0,1878.59,1,4.0
CUST17035,Amit Behera,23676.0,3243.36,1,1.0
CUST10369,Rohit Patel,23674.5,5629.3,1,1.0
CUST21160,Swati Panda,23674.2,5675.8,1,4.0
CUST28433,Arjun Mishra,23656.5,3897.14,1,1.0
CUST26375,Anjali Kumar,23654.0,2846.37,1,2.0
CUST17967,Abhishek Mehta,23643.6,5855.92,1,3.0
CUST23179,Neha Kumar,23628.800000000003,5881.21,1,2.0
CUST14948,Akash Panda,23628.800000000003,4230.47,1,1.0
CUST18339,Kavita Dutta,23627.7,4775.75,1,1.0
CUST12203,Raj Singh,23626.6,1298.68,1,4.0
CUST18439,Sneha Sahu,23620.649999999998,1310.9,1,1.0
CUST11210,Nisha Behera,23613.0,5865.46,1,1.0
CUST26598,Swati Gupta,23598.0,5772.14,1,5.0
CUST19021,Shreya Mishra,23589.9,3654.18,1,3.0
CUST11228,Abhishek Sharma,23588.0,4383.58,1,1.0
CUST13074,Raj Das,23582.8,2854.75,1,1.0
CUST28044,Arjun Behera,23581.5,2656.4,1,2.0
CUST14105,Karan Nayak,23574.0,5800.31,1,4.0
CUST18901,Neha Singh,23560.2,1728.85,1,2.0
CUST21363,Vikas Sahu,23556.600000000002,3622.56,1,1.0
CUST12136,Deepak Patel,23553.6,3369.64,1,3.0
CUST26043,Akash Nayak,23542.4,3235.94,1,4.0
CUST24823,Pooja Gupta,23521.2,4876.16,1,3.0
CUST12529,Rohit Sahu,23518.0,1932.73,1,1.0
CUST26110,Rohit Mishra,23515.2,4536.34,1,4.0
CUST27921,Karan Behera,23508.8,4358.51,1,1.0
CUST24417,Deepak Sharma,23502.5,3994.32,1,1.0
CUST11779,Raj Jain,23495.2,3972.8,1,1.0
CUST14226,Vikas Panda,23462.55,5417.43,1,3.0
CUST25461,Sneha Patel,23454.9,4906.63,1,3.0
CUST24363,Rohit Singh,23449.8,1999.82,1,1.0
CUST14959,Shreya Nayak,23440.0,2495.83,1,2.0
CUST15319,Vikas Mehta,23436.0,1186.1,1,2.0
CUST21448,Raj Panda,23418.9,4580.46,1,1.0
CUST14132,Sneha Mehta,23413.25,4479.06,1,1.0
CUST12862,Anjali Pradhan,23409.0,5749.1,1,2.0
CUST14604,Vikas Mishra,23409.0,1806.77,1,1.0
CUST27295,Rohit Mohanty,23387.1,2954.75,1,3.0
CUST14761,Karan Sahu,23385.600000000002,2735.97,1,1.0
CUST10986,Pooja Das,23376.7,2971.04,1,1.0
CUST20342,Amit Pradhan,23374.399999999998,4536.73,1,2.0
CUST22474,Akash Singh,23369.899999999998,2055.37,1,2.0
CUST20830,Sneha Kumar,23355.0,3644.83,1,3.0
CUST25696,Pooja Behera,23350.0,3939.19,1,5.0
CUST22992,Vikas Das,23308.2,2785.18,1,2.0
CUST28889,Rahul Das,23298.75,4252.0,1,5.0
CUST15360,Sneha Sahu,23288.3,3642.23,1,1.0
CUST20029,Ankit Mohanty,23283.0,5457.41,1,4.0
CUST22033,Pooja Behera,23277.1,1844.4,1,1.0
CUST28815,Riya Mehta,23257.5,5197.9,1,1.0
CUST19985,Vikas Das,23248.0,1357.34,1,4.0
CUST27992,Rohit Kumar,23242.5,5694.23,1,1.0
CUST22332,Shreya Verma,23242.0,5324.36,1,2.0
CUST13896,Kavita Mishra,23235.0,3782.87,1,3.0
CUST18020,Nisha Mishra,23231.3,2350.09,1,1.0
CUST24371,Amit Yadav,23216.199999999997,4840.07,1,2.0
CUST24643,Ankit Behera,23209.600000000002,5623.55,1,2.0
CUST18807,Nisha Nayak,23176.8,4011.38,1,2.0
CUST21508,Pooja Pradhan,23145.600000000002,1617.16,1,1.0
CUST12395,Deepak Jain,23139.899999999998,4522.14,1,3.0
CUST21025,Rahul Jain,23139.899999999998,4336.05,1,3.0
CUST26634,Vivek Sharma,23125.0,4183.69,1,5.0
CUST11906,Arjun Patel,23125.0,4309.03,1,1.0
CUST18775,Rohit Rao,23111.5,1930.54,1,1.0
CUST10656,Akash Mishra,23106.0,2592.53,1,1.0
CUST17143,Shreya Nayak,23104.8,3193.62,1,4.0
CUST10973,Priya Reddy,23101.5,5447.43,1,2.0
CUST24999,Swati Dutta,23092.6,2531.47,1,4.0
CUST13746,Deepak Sharma,23087.399999999998,2572.05,1,3.0
CUST27151,Vikas Jain,23084.3,3242.12,1,1.0
CUST12546,Ankit Verma,23065.0,3657.5,1,5.0
CUST11516,Anjali Behera,23061.5,3524.75,1,5.0
CUST16859,Anjali Nayak,23041.8,2925.66,1,3.0
CUST16232,Swati Singh,23009.0,3704.54,1,1.0
CUST19763,Pooja Kumar,23007.6,5731.22,1,3.0
CUST28180,Amit Panda,23007.0,4342.25,1,1.0
CUST21362,Manish Mohanty,23006.199999999997,3534.39,1,2.0
CUST10461,Shreya Mohanty,22999.0,1253.74,1,1.0
CUST27754,Abhishek Verma,22978.899999999998,5088.13,1,1.0
CUST10278,Riya Rao,22962.0,3148.13,1,1.0
CUST14523,Ankit Panda,22960.2,3976.86,1,2.0
CUST15011,Ankit Panda,22957.2,3095.07,1,1.0
CUST10479,Nisha Mohanty,22941.55,3168.98,1,1.0
CUST26885,Amit Mishra,22932.0,3892.39,1,3.0
CUST16163,Shreya Kumar,22918.5,3085.96,1,1.0
CUST22021,Anjali Yadav,22916.800000000003,2964.18,1,1.0
CUST13797,Sneha Pradhan,22915.199999999997,4818.46,1,3.0
CUST13440,Raj Mishra,22907.5,3709.807866666664,1,1.0
CUST15323,Manish Behera,22906.8,4401.32,1,2.0
CUST14981,Ankit Sahu,22893.3,1480.74,1,1.0
CUST25744,Deepak Nayak,22892.0,3288.3,1,1.0
CUST26324,Shreya Singh,22884.0,4924.26,1,2.0
CUST18326,Swati Kumar,22857.0,5417.13,1,1.0
CUST24501,Ankit Gupta,22855.5,3854.52,1,1.0
CUST26285,Rahul Kumar,22849.600000000002,3095.9,1,1.0
CUST11197,Akash Mishra,22824.0,1492.84,1,4.0
CUST26196,Neha Mehta,22817.399999999998,5512.53,1,3.0
CUST27102,Anjali Patel,22815.2,4960.11,1,2.0
CUST15286,Neha Reddy,22815.0,4073.1835000000033,1,1.0
CUST27144,Amit Das,22802.4,1791.68,1,1.0
CUST16260,Nisha Kumar,22779.0,1325.34,1,1.0
CUST12404,Raj Sahu,22776.3,2588.69,1,1.0
CUST14912,Pooja Mehta,22771.8,5492.61,1,3.0
CUST13741,Pooja Pradhan,22764.800000000003,1431.02,1,2.0
CUST28565,Amit Yadav,22762.6,3609.31,1,2.0
CUST19560,Sanjay Panda,22750.0,2813.98,1,4.0
CUST28547,Sanjay Kumar,22723.5,5195.39,1,2.0
CUST15580,Swati Behera,22714.2,3138.86,1,2.0
CUST28742,Ankit Jain,22713.0,4603.49,1,1.0
CUST13098,Sanjay Singh,22711.5,2192.61,1,2.0
CUST20034,Swati Kumar,22703.1,4411.52,1,1.0
CUST18509,Akash Mishra,22689.0,2552.98,1,4.0
CUST10724,Shreya Behera,22685.6,3494.63,1,2.0
CUST27914,Swati Mohanty,22680.800000000003,5135.99,1,1.0
CUST22681,Neha Jain,22669.85,3360.07,1,1.0
CUST28963,Rohit Kumar,22663.899999999998,3037.32,1,1.0
CUST13026,Ankit Verma,22662.7,4514.28,1,1.0
CUST26978,Deepak Rao,22626.0,2189.18,1,5.0
CUST12562,Raj Mishra,22624.25,3482.361066666666,1,5.0
CUST15810,Nisha Patel,22621.199999999997,5635.6,1,4.0
CUST17879,Vivek Behera,22618.8,5187.5,1,1.0
CUST19230,Swati Patel,22608.3,3234.24,1,3.0
CUST24601,Priya Nayak,22601.5,1334.11,1,2.0
CUST16300,Shreya Mohanty,22599.0,2741.18,1,1.0
CUST17663,Manish Reddy,22598.6,4641.6,1,4.0
CUST21892,Neha Singh,22588.800000000003,4546.25,1,3.0
CUST10113,Rohit Pradhan,22570.2,2141.64,1,1.0
CUST17944,Riya Singh,22560.0,3905.92,1,2.0
CUST11793,Swati Mohanty,22499.5,3155.06,1,2.0
CUST26692,Karan Verma,22492.8,4216.13,1,1.0
CUST21292,Neha Sharma,22482.0,5126.49,1,2.0
CUST25354,Abhishek Gupta,22472.0,4858.59,1,4.0
CUST28215,Shreya Verma,22468.5,4309.05,1,2.0
CUST18033,Abhishek Verma,22468.0,2348.83,1,1.0
CUST12552,Swati Panda,22461.8,2100.15,1,2.0
CUST19263,Ankit Nayak,22447.649999999998,2156.46,1,3.0
CUST24032,Akash Sharma,22446.6,5122.51,1,4.0
CUST23119,Karan Gupta,22445.25,1246.07,1,1.0
CUST13201,Nisha Sharma,22436.0,5031.36,1,4.0
CUST20971,Raj Das,22434.0,2569.52,1,1.0
CUST15577,Sanjay Singh,22428.9,3853.03,1,1.0
CUST26370,Anjali Singh,22428.0,3274.82,1,1.0
CUST20542,Sanjay Dutta,22409.8,4849.19,1,1.0
CUST28232,Neha Mishra,22401.0,3922.83,1,3.0
CUST27331,Amit Rao,22400.100000000002,5177.3,1,1.0
CUST12986,Sanjay Mehta,22397.199999999997,2688.41,1,2.0
CUST27176,Shreya Singh,22395.0,5498.29,1,1.0
CUST16589,Akash Sharma,22388.1,4939.57,1,1.0
CUST18358,Raj Jain,22385.8,2729.0,1,4.0
CUST14734,Rahul Pradhan,22383.75,3764.82,1,1.0
CUST12371,Sneha Yadav,22380.0,4990.0,1,1.0
CUST28571,Kavita Jain,22373.45,4984.42,1,1.0
CUST18986,Neha Jain,22351.6,5338.6,1,4.0
CUST14845,Rohit Mehta,22341.899999999998,1426.2,1,1.0
CUST20099,Anjali Rao,22332.6,4065.08,1,4.0
CUST22491,Suresh Jain,22300.6,3207.4,1,2.0
CUST25533,Abhishek Sahu,22291.2,4370.65,1,3.0
CUST22949,Akash Yadav,22283.6,2817.35,1,2.0
CUST14084,Arjun Panda,22273.5,4860.21,1,2.0
CUST22103,Abhishek Das,22264.2,2513.73,1,1.0
CUST11331,Nisha Nayak,22260.0,5236.51,1,1.0
CUST24484,Shreya Yadav,22255.8,3305.27,1,3.0
CUST20854,Pooja Rao,22220.5,4914.21,1,2.0
CUST27206,Anjali Kumar,22194.199999999997,5044.79,1,1.0
CUST15039,Pooja Singh,22185.0,1854.74,1,5.0
CUST15399,Kavita Mohanty,22185.0,3642.22,1,3.0
CUST15897,Manish Sharma,22183.2,2689.36,1,1.0
CUST10522,Vikas Sharma,22142.6,3124.98,1,2.0
CUST23562,Rahul Pradhan,22137.3,1249.54,1,3.0
CUST20495,Vikas Pradhan,22127.2,3247.9,1,1.0
CUST14236,Manish Dutta,22121.600000000002,1797.66,1,2.0
CUST14832,Sneha Jain,22116.149999999998,1645.86,1,1.0
CUST18397,Priya Kumar,22114.399999999998,5497.43,1,1.0
CUST21895,Rahul Yadav,22110.3,5205.51,1,1.0
CUST14428,Kavita Mishra,22092.0,3660.03,1,4.0
CUST24314,Priya Reddy,22088.5,3576.1,1,1.0
CUST14793,Anjali Sharma,22080.0,5267.32,1,4.0
CUST10027,Amit Mohanty,22053.5,2954.2,1,5.0
CUST28781,Vivek Reddy,22046.4,3014.18,1,2.0
CUST11930,Rohit Kumar,22021.600000000002,1492.22,1,1.0
CUST16998,Vivek Pradhan,22009.05,4562.67,1,3.0
CUST19286,Karan Sahu,21991.899999999998,5278.53,1,1.0
CUST26257,Neha Yadav,21989.7,2246.72,1,1.0
CUST24251,Suresh Yadav,21982.05,3727.2,1,1.0
CUST15805,Arjun Mehta,21976.2,4899.83,1,2.0
CUST18147,Sneha Kumar,21973.5,2449.63,1,1.0
CUST20049,Anjali Verma,21970.199999999997,2032.25,1,2.0
CUST11708,Vikas Singh,21929.6,2920.54,1,2.0
CUST18289,Neha Yadav,21915.6,4512.98,1,3.0
CUST28588,Manish Mishra,21914.7,3918.87,1,3.0
CUST22561,Sneha Nayak,21905.100000000002,1427.63,1,1.0
CUST14459,Priya Mehta,21902.8,5066.46,1,1.0
CUST14517,Arjun Kumar,21894.0,3359.76,1,1.0
CUST20736,Deepak Singh,21889.899999999998,1977.45,1,1.0
CUST26272,Ankit Dutta,21884.800000000003,3527.07,1,4.0
CUST28359,Raj Das,21884.0,1983.82,1,1.0
CUST13438,Amit Verma,21882.699999999997,2599.36,1,1.0
CUST24981,Akash Singh,21856.8,3499.53,1,2.0
CUST22994,Rahul Verma,21855.7,4080.13,1,1.0
CUST11973,Akash Singh,21843.0,2935.57,1,3.0
CUST15529,Raj Verma,21836.800000000003,5008.17,1,1.0
CUST15941,Manish Pradhan,21828.0,3897.99,1,3.0
CUST10211,Manish Mohanty,21824.0,5218.98,1,2.0
CUST13418,Suresh Mehta,21820.35,4006.8,1,3.0
CUST14098,Rahul Sharma,21796.2,3042.31,1,2.0
CUST28704,Raj Nayak,21795.2,2733.19,1,1.0
CUST28848,Neha Das,21793.149999999998,2645.25,1,1.0
CUST11121,Shreya Verma,21790.6,3185.87,1,2.0
CUST24449,Riya Gupta,21770.2,1995.13,1,1.0
CUST24252,Arjun Pradhan,21754.8,2763.34,1,4.0
CUST13106,Suresh Singh,21753.199999999997,2838.56,1,2.0
CUST17269,Raj Gupta,21734.100000000002,2017.64,1,1.0
CUST13679,Deepak Jain,21731.95,3281.19,1,1.0
CUST11538,Priya Singh,21730.0,3621.91,1,5.0
CUST25888,Vivek Behera,21720.75,5350.54,1,1.0
CUST19456,Sneha Rao,21716.649999999998,3464.16,1,1.0
CUST11893,Sneha Reddy,21714.75,4407.49,1,3.0
CUST20634,Amit Mishra,21699.2,2948.8,1,1.0
CUST11477,Karan Reddy,21681.0,2671.17,1,3.0
CUST11579,Akash Sahu,21680.1,1302.28,1,3.0
CUST27286,Ankit Reddy,21676.149999999998,2894.07,1,1.0
CUST21650,Sneha Dutta,21675.0,3024.91,1,4.0
CUST13095,Suresh Sahu,21673.5,2130.98,1,1.0
CUST25698,Vikas Patel,21663.0,4631.07,1,2.0
CUST18739,Manish Patel,21660.8,3656.05,1,2.0
CUST27499,Priya Mehta,21628.8,3561.26,1,4.0
CUST10506,Unknown,21598.5,3754.7,1,5.0
CUST13002,Raj Kumar,21589.2,4171.18,1,3.0
CUST25436,Manish Mohanty,21574.0,4791.04,1,2.0
CUST18416,Sanjay Pradhan,21555.2,3701.72,1,1.0
CUST10689,Suresh Mohanty,21543.75,3119.97,1,1.0
CUST16521,Deepak Patel,21518.4,1204.89,1,3.0
CUST23809,Shreya Behera,21475.2,4884.07,1,1.0
CUST25616,Vikas Pradhan,21465.9,4282.7,1,1.0
CUST18819,Priya Jain,21462.0,1077.52,1,4.0
CUST12753,Raj Sharma,21445.5,1600.24,1,1.0
CUST17215,Akash Yadav,21443.8,4761.71,1,2.0
CUST17531,Vikas Dutta,21435.3,1746.77,1,2.0
CUST18063,Amit Dutta,21423.0,4959.8,1,4.0
CUST14814,Riya Das,21414.899999999998,4094.36,1,3.0
CUST13867,Vivek Singh,21404.7,5070.66,1,3.0
CUST15095,Manish Mehta,21399.75,2225.72,1,3.0
CUST16161,Manish Singh,21375.0,2021.49,1,5.0
CUST20829,Arjun Sahu,21353.5,3226.09,1,1.0
CUST10423,Pooja Nayak,21353.5,3198.63,1,1.0
CUST10431,Raj Gupta,21348.0,3687.39,1,4.0
CUST28072,Akash Verma,21346.899999999998,1666.36,1,1.0
CUST19427,Raj Verma,21340.95,2582.67,1,3.0
CUST12766,Anjali Mishra,21340.0,3481.18,1,1.0
CUST21201,Arjun Singh,21337.0,4599.24,1,2.0
CUST26707,Sneha Mehta,21331.5,2758.41,1,1.0
CUST23378,Sanjay Patel,21304.399999999998,1856.34,1,1.0
CUST25700,Pooja Sharma,21295.05,1289.78,1,1.0
CUST24510,Kavita Behera,21290.4,4071.6,1,3.0
CUST17403,Rohit Behera,21290.4,2637.26,1,1.0
CUST28358,Raj Behera,21290.0,3915.82,1,2.0
CUST18229,Manish Reddy,21276.2,4145.91,1,1.0
CUST25278,Nisha Mishra,21269.55,5240.3,1,1.0
CUST15038,Deepak Behera,21247.7,4360.09,1,2.0
CUST12850,Swati Mohanty,21244.800000000003,4170.83,1,3.0
CUST21052,Arjun Dutta,21225.0,4674.8,1,4.0
CUST11155,Pooja Panda,21224.0,4888.91,1,1.0
CUST19880,Shreya Dutta,21214.45,5149.41,1,1.0
CUST10708,Swati Rao,21207.0,4458.41,1,1.0
CUST12225,Karan Jain,21204.0,3224.53,1,1.0
CUST11628,Sneha Mohanty,21200.0,3021.35,1,4.0
CUST12434,Sanjay Patel,21198.4,3131.27,1,1.0
CUST10930,Suresh Gupta,21180.800000000003,2490.73,1,1.0
CUST17139,Riya Pradhan,21180.25,3719.61,1,1.0
CUST12550,Rahul Mishra,21177.75,3396.77,1,5.0
CUST23805,Ankit Reddy,21177.0,2967.62,1,4.0
CUST14638,Nisha Singh,21160.75,2815.71,1,1.0
CUST24392,Arjun Mehta,21150.4,2993.2,1,1.0
CUST17306,Neha Mishra,21144.6,1213.3,1,1.0
CUST19498,Riya Mohanty,21141.9,2384.8,1,1.0
CUST21914,Swati Nayak,21135.75,5004.95,1,1.0
CUST11428,Pooja Pradhan,21132.0,2658.93,1,4.0
CUST26741,Anjali Yadav,21120.0,1624.38,1,1.0
CUST12306,Vivek Mohanty,21113.399999999998,1846.35,1,3.0
CUST21586,Riya Dutta,21112.0,4094.05,1,4.0
CUST15907,Priya Sharma,21089.25,4471.22,1,3.0
CUST19747,Sneha Verma,21084.0,4372.03,1,1.0
CUST12744,Riya Verma,21055.5,2073.05,1,2.0
CUST13773,Vikas Mehta,21042.6,3653.73,1,1.0
CUST25468,Raj Sahu,21039.0,3953.32,1,1.0
CUST20621,Shreya Jain,21029.600000000002,2000.75,1,1.0
CUST14458,Anjali Nayak,21024.0,1298.68,1,5.0
CUST16642,Riya Jain,21012.1,3124.28,1,2.0
CUST26170,Shreya Mishra,21012.0,1828.58,1,4.0
CUST12652,Swati Jain,21009.600000000002,4424.11,1,1.0
CUST19457,Sneha Yadav,21006.4,5074.56,1,1.0
CUST27779,Manish Rao,20990.899999999998,5142.23,1,1.0
CUST18969,Ankit Panda,20990.0,4689.49,1,5.0
CUST21899,Arjun Sharma,20961.75,3297.78,1,1.0
CUST18340,Ankit Rao,20952.5,4717.48,1,5.0
CUST13526,Sanjay Mohanty,20944.649999999998,4938.1,1,1.0
CUST26838,Swati Pradhan,20927.55,2617.33,1,1.0
CUST17579,Amit Mishra,20903.0,1857.27,1,1.0
CUST23537,Karan Panda,20896.2,2758.35,1,1.0
CUST10824,Anjali Kumar,20865.8,4356.34,1,2.0
CUST23748,Rohit Sahu,20859.0,2676.57,1,3.0
CUST10704,Raj Mishra,20842.0,5035.34,1,2.0
CUST17721,Deepak Rao,20829.0,2685.51,1,1.0
CUST21992,Manish Verma,20826.399999999998,4492.81,1,4.0
CUST11125,Sanjay Pradhan,20824.0,3966.54,1,1.0
CUST19556,Abhishek Singh,20815.2,5184.14,1,1.0
CUST26652,Ankit Nayak,20782.0,4463.09,1,2.0
CUST15938,Neha Pradhan,20770.6,3075.83,1,2.0
CUST14503,Karan Jain,20757.0,5064.0,1,1.0
CUST24323,Amit Sahu,20754.45,4419.52,1,3.0
CUST14104,Abhishek Panda,20750.4,4156.45,1,2.0
CUST24438,Swati Jain,20730.0,2669.79,1,1.0
CUST24343,Vikas Nayak,20700.0,4662.69,1,1.0
CUST13350,Pooja Panda,20688.149999999998,1740.53,1,1.0
CUST18477,Raj Kumar,20678.4,3105.91,1,3.0
CUST12936,Manish Sahu,20677.95,2560.77,1,3.0
CUST24713,Nisha Panda,20676.0,4221.03,1,4.0
CUST15404,Manish Reddy,20675.8,2566.19,1,2.0
CUST10917,Abhishek Rao,20670.0,4440.31,1,2.0
CUST13486,Akash Sharma,20666.25,3614.14,1,3.0
CUST25976,Priya Pradhan,20647.5,2577.24,1,1.0
CUST10074,Vivek Kumar,20643.2,1609.23,1,4.0
CUST10269,Priya Sharma,20641.399999999998,4777.24,1,4.0
CUST15796,Deepak Gupta,20640.199999999997,1683.46,1,2.0
CUST20287,Ankit Jain,20640.0,5063.27,1,2.0
CUST21296,Rahul Verma,20635.2,2004.07,1,4.0
CUST13924,Deepak Mohanty,20622.0,3764.8,1,1.0
CUST18403,Karan Patel,20619.3,1641.72,1,2.0
CUST22579,Rohit Jain,20615.899999999998,3560.37,1,2.0
CUST15534,Unknown,20598.0,2020.34,1,3.0
CUST14864,Arjun Mishra,20559.149999999998,1280.82,1,3.0
CUST25114,Arjun Reddy,20550.600000000002,3915.43,1,2.0
CUST14364,Nisha Mehta,20535.899999999998,4276.55,1,3.0
CUST18438,Suresh Verma,20534.5,4642.72,1,5.0
CUST20413,Abhishek Yadav,20520.0,4953.63,1,1.0
CUST11356,Arjun Yadav,20508.0,4488.89,1,2.0
CUST10797,Abhishek Yadav,20508.0,2396.22,1,1.0
CUST21486,Pooja Nayak,20486.7,1408.58,1,1.0
CUST19505,Sneha Sahu,20481.75,1550.45,1,1.0
CUST24176,Neha Jain,20450.25,2604.52,1,1.0
CUST23964,Riya Patel,20443.5,1819.38,1,5.0
CUST26899,Nisha Gupta,20441.600000000002,2395.52,1,1.0
CUST23534,Swati Jain,20440.800000000003,1024.98,1,1.0
CUST22264,Vikas Mishra,20421.8,4487.44,1,2.0
CUST12289,Nisha Jain,20418.3,3619.94,1,1.0
CUST21474,Kavita Reddy,20409.600000000002,4119.09,1,3.0
CUST16807,Ankit Reddy,20409.0,1636.19,1,1.0
CUST15253,Riya Das,20405.1,3272.64,1,1.0
CUST13569,Arjun Sahu,20388.600000000002,4854.78,1,2.0
CUST15017,Vikas Dutta,20382.0,3681.09,1,4.0
CUST26928,Ankit Reddy,20381.3,4624.51,1,1.0
CUST10275,Karan Sharma,20379.0,4206.29,1,1.0
CUST26152,Manish Kumar,20376.0,4848.18,1,1.0
CUST28935,Shreya Nayak,20371.8,3181.34,1,3.0
CUST18236,Suresh Singh,20365.2,3249.753533333333,1,1.0
CUST24759,Ankit Rao,20355.8,4438.81,1,4.0
CUST12466,Abhishek Patel,20337.1,1845.53,1,1.0
CUST11804,Kavita Dutta,20335.5,2461.55,1,5.0
CUST10692,Manish Mishra,20334.3,4738.57,1,1.0
CUST25265,Ankit Singh,20323.8,3565.66,1,1.0
CUST17724,Priya Behera,20318.4,1154.93,1,2.0
CUST18741,Shreya Singh,20307.600000000002,3294.35,1,4.0
CUST20866,Raj Reddy,20301.5,4217.2,1,1.0
CUST25209,Neha Nayak,20299.3,2010.37,1,1.0
CUST12840,Arjun Dutta,20286.0,1114.13,1,4.0
CUST10766,Pooja Pradhan,20282.5,1234.03,1,5.0
CUST22186,Nisha Sahu,20282.0,4879.61,1,1.0
CUST22600,Sneha Panda,20280.600000000002,4856.14,1,1.0
CUST14667,Kavita Pradhan,20274.0,3276.04,1,1.0
CUST19338,Karan Nayak,20259.399999999998,3552.84,1,1.0
CUST13423,Manish Jain,20253.0,1777.38,1,4.0
CUST14495,Sanjay Singh,20235.95,1273.66,1,1.0
CUST26548,Swati Panda,20229.0,3963.53,1,2.0
CUST28403,Manish Patel,20208.0,2699.98,1,4.0
CUST14875,Swati Rao,20200.5,3722.28,1,5.0
CUST21064,Suresh Dutta,20196.85,4998.1,1,1.0
CUST24271,Amit Patel,20182.5,3231.34,1,5.0
CUST21789,Arjun Singh,20181.55,2695.42,1,1.0
CUST27313,Rohit Mehta,20165.6,3712.1,1,4.0
CUST13336,Suresh Sahu,20136.600000000002,2962.98,1,2.0
CUST15690,Neha Mohanty,20133.0,3326.05,1,1.0
CUST23607,Anjali Behera,20113.5,1942.72,1,2.0
CUST21061,Arjun Rao,20106.8,3713.84,1,4.0
CUST26354,Manish Yadav,20096.0,4615.64,1,4.0
CUST23631,Deepak Panda,20073.0,1683.81,1,3.0
CUST13735,Karan Das,20072.0,1866.31,1,5.0
CUST12080,Ankit Mishra,20070.0,2866.9,1,5.0
CUST22544,Suresh Kumar,20065.899999999998,2173.37,1,1.0
CUST26974,Neha Rao,20057.600000000002,1065.23,1,2.0
CUST27274,Vikas Reddy,20046.6,2068.5,1,2.0
CUST10600,Karan Yadav,20024.0,3933.59,1,1.0
CUST16292,Manish Yadav,20020.899999999998,4553.86,1,2.0
CUST23079,Abhishek Das,19994.4,3139.39,1,3.0
CUST23634,Arjun Pradhan,19964.699999999997,2442.43,1,3.0
CUST17991,Kavita Mohanty,19959.0,3800.18,1,1.0
CUST27656,Amit Yadav,19958.4,4249.62,1,3.0
CUST11011,Anjali Kumar,19955.0,3653.8,1,1.0
CUST22024,Anjali Singh,19946.25,1758.87,1,1.0
CUST25850,Raj Mishra,19942.7,3333.24,1,1.0
CUST25117,Shreya Gupta,19920.6,4801.27,1,3.0
CUST25767,Riya Verma,19907.0,4551.77,1,2.0
CUST16891,Shreya Sahu,19881.0,3892.66,1,3.0
CUST22818,Shreya Behera,19878.75,1624.01,1,5.0
CUST12717,Shreya Mohanty,19866.0,3076.25,1,2.0
CUST16453,Priya Dutta,19863.0,4526.49,1,1.0
CUST23514,Nisha Nayak,19847.399999999998,3616.3144,1,1.0
CUST21314,Abhishek Mehta,19846.8,1589.7,1,4.0
CUST11363,Shreya Mishra,19840.7,2663.97,1,2.0
CUST23206,Akash Reddy,19833.899999999998,4661.84,1,2.0
CUST19020,Akash Verma,19827.0,4004.85,1,1.0
CUST11439,Swati Yadav,19821.0,2931.32,1,3.0
CUST28625,Deepak Kumar,19817.75,3110.49,1,5.0
CUST26620,Shreya Patel,19807.5,3439.27,1,2.0
CUST14001,Amit Verma,19804.800000000003,1546.91,1,1.0
CUST17730,Riya Jain,19796.25,1121.7,1,1.0
CUST15615,Vikas Gupta,19780.800000000003,2753.05,1,3.0
CUST23421,Priya Pradhan,19776.95,2709.39,1,1.0
CUST26015,Shreya Das,19748.6,3900.85,1,4.0
CUST21178,Amit Behera,19746.0,4025.38,1,2.0
CUST13771,Manish Panda,19728.0,1687.29,1,2.0
CUST14700,Amit Jain,19728.0,4126.85,1,1.0
CUST23286,Ankit Yadav,19708.800000000003,3728.82,1,3.0
CUST16659,Priya Verma,19701.9,2454.3,1,1.0
CUST16442,Rahul Panda,19701.75,2432.63,1,1.0
CUST25273,Manish Mohanty,19695.600000000002,4757.52,1,4.0
CUST19451,Rahul Reddy,19680.0,2582.36,1,2.0
CUST25743,Akash Rao,19675.0,3907.81,1,1.0
CUST14849,Nisha Reddy,19669.5,3758.33,1,5.0
CUST28661,Raj Das,19657.5,1150.38,1,5.0
CUST26166,Arjun Kumar,19647.0,2025.52,1,2.0
CUST14752,Rohit Dutta,19640.0,1399.51,1,2.0
CUST13422,Neha Mehta,19626.5,3175.91,1,1.0
CUST20714,Ankit Mohanty,19620.0,4357.25,1,3.0
CUST11712,Priya Mohanty,19617.5,1652.35,1,2.0
CUST10718,Vivek Dutta,19596.600000000002,4237.75,1,1.0
CUST17540,Anjali Verma,19579.5,4494.52,1,1.0
CUST19282,Neha Reddy,19573.8,4151.59,1,4.0
CUST22123,Deepak Yadav,19571.2,4683.32,1,1.0
CUST22696,Shreya Gupta,19567.2,4618.98,1,1.0
CUST13480,Vivek Reddy,19562.4,2470.88,1,4.0
CUST24775,Anjali Yadav,19557.0,2744.94,1,2.0
CUST27133,Priya Verma,19546.6,1290.0,1,2.0
CUST22217,Anjali Jain,19534.5,4506.07,1,3.0
CUST22670,Amit Sharma,19520.25,4179.09,1,1.0
CUST10004,Arjun Dutta,19517.600000000002,1877.18,1,1.0
CUST21705,Deepak Yadav,19516.0,3602.4,1,5.0
CUST14345,Arjun Mehta,19503.0,1665.85,1,1.0
CUST13496,Rohit Mehta,19480.5,4748.02,1,1.0
CUST10626,Anjali Dutta,19479.0,1176.62,1,4.0
CUST12625,Unknown,19476.0,3907.27,1,1.0
CUST14283,Anjali Reddy,19457.899999999998,4676.2,1,1.0
CUST25925,Rohit Kumar,19453.5,4563.47,1,5.0
CUST20184,Karan Mehta,19443.0,3842.5,1,2.0
CUST25449,Amit Singh,19422.0,1299.89,1,4.0
CUST26790,Riya Jain,19418.4,2971.49,1,3.0
CUST25591,Rahul Nayak,19412.3,2810.11,1,1.0
CUST21868,Shreya Pradhan,19403.75,3849.33,1,5.0
CUST28454,Sanjay Das,19402.1,4224.34,1,1.0
CUST21800,Suresh Das,19397.0,3445.36,1,2.0
CUST15855,Karan Pradhan,19379.2,4031.56,1,2.0
CUST28296,Priya Rao,19376.0,3089.77,1,4.0
CUST15397,Karan Dutta,19362.600000000002,2565.3,1,2.0
CUST23399,Anjali Patel,19325.6,2681.17,1,2.0
CUST28666,Raj Panda,19306.8,1432.42,1,2.0
CUST10141,Raj Mehta,19305.0,1341.29,1,5.0
CUST10434,Priya Mohanty,19286.399999999998,2190.87,1,1.0
CUST16572,Neha Sharma,19275.899999999998,4210.3,1,3.0
CUST28122,Manish Pradhan,19272.0,4815.86,1,3.0
CUST22858,Rohit Sharma,19270.8,4570.41,1,4.0
CUST13910,Abhishek Kumar,19266.3,1525.58,1,1.0
CUST28952,Amit Mishra,19253.7,3320.23,1,3.0
CUST14295,Deepak Nayak,19251.2,4329.93,1,2.0
CUST12113,Anjali Mohanty,19242.0,1548.15,1,2.0
CUST28893,Sneha Nayak,19240.6,1050.95,1,2.0
CUST13322,Suresh Patel,19237.5,3532.66,1,5.0
CUST15005,Rohit Verma,19220.4,4269.34,1,4.0
CUST23650,Riya Mishra,19213.2,4497.45,1,1.0
CUST16075,Arjun Behera,19211.4,4302.12,1,2.0
CUST26471,Vivek Jain,19194.0,3028.74,1,4.0
CUST12394,Priya Mehta,19190.0,4679.56,1,1.0
CUST23256,Riya Patel,19169.600000000002,4173.83,1,1.0
CUST20705,Neha Jain,19159.0,4281.11,1,1.0
CUST24766,Karan Singh,19151.0,2624.06,1,1.0
CUST23385,Anjali Mohanty,19148.5,4376.11,1,5.0
CUST19760,Manish Kumar,19148.4,1763.35,1,2.0
CUST16738,Amit Kumar,19134.899999999998,1385.94,1,1.0
CUST17385,Deepak Dutta,19128.0,4403.22,1,4.0
CUST22120,Nisha Dutta,19122.45,3362.09,1,1.0
CUST25217,Rahul Yadav,19117.35,2703.38,1,1.0
CUST22995,Priya Rao,19105.8,1876.11,1,1.0
CUST20616,Suresh Mehta,19104.75,957.5,1,3.0
CUST24320,Abhishek Das,19099.8,2224.04,1,3.0
CUST14465,Swati Behera,19089.600000000002,2107.9,1,1.0
CUST16629,Abhishek Dutta,19088.35,4679.66,1,1.0
CUST15391,Shreya Behera,19080.6,1181.61,1,2.0
CUST26039,Riya Mohanty,19073.25,4741.45,1,3.0
CUST14863,Riya Panda,19072.3,4327.93,1,2.0
CUST14020,Sneha Sharma,19069.2,3217.28,1,2.0
CUST20951,Suresh Reddy,19029.0,1848.3,1,3.0
CUST27265,Anjali Mehta,19020.899999999998,3784.39,1,2.0
CUST23730,Sanjay Singh,18992.399999999998,4684.41,1,4.0
CUST18745,Ankit Das,18982.6,3313.3,1,1.0
CUST11472,Shreya Mehta,18893.25,2804.73,1,1.0
CUST12543,Swati Das,18854.100000000002,1110.49,1,1.0
CUST16792,Vivek Sharma,18853.5,1993.84,1,1.0
CUST10324,Priya Das,18844.8,2076.87,1,3.0
CUST16805,Kavita Rao,18841.199999999997,4117.78,1,2.0
CUST14795,Ankit Sahu,18833.600000000002,2490.88,1,1.0
CUST15995,Akash Verma,18822.75,4440.08,1,1.0
CUST15051,Nisha Mehta,18822.399999999998,4199.55,1,4.0
CUST23968,Swati Das,18820.8,4048.4,1,2.0
CUST13503,Priya Dutta,18819.0,2343.29,1,4.0
CUST12245,Anjali Singh,18813.899999999998,4411.77,1,3.0
CUST24146,Nisha Rao,18812.0,2796.34,1,5.0
CUST18599,Karan Jain,18804.0,3005.11,1,3.0
CUST28417,Swati Reddy,18800.0,1697.78,1,5.0
CUST12107,Manish Sharma,18786.600000000002,952.45,1,3.0
CUST28609,Karan Singh,18785.3,2089.85,1,1.0
CUST27706,Akash Mehta,18775.649999999998,3255.3,1,3.0
CUST19304,Anjali Kumar,18760.6,1556.86,1,4.0
CUST15446,Swati Nayak,18750.4,2855.72,1,2.0
CUST17442,Abhishek Mehta,18731.2,2161.68,1,2.0
CUST21568,Swati Mehta,18708.3,2207.11,1,3.0
CUST18882,Nisha Reddy,18707.399999999998,4358.96,1,3.0
CUST13039,Pooja Pradhan,18699.75,4193.99,1,3.0
CUST22874,Swati Patel,18664.8,1766.8,1,1.0
CUST22241,Arjun Patel,18659.2,1073.94,1,1.0
CUST16971,Rahul Panda,18568.7,2488.37,1,2.0
CUST28067,Abhishek Gupta,18561.0,1412.48,1,2.0
CUST28340,Priya Sahu,18542.7,3490.75,1,1.0
CUST10332,Anjali Reddy,18538.8,3722.09,1,3.0
CUST24682,Vikas Mishra,18532.55,2300.16,1,1.0
CUST10615,Neha Behera,18522.0,1368.59,1,5.0
CUST25347,Swati Das,18522.0,4398.92,1,3.0
CUST10710,Karan Panda,18519.8,3205.97,1,4.0
CUST22713,Nisha Reddy,18502.2,4490.14,1,4.0
CUST17321,Vikas Das,18497.7,1684.0,1,1.0
CUST15558,Priya Mohanty,18496.8,2304.27,1,1.0
CUST11240,Arjun Mohanty,18496.0,2554.38,1,4.0
CUST23060,Anjali Panda,18453.600000000002,3910.72,1,1.0
CUST20627,Abhishek Yadav,18452.8,1465.95,1,1.0
CUST18546,Kavita Patel,18440.75,3684.07,1,5.0
CUST18081,Kavita Pradhan,18435.600000000002,1735.76,1,1.0
CUST11312,Abhishek Sahu,18435.600000000002,3484.47,1,1.0
CUST16233,Manish Gupta,18422.05,4280.72,1,1.0
CUST14490,Rohit Gupta,18413.85,3398.49,1,1.0
CUST28235,Akash Sharma,18412.899999999998,1743.18,1,2.0
CUST11374,Karan Sahu,18411.0,1512.34,1,5.0
CUST21735,Sneha Rao,18402.5,3327.77,1,1.0
CUST11649,Kavita Singh,18390.399999999998,1499.41,1,2.0
CUST16799,Riya Sharma,18389.0,4099.12,1,1.0
CUST15669,Arjun Sharma,18383.399999999998,4578.8,1,1.0
CUST17813,Manish Kumar,18378.0,4159.51,1,1.0
CUST16032,Swati Reddy,18377.75,2832.23,1,5.0
CUST19139,Sanjay Mehta,18374.0,4567.23,1,1.0
CUST10124,Rahul Panda,18367.5,2639.55,1,2.0
CUST14216,Swati Gupta,18367.5,4397.84,1,5.0
CUST25159,Deepak Sahu,18367.3,3446.23,1,1.0
CUST14932,Nisha Verma,18364.5,3120.7,1,5.0
CUST28586,Arjun Sahu,18353.3,1971.4,1,1.0
CUST16523,Kavita Sahu,18351.899999999998,3259.1,1,3.0
CUST26879,Suresh Gupta,18351.75,2777.13,1,1.0
CUST21582,Nisha Singh,18351.0,2286.81,1,3.0
CUST26993,Abhishek Pradhan,18322.0,3029.23,1,2.0
CUST20024,Ankit Rao,18320.0,3580.91,1,1.0
CUST27354,Suresh Singh,18310.3,4128.48,1,2.0
CUST12837,Rohit Dutta,18298.8,3408.26,1,4.0
CUST24119,Ankit Jain,18296.100000000002,4546.81,1,1.0
CUST20272,Rohit Nayak,18289.600000000002,1451.25,1,1.0
CUST23927,Akash Verma,18276.1,2745.51,1,1.0
CUST24103,Pooja Reddy,18270.0,4006.9,1,2.0
CUST12692,Shreya Sahu,18261.0,1071.13,1,1.0
CUST21479,Sanjay Nayak,18258.75,1447.16,1,5.0
CUST28896,Rahul Reddy,18248.0,2884.82,1,1.0
CUST25650,Deepak Yadav,18247.6,2440.99,1,4.0
CUST20357,Rohit Dutta,18247.2,2836.44,1,3.0
CUST22882,Manish Singh,18236.75,1163.82,1,1.0
CUST14422,Rahul Mehta,18234.0,2230.26,1,4.0
CUST25017,Nisha Pradhan,18216.0,2327.95,1,1.0
CUST15457,Kavita Patel,18202.75,3047.67,1,5.0
CUST16268,Vivek Mehta,18198.0,1919.88,1,2.0
CUST28149,Shreya Rao,18173.5,1864.35,1,5.0
CUST23462,Nisha Yadav,18166.85,1600.11,1,1.0
CUST12415,Suresh Singh,18149.6,915.04,1,2.0
CUST18244,Suresh Mohanty,18144.0,2859.0277333333283,1,5.0
CUST15818,Pooja Panda,18141.0,2690.3,1,4.0
CUST15492,Raj Yadav,18139.0,1255.73,1,1.0
CUST19032,Shreya Sharma,18137.0,3293.86,1,2.0
CUST22036,Neha Dutta,18136.0,2316.83,1,2.0
CUST12316,Nisha Singh,18127.199999999997,2466.89,1,4.0
CUST25569,Deepak Sharma,18118.0,1036.46,1,2.0
CUST25529,Priya Mishra,18112.0,3121.85,1,1.0
CUST20965,Rahul Mishra,18105.5,2217.41,1,1.0
CUST20919,Amit Sharma,18079.5,2504.08,1,2.0
CUST21132,Swati Singh,18075.0,3392.17,1,2.0
CUST14186,Akash Kumar,18072.0,1661.37,1,4.0
CUST26628,Vivek Sahu,18065.7,3772.94,1,3.0
CUST11765,Suresh Reddy,18060.0,3826.84,1,5.0
CUST18180,Manish Sahu,18046.4,4195.2,1,2.0
CUST22596,Vikas Kumar,18037.5,2964.19,1,5.0
CUST12735,Deepak Pradhan,18025.0,4112.98,1,5.0
CUST12191,Abhishek Behera,18022.4,1664.79,1,4.0
CUST22086,Amit Patel,18020.0,4397.18,1,1.0
CUST24284,Suresh Dutta,18009.0,2389.99,1,2.0
CUST18349,Swati Sharma,18003.3,1594.81,1,1.0
CUST15435,Manish Behera,18000.0,4231.74,1,3.0
CUST14886,Abhishek Dutta,17997.0,4484.73,1,1.0
CUST23984,Nisha Pradhan,17993.5,1222.98,1,1.0
CUST27614,Amit Behera,17968.0,3867.14,1,4.0
CUST18780,Deepak Mehta,17950.8,4281.58,1,2.0
CUST14660,Raj Dutta,17943.0,3228.0,1,3.0
CUST12261,Riya Mohanty,17941.0,4393.08,1,5.0
CUST27628,Abhishek Verma,17937.75,1628.3,1,1.0
CUST19951,Amit Dutta,17923.5,2819.24,1,3.0
CUST22188,Unknown,17913.75,4464.72,1,5.0
CUST23871,Neha Patel,17910.75,2219.06,1,1.0
CUST11660,Manish Kumar,17907.399999999998,2469.94,1,2.0
CUST23279,Rohit Patel,17878.5,4054.73,1,3.0
CUST25727,Swati Panda,17860.5,2467.42,1,3.0
CUST26693,Riya Reddy,17850.0,3759.97,1,1.0
CUST19206,Suresh Reddy,17843.2,3585.58,1,1.0
CUST24122,Vikas Mehta,17838.0,3363.31,1,3.0
CUST14085,Kavita Behera,17824.8,1337.8,1,1.0
CUST24149,Riya Nayak,17824.5,4215.43,1,3.0
CUST14507,Suresh Yadav,17824.5,4009.5,1,1.0
CUST18305,Swati Rao,17820.75,3986.37,1,1.0
CUST10866,Unknown,17799.0,2371.6,1,5.0
CUST19879,Neha Das,17768.8,4067.71,1,1.0
CUST17039,Sneha Yadav,17755.5,3232.88,1,3.0
CUST25232,Sneha Mishra,17752.5,3293.25,1,2.0
CUST25418,Deepak Jain,17749.899999999998,3606.74,1,1.0
CUST17358,Neha Mishra,17744.4,1656.95,1,4.0
CUST27593,Sneha Yadav,17730.8,1361.83,1,2.0
CUST12775,Deepak Jain,17721.9,1016.88,1,1.0
CUST16048,Kavita Rao,17717.0,3141.37,1,1.0
CUST20008,Vivek Jain,17702.4,3927.94,1,3.0
CUST23062,Suresh Panda,17690.2,3703.57,1,2.0
CUST11066,Shreya Rao,17675.0,4310.05,1,1.0
CUST15440,Amit Patel,17673.75,2768.18,1,1.0
CUST18622,Akash Rao,17673.0,2345.62,1,4.0
CUST23434,Anjali Sahu,17668.0,4156.93,1,2.0
CUST11996,Akash Pradhan,17667.149999999998,1670.6,1,3.0
CUST18838,Rohit Kumar,17664.75,4334.57,1,1.0
CUST16806,Manish Sharma,17656.2,2592.93,1,2.0
CUST16896,Arjun Sahu,17642.8,1952.48,1,2.0
CUST25306,Vivek Rao,17637.75,3847.06,1,1.0
CUST17521,Neha Behera,17631.6,897.01,1,4.0
CUST28314,Akash Sahu,17618.4,3094.65,1,4.0
CUST10178,Swati Mishra,17610.3,3057.33,1,3.0
CUST16541,Unknown,17597.55,1077.33,1,3.0
CUST11293,Arjun Behera,17590.5,2535.71,1,3.0
CUST20673,Kavita Kumar,17585.13,1037.79,1,3.0
CUST20165,Shreya Jain,17572.5,3705.93,1,5.0
CUST10255,Riya Das,17552.5,1010.96,1,5.0
CUST10109,Akash Mehta,17551.8,2711.82,1,1.0
CUST23468,Shreya Reddy,17547.3,4215.13,1,1.0
CUST11133,Akash Kumar,17537.1,1546.59,1,3.0
CUST25299,Sanjay Mohanty,17529.600000000002,2913.83,1,4.0
CUST11123,Arjun Kumar,17524.0,3195.24,1,5.0
CUST22817,Pooja Reddy,17516.25,3288.25,1,1.0
CUST15673,Raj Rao,17505.0,2829.94,1,1.0
CUST15467,Kavita Rao,17492.4,2672.97,1,4.0
CUST24181,Akash Mishra,17484.0,2730.62,1,1.0
CUST28416,Rohit Singh,17479.8,1652.83,1,3.0
CUST28320,Amit Sahu,17475.0,4227.16,1,2.0
CUST13920,Arjun Pradhan,17461.600000000002,2927.6,1,1.0
CUST17276,Rahul Mohanty,17455.199999999997,3731.15,1,4.0
CUST19040,Nisha Yadav,17439.0,2456.06,1,3.0
CUST24786,Swati Mehta,17436.3,2314.01,1,2.0
CUST17892,Amit Yadav,17421.1,1396.82,1,1.0
CUST18665,Sneha Jain,17421.0,2475.93,1,1.0
CUST26568,Vivek Panda,17416.5,4094.48,1,5.0
CUST10085,Vivek Patel,17415.399999999998,4069.82,1,2.0
CUST25046,Rahul Yadav,17408.25,1537.15,1,3.0
CUST24160,Vivek Yadav,17364.199999999997,3645.01,1,1.0
CUST28350,Suresh Reddy,17357.199999999997,3833.74,1,4.0
CUST27671,Deepak Pradhan,17347.5,3352.43,1,1.0
CUST26221,Rohit Reddy,17347.0,1191.42,1,5.0
CUST20147,Anjali Das,17340.0,3396.67,1,5.0
CUST21287,Amit Mohanty,17332.2,4267.35,1,2.0
CUST15623,Manish Mishra,17311.95,1158.12,1,1.0
CUST17420,Ankit Reddy,17310.0,3755.54,1,2.0
CUST25791,Suresh Gupta,17307.9,2620.5,1,1.0
CUST10060,Ankit Kumar,17299.8,2888.26,1,1.0
CUST20265,Suresh Das,17283.2,3529.2,1,4.0
CUST12695,Arjun Pradhan,17277.0,3467.7,1,3.0
CUST22822,Sanjay Singh,17266.5,3738.85,1,1.0
CUST14653,Manish Jain,17260.6,1736.56,1,1.0
CUST10980,Neha Mehta,17258.4,1400.97,1,2.0
CUST10789,Sneha Sharma,17258.399999999998,3317.98,1,4.0
CUST11018,Karan Sharma,17227.699999999997,1934.12,1,1.0
CUST17072,Arjun Das,17227.5,892.17,1,1.0
CUST27745,Priya Jain,17224.0,2852.05,1,4.0
CUST21139,Manish Kumar,17214.95,2977.63,1,1.0
CUST23088,Ankit Mehta,17203.5,2903.33,1,3.0
CUST10451,Shreya Jain,17199.0,3494.74,1,1.0
CUST26734,Unknown,17184.0,2200.31,1,2.0
CUST16856,Nisha Behera,17182.5,1284.62,1,2.0
CUST16963,Rohit Reddy,17179.2,3697.45,1,3.0
CUST15684,Anjali Mehta,17178.5,3016.86,1,5.0
CUST17298,Vivek Mehta,17176.5,2530.14,1,5.0
CUST20768,Suresh Yadav,17167.5,1523.96,1,1.0
CUST14317,Abhishek Nayak,17151.3,4165.41,1,3.0
CUST24748,Ankit Sharma,17127.5,2941.77,1,5.0
CUST14574,Swati Kumar,17116.0,1500.49,1,2.0
CUST21473,Riya Behera,17106.25,1704.9,1,1.0
CUST21146,Ankit Mishra,17104.5,3522.96,1,1.0
CUST25766,Anjali Mohanty,17100.0,1010.0,1,5.0
CUST18491,Deepak Mishra,17080.75,2699.27,1,1.0
CUST15054,Arjun Singh,17054.399999999998,3906.49,1,1.0
CUST25838,Suresh Reddy,17053.600000000002,2429.97,1,1.0
CUST17490,Raj Das,17043.2,4096.29,1,4.0
CUST27784,Akash Gupta,17034.0,3682.62,1,2.0
CUST11953,Rohit Verma,17034.0,3308.92,1,3.0
CUST14310,Deepak Kumar,17031.0,3316.74,1,2.0
CUST11860,Pooja Dutta,17028.2,1394.47,1,1.0
CUST11730,Ankit Singh,17010.0,3933.62,1,4.0
CUST18883,Manish Sharma,17008.8,1095.31,1,3.0
CUST18656,Pooja Mishra,17005.0,2703.06,1,5.0
CUST12522,Deepak Das,16988.1,3541.19,1,3.0
CUST24916,Vikas Das,16982.149999999998,1488.86,1,1.0
CUST18608,Kavita Patel,16948.8,4142.59,1,1.0
CUST15004,Anjali Rao,16943.96,1185.28,1,4.0
CUST15532,Swati Jain,16937.2,1693.54,1,1.0
CUST16060,Manish Rao,16920.0,3829.85,1,2.0
CUST12760,Riya Gupta,16895.75,1920.5,1,1.0
CUST16486,Neha Behera,16884.0,3588.53,1,3.0
CUST20295,Sneha Mohanty,16881.2,2563.98,1,4.0
CUST17503,Amit Jain,16875.05,3775.64,1,1.0
CUST14097,Karan Mishra,16874.2,3603.56,1,2.0
CUST14280,Amit Behera,16868.0,1093.81,1,1.0
CUST11175,Suresh Yadav,16867.2,2242.06,1,3.0
CUST12577,Neha Dutta,16862.25,1667.67,1,1.0
CUST16853,Arjun Sharma,16856.0,3197.98,1,2.0
CUST12295,Shreya Nayak,16855.2,2386.93,1,1.0
CUST18880,Ankit Sahu,16851.25,3575.22,1,1.0
CUST14816,Neha Patel,16840.5,2413.71,1,2.0
CUST25734,Sneha Dutta,16837.8,3957.03,1,1.0
CUST18773,Deepak Mishra,16831.5,3872.65,1,1.0
CUST16324,Raj Yadav,16828.8,3503.63,1,2.0
CUST16771,Nisha Das,16828.0,3534.24,1,5.0
CUST28186,Vikas Mehta,16825.75,1673.08,1,1.0
CUST25678,Deepak Reddy,16786.649999999998,1924.4,1,3.0
CUST25049,Riya Behera,16785.8,1533.49,1,2.0
CUST27678,Manish Pradhan,16785.3,1157.59,1,1.0
CUST17596,Priya Patel,16783.649999999998,3126.28,1,3.0
CUST27110,Deepak Singh,16772.0,1147.58,1,4.0
CUST12719,Suresh Jain,16762.0,3188.79,1,4.0
CUST14446,Rohit Verma,16760.0,4050.8,1,1.0
CUST25941,Sneha Patel,16755.2,2657.5,1,1.0
CUST28066,Abhishek Singh,16752.399999999998,3841.3,1,1.0
CUST21329,Pooja Patel,16734.8,2981.87,1,2.0
CUST21515,Sneha Mishra,16722.0,3780.32,1,3.0
CUST27147,Vivek Nayak,16719.5,3938.34,1,5.0
CUST10200,Neha Panda,16713.2,3294.19,1,4.0
CUST11375,Neha Mohanty,16712.399999999998,1048.96,1,3.0
CUST25579,Nisha Singh,16707.600000000002,3073.66,1,1.0
CUST23228,Riya Jain,16693.5,1904.88,1,1.0
CUST21259,Raj Kumar,16678.7,3090.99,1,2.0
CUST25150,Rohit Mehta,16672.8,4119.81,1,3.0
CUST10611,Pooja Mohanty,16671.0,3517.98,1,4.0
CUST26524,Riya Jain,16658.25,3148.13,1,5.0
CUST19598,Karan Behera,16656.0,3580.3,1,2.0
CUST13453,Abhishek Jain,16648.75,2521.45,1,1.0
CUST23945,Karan Sharma,16634.5,4138.05,1,2.0
CUST19568,Rahul Rao,16611.0,3682.45,1,2.0
CUST28256,Swati Rao,16592.0,2234.65,1,5.0
CUST25615,Ankit Singh,16582.25,2846.89,1,1.0
CUST21987,Amit Nayak,16581.600000000002,1462.36,1,4.0
CUST20912,Priya Sharma,16579.399999999998,1142.74,1,2.0
CUST21225,Amit Sahu,16571.25,2397.03,1,3.0
CUST28272,Kavita Yadav,16565.5,1954.39,1,5.0
CUST20471,Rohit Pradhan,16560.9,3396.28,1,1.0
CUST15849,Sneha Singh,16546.5,4025.63,1,1.0
CUST12406,Swati Behera,16527.0,2734.15,1,3.0
CUST10039,Rohit Behera,16520.0,3270.66,1,1.0
CUST20583,Suresh Patel,16520.0,1231.47,1,2.0
CUST18670,Swati Sahu,16513.2,2973.84,1,4.0
CUST16461,Suresh Gupta,16511.6,1213.19,1,1.0
CUST11772,Vikas Gupta,16488.75,2144.45,1,1.0
CUST10516,Akash Singh,16488.0,3647.15,1,2.0
CUST18211,Rohit Panda,16485.0,3496.51,1,2.0
CUST16151,Arjun Gupta,16464.45,1892.28,1,3.0
CUST12082,Riya Dutta,16456.0,3360.34,1,4.0
CUST15190,Shreya Verma,16418.0,1180.61,1,2.0
CUST27336,Priya Nayak,16406.5,2676.54,1,5.0
CUST23648,Suresh Das,16400.8,2759.57,1,1.0
CUST22643,Rahul Patel,16383.75,1482.38,1,5.0
CUST16147,Riya Jain,16383.6,3671.01,1,3.0
CUST13944,Sanjay Das,16380.0,1056.16,1,1.0
CUST26953,Rahul Yadav,16362.0,844.38,1,1.0
CUST28135,Rohit Behera,16348.5,2073.21,1,5.0
CUST11432,Swati Sharma,16328.0,2927.93,1,1.0
CUST16899,Ankit Das,16326.8,1504.85,1,2.0
CUST26079,Suresh Pradhan,16323.75,1815.4,1,1.0
CUST11547,Arjun Das,16317.0,1275.04,1,1.0
CUST26320,Akash Mehta,16307.0,1368.36,1,1.0
CUST16968,Neha Mohanty,16295.25,3881.75,1,1.0
CUST18636,Sanjay Mohanty,16291.949999999999,1018.45,1,1.0
CUST25038,Nisha Sahu,16285.499999999998,2403.92,1,1.0
CUST13163,Vikas Mishra,16279.199999999999,3599.78,1,3.0
CUST22391,Neha Dutta,16276.800000000001,1835.21,1,2.0
CUST10395,Karan Behera,16276.4,1125.44,1,4.0
CUST20054,Arjun Mohanty,16264.5,2112.78,1,2.0
CUST13985,Abhishek Mohanty,16260.0,2908.94,1,2.0
CUST24807,Neha Panda,16249.8,1551.89,1,1.0
CUST16649,Sanjay Gupta,16248.0,2236.49,1,3.0
CUST19771,Suresh Sharma,16218.999999999998,1295.07,1,2.0
CUST13342,Ankit Gupta,16209.0,3098.99,1,1.0
CUST11389,Vikas Behera,16206.300000000001,3504.24,1,1.0
CUST25386,Kavita Jain,16204.0,2792.28,1,2.0
CUST21371,Neha Mohanty,16193.099999999999,4004.63,1,3.0
CUST11949,Rahul Patel,16186.099999999999,1639.85,1,1.0
CUST20678,Vivek Reddy,16184.0,3723.27,1,1.0
CUST27014,Abhishek Gupta,16155.0,2018.45,1,3.0
CUST13950,Kavita Dutta,16139.0,2474.28,1,1.0
CUST21155,Vivek Mishra,16123.4,945.4,1,4.0
CUST22087,Amit Pradhan,16106.3,3488.1,1,1.0
CUST25348,Ankit Yadav,16101.75,3124.64,1,1.0
CUST14398,Abhishek Mishra,16097.9,2220.79,1,1.0
CUST24243,Neha Jain,16078.999999999998,2412.68,1,2.0
CUST14474,Deepak Gupta,16068.499999999998,1401.6,1,5.0
CUST27660,Arjun Reddy,16054.5,2129.53,1,1.0
CUST18329,Karan Jain,16045.0,1874.67,1,1.0
CUST26699,Deepak Mishra,16030.15,3036.25,1,1.0
CUST24439,Sneha Panda,16028.599999999999,2670.89,1,2.0
CUST21943,Swati Jain,16028.4,966.73,1,3.0
CUST27605,Karan Kumar,16004.25,2861.28,1,1.0
CUST19514,Pooja Kumar,16004.0,2613.41,1,4.0
CUST25095,Priya Rao,16002.1,3529.41,1,1.0
CUST18325,Abhishek Behera,15997.0,2152.07,1,1.0
CUST10046,Swati Reddy,15994.199999999999,3169.97,1,4.0
CUST23161,Arjun Dutta,15975.0,2357.4,1,3.0
CUST11256,Riya Kumar,15963.0,3607.34,1,1.0
CUST18308,Manish Sahu,15959.6,1246.7,1,4.0
CUST13147,Neha Yadav,15956.25,2449.78,1,5.0
CUST20845,Priya Patel,15956.199999999999,1184.09,1,4.0
CUST10894,Manish Gupta,15944.0,3165.59,1,2.0
CUST23122,Abhishek Pradhan,15935.0,3349.78,1,5.0
CUST22735,Suresh Singh,15925.5,1267.74,1,3.0
CUST15290,Nisha Kumar,15915.0,1941.48,1,3.0
CUST25920,Sanjay Nayak,15908.199999999999,3286.53,1,2.0
CUST19766,Manish Singh,15899.0,3822.34,1,1.0
CUST26905,Ankit Verma,15888.0,3690.23,1,1.0
CUST24568,Raj Verma,15879.699999999999,2260.87,1,1.0
CUST12005,Amit Rao,15860.0,2957.59,1,2.0
CUST10180,Manish Nayak,15858.0,3299.54,1,3.0
CUST17125,Abhishek Reddy,15854.400000000001,2674.68,1,2.0
CUST24372,Vikas Jain,15837.6,1285.27,1,3.0
CUST20224,Manish Nayak,15825.599999999999,3208.35,1,1.0
CUST15882,Nisha Nayak,15820.0,977.67,1,2.0
CUST22870,Sneha Pradhan,15817.199999999999,3648.98,1,2.0
CUST12539,Neha Dutta,15810.0,2807.11,1,3.0
CUST12332,Priya Singh,15792.0,913.47,1,5.0
CUST21904,Nisha Kumar,15790.449999999999,3537.5,1,1.0
CUST11413,Kavita Reddy,15788.05,2336.98,1,1.0
CUST19637,Priya Mohanty,15775.199999999999,2290.17,1,1.0
CUST21855,Vikas Behera,15767.499999999998,2313.94,1,1.0
CUST11942,Abhishek Nayak,15758.599999999999,2171.02,1,1.0
CUST11194,Rahul Mehta,15758.25,2378.37,1,1.0
CUST26776,Arjun Panda,15756.449999999999,1660.62,1,1.0
CUST27168,Vikas Gupta,15723.0,3453.09,1,3.0
CUST26695,Vivek Mishra,15717.0,1126.68,1,3.0
CUST16375,Amit Behera,15714.999999999998,3655.16,1,1.0
CUST22753,Karan Mehta,15687.0,3886.71,1,2.0
CUST14765,Suresh Rao,15682.5,3305.16,1,3.0
CUST26372,Deepak Gupta,15640.8,1875.07,1,1.0
CUST12575,Pooja Yadav,15640.0,946.85,1,1.0
CUST20412,Priya Gupta,15628.199999999999,1583.53,1,1.0
CUST11004,Unknown,15626.4,2798.21,1,4.0
CUST26179,Shreya Patel,15624.0,1863.21,1,3.0
CUST10321,Rahul Gupta,15614.1,1665.41,1,3.0
CUST21619,Suresh Dutta,15606.0,3483.24,1,5.0
CUST25263,Karan Mehta,15604.4,1995.54,1,2.0
CUST26893,Nisha Sahu,15602.8,1046.46,1,2.0
CUST14812,Akash Nayak,15589.800000000001,3148.79,1,3.0
CUST27493,Kavita Sharma,15553.800000000001,1383.59,1,1.0
CUST17710,Anjali Dutta,15542.0,2235.25,1,5.0
CUST27881,Rohit Kumar,15528.0,2694.42,1,1.0
CUST26295,Arjun Singh,15492.6,833.12,1,2.0
CUST16485,Vikas Verma,15474.0,1362.99,1,2.0
CUST21270,Pooja Yadav,15465.6,2563.44,1,4.0
CUST18558,Rohit Yadav,15440.0,2446.34,1,1.0
CUST10137,Karan Yadav,15390.0,2771.2,1,5.0
CUST24193,Rohit Kumar,15388.5,3590.66,1,2.0
CUST21902,Priya Panda,15383.25,2178.97,1,1.0
CUST16852,Manish Patel,15374.400000000001,2779.05,1,2.0
CUST23010,Vikas Dutta,15370.0,3187.07,1,5.0
CUST16105,Manish Rao,15359.2,3384.93,1,1.0
CUST18731,Anjali Das,15353.8,1353.33,1,2.0
CUST21550,Kavita Mohanty,15346.8,1081.1,1,1.0
CUST16318,Vikas Nayak,15324.300000000001,1401.63,1,1.0
CUST27652,Vivek Mehta,15320.0,3515.37,1,2.0
CUST18934,Abhishek Jain,15314.0,3774.33,1,2.0
CUST21536,Suresh Kumar,15242.4,2391.29,1,1.0
CUST19047,Shreya Singh,15233.25,927.1,1,5.0
CUST15188,Rohit Gupta,15227.55,869.52,1,1.0
CUST16745,Amit Pradhan,15219.0,979.75,1,2.0
CUST25033,Riya Yadav,15217.5,2808.52,1,5.0
CUST26858,Riya Gupta,15190.5,3723.71,1,1.0
CUST25994,Neha Das,15174.0,2373.39,1,5.0
CUST18476,Suresh Panda,15162.0,2384.53,1,1.0
CUST12619,Anjali Gupta,15159.75,1985.4,1,1.0
CUST26576,Sanjay Reddy,15157.199999999999,2372.63,1,4.0
CUST12920,Raj Mehta,15122.400000000001,2174.98,1,1.0
CUST19858,Rohit Reddy,15120.0,3228.28,1,1.0
CUST11905,Shreya Sharma,15115.5,2078.84,1,1.0
CUST11468,Anjali Yadav,15113.55,885.46,1,1.0
CUST24282,Amit Kumar,15082.5,1861.47,1,5.0
CUST12970,Arjun Gupta,15078.0,2777.35,1,1.0
CUST16699,Shreya Yadav,15071.25,2244.25,1,1.0
CUST24455,Vivek Mehta,15066.0,1103.07,1,5.0
CUST25821,Swati Pradhan,15054.9,1979.39,1,1.0
CUST17115,Riya Reddy,15051.8,3282.71,1,1.0
CUST25942,Rohit Das,15036.800000000001,1318.7,1,1.0
CUST20901,Kavita Sahu,15012.0,3704.24,1,3.0
CUST22800,Priya Mehta,15002.4,1640.66,1,3.0
CUST26956,Swati Pradhan,15002.1,3451.12,1,1.0
CUST19432,Nisha Kumar,15000.0,3717.28,1,4.0
CUST28308,Kavita Rao,14995.4,2758.55,1,2.0
CUST19049,Raj Mehta,14991.0,2222.61,1,3.0
CUST18642,Abhishek Dutta,14985.0,1396.35,1,2.0
CUST21036,Shreya Mohanty,14970.199999999999,803.77,1,1.0
CUST28456,Vikas Rao,14965.949999999999,1707.95,1,1.0
CUST25657,Akash Das,14964.25,3296.87,1,1.0
CUST11199,Vivek Pradhan,14960.4,2085.23,1,1.0
CUST23511,Riya Behera,14955.499999999998,3313.04,1,5.0
CUST12342,Rahul Mohanty,14941.499999999998,1894.44,1,1.0
CUST19634,Shreya Kumar,14939.699999999999,2311.37,1,2.0
CUST25104,Manish Singh,14932.8,3480.17,1,3.0
CUST27557,Swati Pradhan,14931.0,1478.71,1,3.0
CUST11189,Rohit Reddy,14905.6,3083.79,1,4.0
CUST16974,Ankit Panda,14903.1,2360.36,1,1.0
CUST27973,Akash Nayak,14874.15,3283.93,1,1.0
CUST15493,Vivek Gupta,14871.6,3564.84,1,4.0
CUST21995,Akash Jain,14865.199999999999,3379.29,1,1.0
CUST16325,Karan Mehta,14825.699999999999,2769.66,1,3.0
CUST15713,Sanjay Rao,14821.8,2169.35,1,2.0
CUST21692,Abhishek Patel,14820.0,3611.31,1,1.0
CUST16235,Riya Jain,14814.8,1967.09,1,4.0
CUST20409,Swati Panda,14805.0,1776.23,1,1.0
CUST20012,Riya Gupta,14799.75,3254.2,1,1.0
CUST21088,Rohit Pradhan,14796.75,1621.95,1,1.0
CUST15204,Sneha Reddy,14767.2,2927.44,1,4.0
CUST10394,Arjun Gupta,14764.5,1559.43,1,2.0
CUST12688,Rahul Dutta,14732.0,1701.13,1,2.0
CUST21227,Manish Patel,14722.5,869.47,1,1.0
CUST18283,Abhishek Singh,14718.6,949.13,1,3.0
CUST16987,Abhishek Reddy,14711.2,1813.36,1,1.0
CUST13620,Karan Yadav,14702.4,3164.34,1,2.0
CUST19931,Sneha Nayak,14691.0,2283.39,1,1.0
CUST27634,Swati Gupta,14690.55,2644.62,1,1.0
CUST17209,Raj Rao,14688.0,3164.95,1,3.0
CUST13259,Arjun Gupta,14681.25,3207.33,1,1.0
CUST17939,Kavita Pradhan,14678.999999999998,2156.64,1,5.0
CUST17925,Sneha Kumar,14673.4,2033.33,1,1.0
CUST22699,Deepak Mehta,14671.999999999998,2773.76,1,4.0
CUST24080,Swati Sahu,14653.8,2457.65,1,2.0
CUST23505,Sanjay Gupta,14637.699999999999,1818.89,1,1.0
CUST27541,Shreya Sahu,14632.2,1899.89,1,2.0
CUST14670,Karan Rao,14620.0,2166.6,1,1.0
CUST13816,Deepak Patel,14611.2,2278.39,1,2.0
CUST13404,Abhishek Panda,14610.0,3209.42,1,2.0
CUST22658,Karan Singh,14604.0,2056.98,1,4.0
CUST23832,Suresh Singh,14594.400000000001,2855.02,1,1.0
CUST17512,Anjali Das,14582.7,1511.17,1,3.0
CUST15674,Swati Jain,14573.0,3140.0,1,1.0
CUST11740,Abhishek Kumar,14553.0,1132.67,1,2.0
CUST26087,Neha Mehta,14548.8,2086.28,1,4.0
CUST19045,Nisha Yadav,14523.1,980.83,1,1.0
CUST12498,Nisha Das,14520.55,1413.64,1,1.0
CUST12691,Shreya Das,14514.0,1538.99,1,2.0
CUST16640,Kavita Singh,14508.0,1242.67,1,5.0
CUST11346,Arjun Jain,14499.0,2412.03,1,3.0
CUST10556,Neha Behera,14486.0,1509.85,1,2.0
CUST22118,Vivek Behera,14475.0,2027.01,1,5.0
CUST19274,Suresh Patel,14466.599999999999,3387.45,1,2.0
CUST19576,Vikas Reddy,14458.5,3594.74,1,1.0
CUST25927,Suresh Mohanty,14452.800000000001,1912.1,1,3.0
CUST13803,Pooja Sharma,14452.349999999999,1818.71,1,1.0
CUST17407,Suresh Reddy,14446.0,2319.18,1,2.0
CUST25238,Riya Dutta,14427.0,772.42,1,2.0
CUST19679,Rahul Gupta,14410.800000000001,2934.09,1,2.0
CUST17666,Nisha Panda,14407.4,2757.16,1,1.0
CUST28165,Neha Panda,14406.0,2666.56,1,1.0
CUST24222,Riya Mehta,14403.75,1012.34,1,5.0
CUST27260,Vikas Pradhan,14370.400000000001,2178.44,1,1.0
CUST25588,Suresh Patel,14368.4,2129.1,1,2.0
CUST27318,Priya Rao,14366.099999999999,2641.25,1,1.0
CUST26241,Suresh Gupta,14364.0,2109.81,1,5.0
CUST28627,Amit Sahu,14363.25,3205.63,1,1.0
CUST25519,Arjun Dutta,14351.4,1538.21,1,2.0
CUST22068,Shreya Pradhan,14347.15,3412.39,1,1.0
CUST26412,Manish Sharma,14331.0,3129.48,1,2.0
CUST19242,Karan Sharma,14287.05,2723.51,1,3.0
CUST11022,Akash Jain,14278.5,2335.47,1,5.0
CUST11333,Sneha Panda,14249.25,2189.85,1,3.0
CUST16037,Vikas Nayak,14241.6,2675.76,1,3.0
CUST22810,Manish Behera,14227.199999999999,2198.91,1,3.0
CUST20240,Vivek Singh,14218.8,1081.74,1,2.0
CUST11888,Akash Singh,14207.75,825.0,1,5.0
CUST21000,Kavita Kumar,14192.0,1215.71,1,2.0
CUST21513,Anjali Nayak,14170.5,3372.88,1,2.0
CUST20856,Suresh Pradhan,14144.0,2844.61,1,4.0
CUST21344,Vivek Das,14143.5,1437.34,1,3.0
CUST11520,Deepak Jain,14139.0,1066.79,1,4.0
CUST20588,Rohit Das,14130.3,2946.41,1,3.0
CUST19445,Priya Panda,14128.699999999999,1985.16,1,1.0
CUST24061,Priya Mehta,14103.0,2333.63,1,5.0
CUST18720,Manish Singh,14092.0,2753.51,1,4.0
CUST25500,Akash Das,14088.0,1661.71,1,1.0
CUST21726,Karan Reddy,14078.55,1301.61,1,1.0
CUST17604,Vivek Patel,14078.4,1080.8,1,4.0
CUST27251,Ankit Pradhan,14062.3,3156.59,1,1.0
CUST22320,Shreya Rao,14061.0,797.82,1,1.0
CUST18002,Vikas Kumar,14054.599999999999,2815.53,1,1.0
CUST27633,Pooja Yadav,14035.0,956.27,1,1.0
CUST22968,Amit Sahu,14032.5,1155.85,1,1.0
CUST19094,Deepak Kumar,14015.25,3496.26,1,3.0
CUST17898,Raj Jain,14010.75,1316.67,1,1.0
CUST11830,Priya Behera,14010.0,1985.58,1,2.0
CUST13431,Arjun Jain,14003.2,1951.0332666666661,1,4.0
CUST20475,Manish Mehta,13995.0,1893.92,1,5.0
CUST10365,Pooja Behera,13980.4,2203.37,1,2.0
CUST23253,Riya Kumar,13960.4,1972.06,1,4.0
CUST20558,Abhishek Kumar,13956.75,2215.91,1,1.0
CUST26162,Karan Singh,13953.599999999999,1059.43,1,1.0
CUST19198,Manish Jain,13950.3,3340.67,1,3.0
CUST14149,Abhishek Singh,13944.0,2363.19,1,2.0
CUST13168,Raj Mehta,13930.0,2942.1,1,5.0
CUST21997,Sanjay Kumar,13915.5,1340.22,1,2.0
CUST26551,Raj Behera,13912.5,2440.39,1,5.0
CUST22624,Kavita Reddy,13907.25,1896.12,1,3.0
CUST25193,Rohit Jain,13900.800000000001,818.63,1,4.0
CUST20086,Abhishek Pradhan,13892.0,1261.84,1,1.0
CUST19715,Swati Dutta,13878.9,1575.41,1,3.0
CUST25064,Anjali Nayak,13876.5,965.22,1,1.0
CUST24378,Anjali Patel,13851.0,1242.9,1,2.0
CUST20305,Arjun Mohanty,13850.75,2827.5,1,5.0
CUST25483,Kavita Jain,13840.0,1727.04,1,1.0
CUST10638,Swati Behera,13836.75,2197.62,1,5.0
CUST12232,Unknown,13836.0,3251.25,1,1.0
CUST26150,Deepak Mishra,13833.6,2026.8,1,2.0
CUST27490,Nisha Das,13829.0,3324.54,1,1.0
CUST15601,Anjali Das,13786.2,1636.66,1,3.0
CUST25444,Ankit Rao,13783.0,769.9,1,1.0
CUST21903,Suresh Dutta,13776.8,3107.19,1,2.0
CUST22445,Rohit Sharma,13773.75,2514.18,1,5.0
CUST21918,Deepak Jain,13769.6,1540.76,1,1.0
CUST27602,Riya Gupta,13768.3,2311.63,1,2.0
CUST22130,Deepak Sahu,13762.65,1179.51,1,3.0
CUST24046,Vikas Reddy,13758.849999999999,840.9,1,1.0
CUST25148,Riya Jain,13741.1,1010.11,1,1.0
CUST15541,Shreya Das,13740.0,3053.97,1,1.0
CUST22318,Deepak Behera,13722.0,2896.83,1,1.0
CUST16682,Nisha Nayak,13706.25,2592.97,1,5.0
CUST20863,Neha Rao,13694.4,2537.87,1,2.0
CUST22899,Ankit Pradhan,13691.0,2159.24,1,1.0
CUST25709,Amit Panda,13684.15,1345.49,1,1.0
CUST24556,Raj Mohanty,13680.949999999999,1231.19,1,1.0
CUST21901,Sneha Patel,13666.0,2407.3,1,2.0
CUST21721,Rahul Sharma,13660.800000000001,1861.21,1,1.0
CUST11372,Nisha Das,13657.6,1655.76,1,2.0
CUST18334,Kavita Yadav,13646.25,2568.32,1,1.0
CUST12475,Rahul Das,13642.5,2552.8,1,5.0
CUST26121,Riya Kumar,13640.0,2176.84,1,2.0
CUST13906,Vikas Mishra,13615.0,798.92,1,5.0
CUST26250,Riya Mehta,13580.0,2987.97,1,4.0
CUST21967,Shreya Nayak,13580.0,974.49,1,1.0
CUST13982,Sanjay Sahu,13574.7,2921.43,1,1.0
CUST21830,Swati Das,13552.699999999999,682.77,1,1.0
CUST19367,Pooja Pradhan,13552.0,1582.59,1,1.0
CUST23404,Suresh Mohanty,13535.199999999999,1612.61,1,1.0
CUST24304,Akash Das,13527.0,1499.39,1,5.0
CUST22819,Anjali Panda,13525.15,3229.92,1,1.0
CUST17585,Riya Mehta,13522.5,2867.0,1,2.0
CUST18574,Sanjay Jain,13514.699999999999,1237.82,1,1.0
CUST15028,Raj Gupta,13508.1,1131.48,1,3.0
CUST11136,Vikas Sharma,13497.4,915.06,1,1.0
CUST25328,Shreya Jain,13487.25,1879.95,1,1.0
CUST26445,Suresh Pradhan,13486.400000000001,1685.89,1,2.0
CUST19625,Suresh Rao,13477.65,944.72,1,3.0
CUST13607,Rahul Sharma,13456.0,1104.75,1,2.0
CUST16090,Ankit Behera,13454.0,912.44,1,2.0
CUST25271,Anjali Jain,13447.5,2582.9,1,1.0
CUST28439,Amit Panda,13432.5,2718.75,1,2.0
CUST19440,Amit Sahu,13429.199999999999,1079.88,1,1.0
CUST13111,Akash Mehta,13417.5,2093.1,1,1.0
CUST11019,Shreya Sahu,13413.6,884.6,1,1.0
CUST10622,Priya Behera,13400.0,2471.93,1,4.0
CUST10284,Sanjay Sahu,13392.800000000001,1946.8039666666652,1,1.0
CUST18984,Akash Gupta,13377.3,1898.33,1,2.0
CUST13383,Suresh Verma,13342.400000000001,2813.46,1,2.0
CUST21355,Priya Panda,13323.2,2049.8,1,1.0
CUST27843,Sneha Nayak,13292.4,3103.58,1,1.0
CUST17766,Riya Behera,13290.0,3117.32,1,2.0
CUST12933,Anjali Jain,13288.5,2376.79,1,5.0
CUST17966,Riya Kumar,13263.75,1280.95,1,5.0
CUST23810,Amit Mishra,13262.400000000001,1150.44,1,3.0
CUST23797,Ankit Kumar,13262.4,1346.0,1,1.0
CUST18153,Riya Sahu,13260.6,3137.1,1,2.0
CUST16265,Priya Singh,13258.0,2948.17,1,1.0
CUST13883,Sanjay Rao,13256.0,3062.55,1,2.0
CUST22786,Nisha Mishra,13213.800000000001,1074.29,1,3.0
CUST18066,Sneha Behera,13196.4,2520.03,1,4.0
CUST27130,Akash Mishra,13189.5,693.13,1,3.0
CUST14635,Neha Singh,13184.099999999999,1188.78,1,1.0
CUST24894,Sanjay Mehta,13162.5,2875.72,1,1.0
CUST21957,Neha Sharma,13159.5,1867.11,1,2.0
CUST11686,Shreya Gupta,13156.2,2670.28,1,1.0
CUST26204,Amit Kumar,13149.0,1235.11,1,1.0
CUST21098,Kavita Dutta,13146.0,873.84,1,2.0
CUST27860,Nisha Panda,13143.199999999999,2783.93,1,1.0
CUST17507,Nisha Behera,13123.2,1923.81,1,1.0
CUST26845,Arjun Mehta,13105.0,1823.64,1,5.0
CUST26044,Amit Nayak,13091.4,2082.47,1,2.0
CUST17568,Kavita Yadav,13078.8,2573.58,1,1.0
CUST21425,Vikas Behera,13069.0,910.8,1,2.0
CUST13329,Suresh Yadav,13067.599999999999,2196.93,1,4.0
CUST13289,Suresh Jain,13056.0,2417.74,1,4.0
CUST23826,Pooja Behera,13055.2,1944.8,1,1.0
CUST18733,Abhishek Rao,13041.0,1851.27,1,1.0
CUST24925,Neha Singh,13034.7,1904.43,1,1.0
CUST27041,Abhishek Panda,13031.9,2522.44,1,1.0
CUST23834,Manish Mehta,13028.0,961.5,1,5.0
CUST28980,Arjun Reddy,13023.2,1309.91,1,1.0
CUST27720,Nisha Kumar,13007.4,2363.97,1,1.0
CUST23487,Akash Mehta,12966.75,1006.93,1,3.0
CUST20220,Pooja Verma,12961.0,1653.87,1,1.0
CUST18678,Raj Rao,12936.15,1715.16,1,1.0
CUST10125,Pooja Mishra,12934.800000000001,1353.65,1,4.0
CUST13734,Vivek Behera,12923.4,1462.6,1,2.0
CUST20831,Kavita Panda,12908.1,1967.12,1,1.0
CUST22673,Vikas Mohanty,12891.9,1985.57,1,3.0
CUST25066,Priya Verma,12883.5,1769.05,1,5.0
CUST28099,Raj Kumar,12881.25,1405.8,1,3.0
CUST24518,Akash Rao,12874.1,2675.0,1,2.0
CUST11017,Karan Yadav,12852.0,1757.99,1,4.0
CUST18148,Rahul Rao,12844.0,1141.32,1,5.0
CUST13988,Suresh Gupta,12840.0,1626.58,1,2.0
CUST26608,Sneha Panda,12833.6,827.35,1,2.0
CUST27568,Rahul Dutta,12828.0,1170.64,1,3.0
CUST17810,Vikas Mishra,12811.0,1038.75,1,1.0
CUST20127,Suresh Patel,12786.199999999999,1016.69,1,1.0
CUST17206,Amit Gupta,12774.400000000001,2578.64,1,1.0
CUST24253,Sneha Yadav,12768.75,831.68,1,1.0
CUST12866,Karan Das,12764.0,1085.78,1,1.0
CUST22739,Abhishek Mohanty,12748.3,649.44,1,1.0
CUST14480,Karan Mishra,12746.6,2091.94,1,2.0
CUST27288,Ankit Mehta,12741.300000000001,1347.62,1,1.0
CUST10691,Swati Mishra,12720.800000000001,1739.92,1,1.0
CUST17256,Vivek Verma,12705.0,945.79,1,2.0
CUST15754,Abhishek Gupta,12702.0,3173.23,1,3.0
CUST24973,Amit Yadav,12673.6,1520.83,1,2.0
CUST12905,Kavita Jain,12637.8,2332.77,1,2.0
CUST26292,Ankit Das,12634.4,2455.06,1,1.0
CUST24962,Pooja Mohanty,12588.0,1835.45,1,1.0
CUST10449,Arjun Sahu,12586.8,744.09,1,1.0
CUST28257,Karan Kumar,12574.400000000001,2061.74,1,2.0
CUST16293,Nisha Singh,12549.5,2089.02,1,5.0
CUST18861,Abhishek Dutta,12541.5,1563.51,1,5.0
CUST23258,Nisha Panda,12526.0,1476.84,1,2.0
CUST23220,Rohit Kumar,12516.0,672.1,1,3.0
CUST24111,Arjun Singh,12514.599999999999,2078.76,1,1.0
CUST13165,Karan Nayak,12506.9,2343.41,1,2.0
CUST15109,Abhishek Gupta,12468.4,2370.37,1,1.0
CUST21023,Anjali Pradhan,12467.8,1085.24,1,1.0
CUST16554,Karan Sharma,12430.75,2748.04,1,5.0
CUST13205,Vivek Mehta,12401.3,850.1,1,2.0
CUST26068,Arjun Sahu,12400.0,3026.15,1,2.0
CUST28313,Sanjay Gupta,12390.0,2888.11,1,2.0
CUST14327,Akash Behera,12371.75,1184.37,1,5.0
CUST16342,Pooja Pradhan,12371.0,1439.46,1,1.0
CUST20567,Nisha Mehta,12356.0,1113.4,1,4.0
CUST13231,Sneha Panda,12322.400000000001,2153.67,1,1.0
CUST14548,Kavita Mohanty,12313.6,1967.22,1,1.0
CUST24040,Shreya Panda,12303.449999999999,1443.68,1,3.0
CUST10924,Riya Yadav,12285.0,709.76,1,3.0
CUST22364,Ankit Mehta,12257.0,2222.2,1,4.0
CUST18641,Neha Yadav,12255.3,2479.78,1,3.0
CUST23130,Arjun Panda,12250.25,2884.5,1,5.0
CUST27990,Vivek Nayak,12235.0,1076.54,1,5.0
CUST10240,Pooja Mehta,12227.2,615.19,1,4.0
CUST18424,Deepak Gupta,12196.099999999999,3018.08,1,1.0
CUST16744,Pooja Pradhan,12193.3,947.08,1,1.0
CUST15630,Arjun Patel,12172.349999999999,2961.1,1,1.0
CUST18983,Vivek Singh,12162.65,1795.18,1,1.0
CUST28702,Nisha Sahu,12155.0,2299.58,1,1.0
CUST13038,Rohit Kumar,12148.279999999999,901.68,1,4.0
CUST25534,Akash Verma,12141.0,2888.51,1,1.0
CUST17162,Abhishek Yadav,12120.0,1658.98,1,3.0
CUST11776,Sneha Reddy,12112.5,1390.89,1,1.0
CUST21068,Sneha Behera,12106.5,1760.87,1,1.0
CUST15913,Kavita Sharma,12104.85,1055.75,1,3.0
CUST13145,Abhishek Gupta,12063.75,2891.06,1,5.0
CUST23263,Sneha Rao,12058.1,2262.25,1,2.0
CUST15701,Suresh Rao,12054.0,2063.95,1,4.0
CUST10540,Akash Mohanty,12048.0,1703.73,1,4.0
CUST22245,Rahul Reddy,12036.0,2607.83,1,3.0
CUST20822,Priya Yadav,12030.400000000001,760.86,1,1.0
CUST13684,Riya Verma,11996.599999999999,708.92,1,1.0
CUST16875,Deepak Yadav,11985.6,2126.45,1,3.0
CUST21767,Nisha Reddy,11976.0,1217.99,1,1.0
CUST21366,Priya Panda,11973.6,1097.46,1,1.0
CUST18536,Rahul Yadav,11967.2,638.13,1,1.0
CUST23939,Akash Rao,11951.1,2333.21,1,1.0
CUST27739,Rahul Reddy,11912.4,1506.75,1,1.0
CUST12216,Neha Mishra,11889.0,2926.25,1,2.0
CUST16898,Kavita Kumar,11859.0,1575.34,1,2.0
CUST19937,Raj Gupta,11831.25,2312.71,1,1.0
CUST23067,Nisha Das,11822.400000000001,1008.17,1,3.0
CUST20426,Sanjay Das,11811.099999999999,2040.84,1,1.0
CUST15516,Abhishek Panda,11782.400000000001,1198.67,1,2.0
CUST10381,Kavita Mehta,11776.199999999999,600.65,1,2.0
CUST24235,Kavita Yadav,11767.5,748.96,1,5.0
CUST19364,Vivek Gupta,11751.5,991.51,1,1.0
CUST15333,Sanjay Behera,11745.6,2297.57,1,3.0
CUST22160,Raj Mehta,11735.1,2467.33,1,1.0
CUST10858,Vivek Panda,11730.0,2377.93,1,5.0
CUST25637,Raj Reddy,11728.5,2923.87,1,3.0
CUST15699,Deepak Rao,11719.8,690.39,1,4.0
CUST25706,Amit Panda,11715.199999999999,1409.7,1,4.0
CUST26881,Vikas Reddy,11707.8,1446.95,1,4.0
CUST12217,Amit Verma,11702.099999999999,2491.63,1,2.0
CUST25129,Vikas Panda,11696.4,1094.35,1,1.0
CUST12462,Karan Panda,11696.0,1399.54,1,5.0
CUST28840,Arjun Patel,11647.800000000001,1057.77,1,1.0
CUST18977,Pooja Panda,11627.1,2483.76,1,1.0
CUST13770,Akash Reddy,11625.300000000001,2321.55,1,1.0
CUST14974,Anjali Nayak,11622.8,2805.74,1,4.0
CUST24208,Deepak Das,11601.0,1947.36,1,1.0
CUST21241,Karan Behera,11601.0,866.0,1,3.0
CUST17872,Anjali Dutta,11596.800000000001,894.77,1,3.0
CUST24463,Abhishek Jain,11596.199999999999,782.28,1,2.0
CUST24298,Rohit Kumar,11593.6,1733.08,1,1.0
CUST24914,Vivek Nayak,11567.199999999999,2011.85,1,1.0
CUST16144,Sneha Yadav,11556.0,2836.88,1,1.0
CUST23474,Sanjay Mohanty,11548.199999999999,2090.54,1,4.0
CUST19114,Vivek Sharma,11542.5,1663.15,1,5.0
CUST19328,Sanjay Reddy,11530.4,1370.55,1,4.0
CUST17036,Raj Mishra,11528.0,1462.64,1,5.0
CUST21107,Pooja Reddy,11524.0,750.32,1,2.0
CUST23889,Swati Sahu,11504.0,1252.76,1,4.0
CUST13110,Sanjay Reddy,11499.0,1854.75,1,2.0
CUST12554,Abhishek Sharma,11481.8,2797.92,1,1.0
CUST15058,Priya Kumar,11480.0,2695.07,1,2.0
CUST28073,Vikas Reddy,11463.65,2802.11,1,1.0
CUST22787,Akash Mishra,11455.5,1018.64,1,3.0
CUST14719,Nisha Panda,11448.0,2737.1,1,1.0
CUST27816,Sneha Yadav,11429.1,921.78,1,1.0
CUST10282,Priya Sahu,11422.599999999999,892.8,1,2.0
CUST15481,Pooja Rao,11385.75,2274.38,1,3.0
CUST24203,Manish Nayak,11372.279999999999,1912.4,1,2.0
CUST22453,Shreya Rao,11371.5,2812.57,1,2.0
CUST14817,Rohit Kumar,11357.699999999999,1359.72,1,1.0
CUST15903,Anjali Mehta,11342.8,2313.46,1,1.0
CUST22589,Raj Patel,11340.699999999999,1054.11,1,1.0
CUST12675,Vivek Panda,11333.5,1725.57,1,1.0
CUST16429,Nisha Nayak,11333.0,635.84,1,1.0
CUST27545,Anjali Rao,11331.0,2639.05,1,2.0
CUST17977,Abhishek Patel,11320.0,745.48,1,2.0
CUST25875,Vikas Sharma,11293.949999999999,1551.11,1,3.0
CUST27971,Neha Pradhan,11292.74,1240.14,1,2.0
CUST24015,Riya Mohanty,11289.0,2692.82,1,1.0
CUST20587,Anjali Yadav,11276.800000000001,1324.76,1,1.0
CUST25069,Arjun Kumar,11266.5,1012.64,1,2.0
CUST10618,Vikas Mohanty,11255.6,2513.59,1,2.0
CUST14048,Riya Mohanty,11251.449999999999,1527.16,1,1.0
CUST12093,Deepak Nayak,11251.2,1348.13,1,3.0
CUST12909,Kavita Mishra,11221.5,1086.41,1,1.0
CUST12998,Rohit Mishra,11214.0,1482.97,1,5.0
CUST11517,Amit Mohanty,11208.0,1422.77,1,3.0
CUST23035,Swati Gupta,11191.949999999999,919.14,1,3.0
CUST24067,Suresh Dutta,11164.800000000001,2350.48,1,2.0
CUST16394,Suresh Behera,11154.0,1151.49,1,4.0
CUST14916,Arjun Nayak,11151.1,910.29,1,2.0
CUST10907,Sanjay Kumar,11143.5,1535.64,1,2.0
CUST17094,Priya Verma,11142.0,2544.66,1,3.0
CUST15764,Ankit Reddy,11140.5,1855.68,1,1.0
CUST12555,Shreya Mehta,11106.449999999999,1348.1,1,3.0
CUST28210,Neha Kumar,11106.1,1153.36,1,2.0
CUST17855,Rohit Mehta,11085.0,1303.36,1,5.0
CUST28754,Nisha Sharma,11084.800000000001,1664.01,1,2.0
CUST19174,Anjali Dutta,11067.2,1324.76,1,1.0
CUST27124,Vivek Mishra,11064.0,2404.41,1,3.0
CUST26141,Vikas Sharma,11046.0,2300.97,1,5.0
CUST18159,Karan Pradhan,11035.199999999999,2043.73,1,4.0
CUST21501,Vikas Rao,11034.8,1033.22,1,1.0
CUST24162,Deepak Reddy,11020.0,2018.34,1,5.0
CUST22218,Karan Mishra,11013.75,1072.51,1,3.0
CUST28437,Manish Reddy,11005.8,2473.08,1,1.0
CUST22414,Neha Sharma,10991.25,1279.51,1,5.0
CUST28982,Sanjay Mehta,10980.4,1044.54,1,1.0
CUST11775,Nisha Behera,10971.55,1092.19,1,1.0
CUST23531,Rohit Patel,10961.1,2493.94,1,1.0
CUST14125,Manish Kumar,10953.0,931.61,1,4.0
CUST12036,Ankit Das,10931.25,2016.67,1,1.0
CUST18669,Unknown,10929.6,2218.22,1,1.0
CUST23495,Manish Panda,10927.6,1489.23,1,2.0
CUST15262,Nisha Verma,10927.2,771.69,1,1.0
CUST22783,Rahul Pradhan,10921.5,2037.28,1,5.0
CUST12792,Pooja Mishra,10920.0,2273.95,1,5.0
CUST16424,Pooja Mohanty,10913.0,1775.71,1,2.0
CUST12805,Akash Jain,10877.6,2119.83,1,1.0
CUST15156,Nisha Nayak,10872.35,1719.61,1,1.0
CUST22206,Kavita Das,10872.0,1887.25,1,3.0
CUST28683,Vikas Mohanty,10872.0,2095.84,1,4.0
CUST23549,Arjun Kumar,10863.0,2089.4,1,3.0
CUST12010,Rohit Panda,10856.3,861.68,1,1.0
CUST25269,Kavita Sahu,10847.199999999999,1425.73,1,4.0
CUST17971,Raj Verma,10806.400000000001,2341.86,1,4.0
CUST27388,Akash Yadav,10804.35,996.04,1,1.0
CUST10935,Amit Mohanty,10776.6,2024.41,1,2.0
CUST27729,Amit Dutta,10775.7,1381.2,1,1.0
CUST27332,Unknown,10762.2,1706.94,1,1.0
CUST15572,Rahul Das,10740.0,621.36,1,4.0
CUST16871,Riya Yadav,10724.0,1086.56,1,1.0
CUST23382,Suresh Mishra,10708.800000000001,1590.57,1,3.0
CUST21546,Kavita Yadav,10705.5,2526.67,1,3.0
CUST23586,Amit Behera,10701.0,2305.92,1,5.0
CUST28450,Sneha Sharma,10699.5,2334.94,1,1.0
CUST13033,Anjali Mohanty,10682.0,1862.47,1,1.0
CUST23252,Sanjay Singh,10665.65,2050.79,1,1.0
CUST20252,Unknown,10665.199999999999,1442.86,1,1.0
CUST23991,Anjali Panda,10646.0,2006.99,1,2.0
CUST12843,Sneha Nayak,10642.5,1852.04,1,5.0
CUST11417,Manish Nayak,10634.25,609.62,1,1.0
CUST13131,Arjun Singh,10621.8,887.46,1,2.0
CUST27800,Manish Sahu,10614.75,1580.63,1,1.0
CUST22042,Swati Behera,10608.0,2441.01,1,2.0
CUST21084,Sneha Jain,10600.0,612.24,1,2.0
CUST18781,Sanjay Panda,10587.6,1962.24,1,2.0
CUST18426,Anjali Jain,10585.800000000001,784.89,1,2.0
CUST18460,Sanjay Behera,10576.800000000001,1963.16,1,2.0
CUST23628,Rohit Behera,10576.5,1489.34,1,1.0
CUST19256,Swati Gupta,10573.2,951.54,1,4.0
CUST27807,Raj Das,10571.6,1322.05,1,1.0
CUST17932,Deepak Sharma,10569.0,2328.85,1,4.0
CUST26631,Swati Jain,10566.9,2267.75,1,1.0
CUST18825,Anjali Rao,10558.800000000001,1386.72,1,4.0
CUST22877,Karan Singh,10557.0,637.47,1,2.0
CUST22650,Swati Sahu,10556.0,2238.07,1,2.0
CUST24738,Sanjay Nayak,10545.0,1988.35,1,5.0
CUST23766,Vivek Reddy,10544.800000000001,1630.58,1,1.0
CUST14955,Kavita Kumar,10537.6,1355.13,1,4.0
CUST23093,Karan Sahu,10537.6,931.14,1,2.0
CUST21585,Vivek Panda,10526.4,578.97,1,1.0
CUST27066,Raj Rao,10521.699999999999,2168.14,1,1.0
CUST17778,Vikas Patel,10505.599999999999,1976.37,1,1.0
CUST18812,Rahul Das,10505.25,942.01,1,1.0
CUST18815,Riya Rao,10504.800000000001,1830.76,1,1.0
CUST15612,Kavita Kumar,10497.199999999999,980.04,1,1.0
CUST22432,Deepak Kumar,10494.0,371.96,1,3.0
CUST15851,Suresh Panda,10481.6,653.6,1,2.0
CUST17681,Raj Das,10480.5,1843.21,1,5.0
CUST23539,Akash Gupta,10462.65,2148.23,1,1.0
CUST26915,Nisha Nayak,10455.0,2044.29,1,1.0
CUST16943,Deepak Behera,10453.5,1760.2,1,1.0
CUST13976,Nisha Nayak,10421.5,2440.38,1,2.0
CUST23291,Swati Mohanty,10420.9,1823.04,1,1.0
CUST26490,Nisha Yadav,10419.3,1637.83,1,3.0
CUST25975,Pooja Jain,10415.9,1433.4,1,2.0
CUST13864,Priya Mehta,10408.5,1787.23,1,1.0
CUST22796,Anjali Dutta,10396.35,2132.1,1,1.0
CUST26500,Abhishek Das,10396.0,1632.18,1,5.0
CUST27752,Karan Rao,10383.0,1753.26,1,4.0
CUST11351,Raj Panda,10377.6,2188.18,1,3.0
CUST17959,Sneha Sahu,10376.0,1505.62,1,5.0
CUST19920,Karan Reddy,10374.0,2123.16,1,4.0
CUST22292,Swati Mehta,10368.0,2344.33,1,2.0
CUST28211,Pooja Pradhan,10355.4,1019.19,1,1.0
CUST13125,Riya Reddy,10353.6,1187.84,1,3.0
CUST17880,Manish Singh,10336.0,2571.73,1,4.0
CUST17785,Deepak Pradhan,10332.0,1557.9,1,3.0
CUST15852,Riya Kumar,10236.0,1610.48,1,1.0
CUST28131,Abhishek Yadav,10228.9,1233.36,1,2.0
CUST24715,Unknown,10224.0,954.52,1,1.0
CUST18490,Vivek Sharma,10159.2,1303.45,1,2.0
CUST20516,Manish Mehta,10157.0,638.72,1,2.0
CUST20253,Karan Dutta,10155.5,2114.4,1,1.0
CUST16326,Neha Sahu,10149.8,1903.95,1,4.0
CUST22442,Abhishek Reddy,10149.300000000001,1436.05,1,3.0
CUST14176,Vikas Jain,10147.199999999999,836.18,1,3.0
CUST13108,Neha Kumar,10146.0,1129.54,1,1.0
CUST22298,Anjali Reddy,10142.400000000001,2494.63,1,3.0
CUST14797,Vikas Jain,10140.3,2354.71,1,3.0
CUST28284,Ankit Singh,10125.0,2207.25,1,5.0
CUST14030,Priya Yadav,10123.4,524.69,1,1.0
CUST16019,Nisha Mohanty,10120.800000000001,1721.8,1,1.0
CUST16604,Deepak Rao,10104.0,2006.44,1,2.0
CUST10387,Ankit Das,10098.0,2248.76,1,4.0
CUST22572,Suresh Das,10092.6,1657.45,1,1.0
CUST26839,Akash Dutta,10090.35,1472.93,1,3.0
CUST19234,Vikas Rao,10073.8,1854.93,1,2.0
CUST13140,Ankit Sharma,10070.199999999999,1059.3,1,2.0
CUST19524,Vivek Mishra,10030.5,1654.81,1,2.0
CUST24559,Akash Jain,10013.6,619.41,1,1.0
CUST24783,Amit Panda,10012.8,1599.55,1,2.0
CUST13191,Vivek Verma,10006.5,1651.35,1,2.0
CUST16120,Arjun Mishra,9955.2,1348.81,1,3.0
CUST18263,Riya Verma,9954.400000000001,1206.73,1,1.0
CUST23158,Ankit Verma,9932.0,657.63,1,2.0
CUST27237,Ankit Jain,9932.0,2002.13,1,1.0
CUST27114,Riya Dutta,9929.4,2132.08,1,1.0
CUST26660,Deepak Verma,9921.199999999999,1536.15,1,4.0
CUST15119,Kavita Verma,9914.099999999999,1963.58,1,1.0
CUST11253,Amit Yadav,9906.0,1469.48,1,3.0
CUST28799,Vivek Mishra,9901.0,1386.52,1,1.0
CUST13127,Vikas Rao,9900.8,755.77,1,2.0
CUST20571,Priya Reddy,9898.0,2365.72,1,1.0
CUST14826,Amit Sharma,9895.199999999999,1770.59,1,1.0
CUST15836,Arjun Dutta,9888.55,742.73,1,1.0
CUST21822,Priya Sahu,9873.6,1008.45,1,4.0
CUST28868,Akash Reddy,9868.6,2463.18,1,2.0
CUST14117,Kavita Kumar,9865.8,1459.22,1,1.0
CUST22473,Deepak Kumar,9855.3,1847.22,1,1.0
CUST25404,Priya Pradhan,9824.0,1059.55,1,2.0
CUST12556,Unknown,9804.0,1221.21,1,1.0
CUST26389,Nisha Rao,9801.6,1818.6,1,1.0
CUST11357,Ankit Dutta,9794.55,957.77,1,1.0
CUST19245,Rohit Behera,9789.0,1019.97,1,2.0
CUST24873,Abhishek Rao,9787.2,717.61,1,2.0
CUST24333,Abhishek Sharma,9783.0,614.02,1,2.0
CUST10228,Rohit Verma,9776.699999999999,2110.58,1,1.0
CUST21138,Riya Singh,9765.9,1924.02,1,3.0
CUST17624,Ankit Behera,9765.0,653.98,1,5.0
CUST26355,Arjun Mohanty,9759.35,1138.51,1,1.0
CUST15667,Sanjay Mehta,9750.4,1303.85,1,2.0
CUST19777,Riya Panda,9729.9,1222.6554000000008,1,1.0
CUST25456,Karan Mishra,9722.3,665.44,1,2.0
CUST18763,Karan Mishra,9711.0,1318.45,1,5.0
CUST16602,Amit Reddy,9706.199999999999,2349.97,1,3.0
CUST16350,Neha Behera,9687.0,858.65,1,1.0
CUST25252,Sanjay Das,9685.25,816.06,1,1.0
CUST16160,Neha Kumar,9685.0,633.67,1,5.0
CUST28566,Akash Rao,9682.4,1561.79,1,4.0
CUST20464,Arjun Verma,9655.099999999999,1625.96,1,1.0
CUST26248,Swati Mehta,9648.0,2121.0,1,2.0
CUST19053,Karan Dutta,9619.0,1534.5,1,1.0
CUST12222,Vikas Das,9612.0,1200.08,1,4.0
CUST10309,Neha Gupta,9611.8,1258.24,1,1.0
CUST26857,Vivek Reddy,9606.4,623.36,1,1.0
CUST16517,Arjun Mishra,9593.5,1566.2,1,5.0
CUST13865,Neha Kumar,9592.25,1209.23,1,5.0
CUST10041,Swati Mehta,9577.6,654.54,1,2.0
CUST21814,Abhishek Yadav,9574.2,1638.63,1,3.0
CUST25300,Karan Panda,9558.9,1535.18,1,1.0
CUST16832,Neha Das,9557.8,1027.79,1,2.0
CUST18296,Kavita Patel,9550.8,872.36,1,4.0
CUST25151,Sanjay Sharma,9550.4,2355.88,1,1.0
CUST17642,Neha Mishra,9528.4,1354.47,1,2.0
CUST23872,Riya Kumar,9523.5,694.92,1,5.0
CUST28791,Deepak Reddy,9518.0,2172.87,1,1.0
CUST10480,Anjali Rao,9485.6,1362.1,1,1.0
CUST17702,Anjali Rao,9479.4,1671.06,1,1.0
CUST25633,Sneha Sahu,9474.300000000001,1501.1,1,1.0
CUST14649,Karan Panda,9463.5,1644.34,1,3.0
CUST26742,Kavita Patel,9453.449999999999,1497.07,1,1.0
CUST28648,Suresh Mehta,9451.15,1004.66,1,1.0
CUST17029,Karan Jain,9448.0,974.79,1,1.0
CUST23907,Kavita Mishra,9447.75,2323.61,1,3.0
CUST19927,Raj Singh,9446.4,2122.31,1,4.0
CUST24301,Vikas Nayak,9435.0,833.65,1,3.0
CUST10683,Abhishek Singh,9416.25,2115.48,1,1.0
CUST20322,Akash Pradhan,9411.2,1118.24,1,4.0
CUST23192,Vikas Jain,9410.4,1637.58,1,3.0
CUST27915,Shreya Dutta,9401.0,1397.92,1,4.0
CUST14077,Karan Das,9376.5,690.79,1,2.0
CUST23632,Neha Nayak,9369.9,2095.72,1,1.0
CUST19699,Ankit Verma,9356.4,591.61,1,1.0
CUST21464,Anjali Pradhan,9352.5,1780.2,1,2.0
CUST26119,Riya Sahu,9346.6,644.88,1,1.0
CUST26115,Vivek Behera,9341.5,1677.94,1,1.0
CUST10871,Arjun Rao,9340.800000000001,719.31,1,4.0
CUST20526,Amit Singh,9336.0,627.41,1,2.0
CUST16606,Abhishek Verma,9330.0,2282.36,1,4.0
CUST21587,Karan Das,9326.25,2114.14,1,3.0
CUST10302,Priya Verma,9324.800000000001,657.43,1,1.0
CUST19029,Riya Sharma,9320.0,2214.61,1,2.0
CUST12754,Raj Gupta,9313.8,1021.66,1,1.0
CUST19805,Karan Mishra,9303.0,474.58,1,1.0
CUST20984,Riya Mehta,9296.699999999999,916.54,1,2.0
CUST27664,Vivek Kumar,9283.0,754.99,1,1.0
CUST16188,Karan Jain,9282.0,1706.67,1,3.0
CUST20321,Sanjay Mehta,9247.5,1709.04,1,5.0
CUST17313,Vikas Behera,9244.800000000001,1881.78,1,2.0
CUST11511,Raj Kumar,9244.199999999999,1198.62,1,2.0
CUST26846,Priya Mehta,9235.800000000001,1900.9,1,1.0
CUST23510,Suresh Sahu,9230.4,1523.83,1,3.0
CUST14440,Vikas Nayak,9226.0,2200.57,1,1.0
CUST12510,Karan Patel,9225.9,1485.94,1,1.0
CUST10064,Sneha Nayak,9217.800000000001,926.27,1,2.0
CUST22265,Rahul Kumar,9212.3,1582.66,1,1.0
CUST10489,Priya Pradhan,9212.0,1085.77,1,2.0
CUST28919,Sanjay Mishra,9210.0,2063.63,1,2.0
CUST20390,Arjun Sharma,9203.0,2199.48,1,1.0
CUST24903,Priya Nayak,9196.599999999999,531.01,1,1.0
CUST27117,Rahul Sahu,9196.0,2250.31,1,2.0
CUST21733,Kavita Das,9194.449999999999,877.49,1,1.0
CUST21495,Raj Rao,9183.0,601.52,1,2.0
CUST16537,Raj Mehta,9171.5,1538.35,1,5.0
CUST10021,Priya Mohanty,9171.0,1675.54,1,3.0
CUST18181,Raj Patel,9167.4,794.11,1,2.0
CUST26227,Suresh Mishra,9162.3,840.79,1,1.0
CUST27663,Rahul Mohanty,9160.5,1868.44,1,2.0
CUST18262,Riya Sahu,9142.699999999999,2048.03,1,1.0
CUST17824,Pooja Patel,9136.800000000001,1538.36,1,3.0
CUST19919,Swati Rao,9120.0,1276.96,1,1.0
CUST15150,Deepak Patel,9108.0,738.41,1,4.0
CUST19825,Akash Rao,9091.800000000001,2192.02,1,1.0
CUST15478,Abhishek Mehta,9066.6,460.44,1,3.0
CUST20653,Shreya Patel,9057.6,506.82,1,1.0
CUST27438,Abhishek Singh,9055.05,2092.85,1,1.0
CUST23967,Shreya Jain,9036.800000000001,1050.44,1,1.0
CUST28641,Amit Sahu,9026.9,861.07,1,2.0
CUST24132,Swati Behera,9023.6,887.5,1,1.0
CUST15791,Shreya Verma,9014.4,1886.65,1,3.0
CUST18616,Anjali Behera,9012.5,2105.35,1,5.0
CUST11505,Suresh Nayak,9012.0,1872.7,1,4.0
CUST20457,Rohit Pradhan,8998.1,1159.63,1,2.0
CUST14585,Raj Sharma,8997.6,977.01,1,3.0
CUST15650,Priya Das,8994.6,1687.14,1,2.0
CUST21293,Nisha Mohanty,8981.0,1525.82,1,2.0
CUST18550,Sanjay Reddy,8981.0,2060.4,1,2.0
CUST20998,Pooja Das,8977.6,1126.83,1,1.0
CUST25355,Manish Behera,8977.5,1560.53,1,3.0
CUST20982,Rahul Sharma,8961.35,2073.47,1,1.0
CUST10207,Pooja Panda,8957.55,2071.77,1,3.0
CUST26564,Anjali Das,8955.0,662.34,1,1.0
CUST16167,Sneha Mishra,8934.099999999999,656.1,1,1.0
CUST13585,Ankit Yadav,8894.4,1037.92,1,4.0
CUST21985,Amit Verma,8875.0,1874.75,1,1.0
CUST25842,Karan Pradhan,8874.0,1498.1722333333355,1,3.0
CUST10306,Unknown,8862.4,1337.86,1,1.0
CUST11778,Suresh Pradhan,8852.0,1411.68,1,5.0
CUST14494,Riya Mohanty,8848.5,1064.18,1,1.0
CUST23774,Kavita Das,8844.5,1747.32,1,2.0
CUST13935,Kavita Panda,8838.0,1652.65,1,3.0
CUST26496,Arjun Sahu,8825.599999999999,2028.28,1,4.0
CUST26091,Abhishek Singh,8825.5,1128.33,1,2.0
CUST25187,Arjun Singh,8824.9,1166.53,1,1.0
CUST14315,Arjun Kumar,8821.800000000001,1660.96,1,1.0
CUST15270,Amit Rao,8821.6,2078.04,1,1.0
CUST12537,Manish Mohanty,8817.9,485.4,1,1.0
CUST13464,Arjun Kumar,8817.6,1387.07,1,1.0
CUST25658,Anjali Reddy,8803.2,2098.32,1,3.0
CUST23988,Arjun Sharma,8782.199999999999,1399.37,1,1.0
CUST21842,Raj Pradhan,8766.0,857.2,1,2.0
CUST25522,Abhishek Jain,8764.2,1255.34,1,3.0
CUST25997,Kavita Mohanty,8757.0,1092.66,1,2.0
CUST12838,Neha Yadav,8757.0,1446.71,1,1.0
CUST23448,Kavita Yadav,8748.0,1661.59,1,2.0
CUST22182,Deepak Singh,8739.9,1345.9,1,3.0
CUST27714,Riya Kumar,8735.2,1208.28,1,1.0
CUST17479,Sneha Jain,8733.6,1870.76,1,1.0
CUST23641,Vikas Sharma,8728.3,868.53,1,1.0
CUST25545,Karan Patel,8725.5,1057.83,1,5.0
CUST10658,Suresh Dutta,8683.6,1507.24,1,1.0
CUST11316,Unknown,8680.0,773.73,1,4.0
CUST21317,Unknown,8655.0,1884.71,1,1.0
CUST19018,Vikas Sharma,8649.199999999999,1945.01,1,2.0
CUST23500,Suresh Yadav,8634.3,661.03,1,3.0
CUST16323,Shreya Sahu,8626.65,932.54,1,3.0
CUST24169,Amit Das,8626.0,1423.48,1,1.0
CUST11568,Manish Sahu,8625.8,1045.69,1,2.0
CUST26702,Vivek Sahu,8607.0,1418.88,1,4.0
CUST28644,Rohit Yadav,8606.25,1998.77,1,1.0
CUST18604,Kavita Panda,8601.15,1552.56,1,3.0
CUST25464,Arjun Gupta,8594.35,2005.38,1,1.0
CUST11026,Karan Reddy,8591.4,1917.09,1,3.0
CUST11001,Vivek Mishra,8591.1,506.37,1,3.0
CUST17500,Manish Kumar,8579.449999999999,2084.04,1,1.0
CUST28429,Deepak Reddy,8572.199999999999,1040.69,1,3.0
CUST13370,Priya Behera,8569.6,478.36,1,2.0
CUST21269,Arjun Mohanty,8555.2,1891.69,1,1.0
CUST20283,Akash Mehta,8544.0,545.43,1,4.0
CUST17076,Karan Reddy,8540.0,1115.62,1,5.0
CUST12806,Ankit Behera,8538.6,542.82,1,3.0
CUST21887,Vivek Gupta,8534.0,1983.4,1,1.0
CUST12163,Priya Patel,8512.0,1412.53,1,5.0
CUST21282,Riya Mishra,8510.1,466.36,1,3.0
CUST23512,Arjun Rao,8453.0,1273.78,1,1.0
CUST20418,Vikas Rao,8447.4,1681.45,1,4.0
CUST25022,Priya Gupta,8433.75,1728.45,1,5.0
CUST18312,Sanjay Kumar,8433.0,1122.66,1,4.0
CUST24153,Pooja Behera,8424.5,546.24,1,5.0
CUST15128,Manish Gupta,8415.0,871.44,1,2.0
CUST18898,Rahul Yadav,8404.800000000001,917.65,1,2.0
CUST18160,Manish Das,8388.0,942.31,1,4.0
CUST10081,Karan Panda,8387.55,1402.78,1,3.0
CUST10155,Rohit Rao,8385.0,1056.84,1,5.0
CUST13840,Sanjay Verma,8366.4,1037.84,1,1.0
CUST11611,Vivek Mohanty,8360.949999999999,1863.53,1,1.0
CUST21885,Riya Yadav,8357.0,677.5,1,1.0
CUST24084,Swati Dutta,8345.6,1378.44,1,4.0
CUST23696,Akash Singh,8344.800000000001,1157.23,1,2.0
CUST14644,Swati Sahu,8341.199999999999,1012.23,1,1.0
CUST20789,Raj Sharma,8320.0,1305.18,1,4.0
CUST16505,Anjali Dutta,8312.0,425.41,1,2.0
CUST13157,Kavita Panda,8300.800000000001,714.52,1,1.0
CUST22255,Manish Gupta,8299.199999999999,538.0,1,1.0
CUST18457,Suresh Jain,8295.0,2058.62,1,5.0
CUST19128,Akash Behera,8277.6,2051.24,1,3.0
CUST16502,Nisha Sahu,8260.5,987.82,1,1.0
CUST21079,Shreya Rao,8240.0,1423.44,1,1.0
CUST11238,Rohit Mishra,8224.5,1458.96,1,2.0
CUST10076,Ankit Sharma,8222.199999999999,1285.72,1,1.0
CUST10814,Anjali Singh,8217.0,1248.58,1,1.0
CUST14633,Deepak Jain,8206.8,1701.2,1,1.0
CUST12283,Neha Sahu,8159.2,795.87,1,2.0
CUST19678,Karan Mohanty,8159.2,956.62,1,2.0
CUST16431,Anjali Reddy,8156.0,1741.11,1,1.0
CUST17501,Suresh Mishra,8148.15,1112.19,1,3.0
CUST20339,Vikas Sharma,8142.0,1075.21,1,4.0
CUST24924,Kavita Sahu,8123.400000000001,1244.82,1,1.0
CUST27615,Anjali Das,8118.0,1843.02,1,2.0
CUST20961,Abhishek Dutta,8112.0,1385.37,1,1.0
CUST10965,Arjun Das,8106.3,1416.38,1,1.0
CUST28847,Neha Pradhan,8096.400000000001,1216.12,1,1.0
CUST16242,Pooja Sharma,8090.2,1982.61,1,2.0
CUST26101,Shreya Sahu,8088.599999999999,1832.74,1,3.0
CUST17229,Suresh Mehta,8067.4,1603.14,1,1.0
CUST22740,Rohit Patel,8062.5,1226.49,1,1.0
CUST24036,Riya Nayak,8059.5,1507.55,1,2.0
CUST26342,Swati Sharma,8058.75,453.24,1,5.0
CUST13918,Raj Singh,8052.9,1191.29,1,3.0
CUST25599,Abhishek Reddy,8044.5,944.81,1,1.0
CUST26745,Akash Nayak,8040.6,1829.11,1,1.0
CUST27448,Arjun Singh,8038.799999999999,815.96,1,4.0
CUST18800,Anjali Sahu,8027.200000000001,460.46,1,2.0
CUST25715,Akash Patel,8024.400000000001,1704.02,1,1.0
CUST16779,Neha Mehta,7992.0,1607.88,1,3.0
CUST23195,Priya Sahu,7987.200000000001,428.89,1,1.0
CUST12739,Arjun Panda,7981.9,1321.64,1,1.0
CUST28083,Sanjay Sahu,7972.999999999999,570.16,1,5.0
CUST10863,Ankit Reddy,7971.599999999999,1630.05,1,4.0
CUST20987,Swati Mohanty,7966.8,1431.78,1,4.0
CUST27543,Sanjay Mohanty,7964.0,1478.11,1,2.0
CUST16712,Priya Pradhan,7960.049999999999,1492.78,1,3.0
CUST20236,Suresh Kumar,7953.4,977.69,1,4.0
CUST13167,Kavita Verma,7953.4,1720.72,1,1.0
CUST13602,Amit Mishra,7926.25,1637.96,1,5.0
CUST24024,Abhishek Mohanty,7848.75,633.96,1,1.0
CUST28918,Deepak Mohanty,7826.7,1723.41,1,3.0
CUST28930,Neha Pradhan,7821.6,1903.32,1,3.0
CUST26442,Manish Mohanty,7809.95,652.48,1,1.0
CUST12450,Abhishek Patel,7771.4,598.39,1,2.0
CUST18080,Sanjay Verma,7770.0,675.64,1,2.0
CUST12642,Vikas Gupta,7758.400000000001,1278.37,1,2.0
CUST11002,Riya Gupta,7752.0,1341.72,1,4.0
CUST12157,Rohit Mehta,7747.200000000001,866.18,1,3.0
CUST24082,Shreya Mehta,7741.999999999999,456.61,1,1.0
CUST13300,Rahul Dutta,7729.9,418.48,1,1.0
CUST13893,Pooja Mehta,7725.4,1708.16,1,2.0
CUST17609,Sneha Rao,7725.4,1848.29,1,2.0
CUST27646,Pooja Gupta,7718.75,1807.83,1,1.0
CUST23940,Vivek Das,7678.999999999999,1378.53,1,2.0
CUST10107,Karan Mehta,7660.799999999999,1180.02,1,1.0
CUST26771,Sneha Sahu,7656.599999999999,406.99,1,3.0
CUST21641,Vivek Yadav,7638.099999999999,1252.92,1,2.0
CUST17547,Neha Pradhan,7624.5,1018.68,1,2.0
CUST25210,Vikas Patel,7622.999999999999,912.99,1,2.0
CUST25832,Vivek Gupta,7621.599999999999,1612.85,1,1.0
CUST12523,Pooja Dutta,7615.299999999999,1234.14,1,1.0
CUST25985,Amit Yadav,7611.75,953.09,1,1.0
CUST10828,Sneha Das,7606.65,746.79,1,1.0
CUST12509,Priya Behera,7604.0,934.62,1,5.0
CUST19540,Sneha Mohanty,7592.2,1235.9,1,1.0
CUST17677,Rohit Gupta,7582.5,606.52,1,1.0
CUST13368,Vikas Jain,7578.0,999.104866666666,1,1.0
CUST15284,Ankit Verma,7573.5,1392.29,1,3.0
CUST28242,Amit Yadav,7534.8,788.12,1,2.0
CUST14857,Karan Behera,7514.0,739.62,1,1.0
CUST21081,Shreya Mohanty,7509.599999999999,569.13,1,4.0
CUST14131,Pooja Mehta,7508.0,1470.89,1,1.0
CUST25075,Amit Dutta,7473.2,1282.91,1,2.0
CUST14641,Karan Dutta,7464.0,1649.0,1,2.0
CUST24971,Raj Das,7453.65,1203.36,1,3.0
CUST11991,Vivek Das,7441.75,1786.17,1,1.0
CUST20564,Vivek Mishra,7403.349999999999,1023.41,1,1.0
CUST25421,Sneha Sahu,7387.099999999999,1187.95,1,1.0
CUST10068,Deepak Jain,7367.499999999999,1087.16,1,5.0
CUST13639,Ankit Jain,7354.9,1032.1,1,1.0
CUST22736,Arjun Singh,7353.0,997.54,1,2.0
CUST10873,Ankit Mohanty,7344.4,1377.85,1,2.0
CUST25845,Suresh Jain,7337.4,744.19,1,3.0
CUST24316,Manish Jain,7307.0,1742.54,1,1.0
CUST13188,Arjun Mohanty,7299.200000000001,1531.76,1,4.0
CUST19817,Akash Pradhan,7278.0,818.95,1,2.0
CUST23976,Manish Mehta,7270.9,1387.4,1,1.0
CUST10990,Rohit Kumar,7266.0,1235.59,1,3.0
CUST23414,Rahul Verma,7265.599999999999,1206.81,1,1.0
CUST27960,Pooja Rao,7263.0,871.3,1,2.0
CUST20460,Vikas Patel,7254.099999999999,1614.9,1,1.0
CUST10497,Arjun Mishra,7231.5,1539.42,1,2.0
CUST11877,Rahul Panda,7229.599999999999,1195.96,1,4.0
CUST14691,Priya Pradhan,7218.099999999999,1067.95,1,1.0
CUST15016,Priya Mehta,7208.0,1221.36,1,1.0
CUST17649,Vikas Patel,7206.400000000001,428.75,1,4.0
CUST25002,Suresh Kumar,7188.65,578.68,1,1.0
CUST13144,Manish Dutta,7186.0,494.72,1,2.0
CUST20401,Rahul Rao,7184.25,1262.57,1,3.0
CUST24822,Neha Verma,7168.5,1327.89,1,3.0
CUST25965,Manish Sahu,7145.099999999999,478.1,1,2.0
CUST10685,Manish Reddy,7140.2,668.01,1,2.0
CUST22806,Amit Pradhan,7110.400000000001,734.73,1,4.0
CUST12783,Kavita Mishra,7106.400000000001,1213.57,1,4.0
CUST24746,Vikas Sharma,7104.299999999999,814.73,1,3.0
CUST26732,Rohit Mohanty,7104.099999999999,1624.09,1,2.0
CUST11152,Neha Pradhan,7093.6,961.07,1,1.0
CUST19827,Vivek Singh,7091.25,461.45,1,5.0
CUST12827,Rahul Sharma,7090.0,1451.42,1,2.0
CUST26147,Arjun Dutta,7081.2,792.43,1,1.0
CUST16919,Akash Das,7070.0,482.94,1,5.0
CUST11887,Neha Sahu,7068.0,494.01,1,4.0
CUST14934,Arjun Gupta,7063.5,1368.78,1,3.0
CUST27442,Riya Sahu,7048.8,1274.42,1,2.0
CUST27892,Priya Das,7041.4,1717.3,1,4.0
CUST14021,Swati Rao,7036.5,664.47,1,2.0
CUST17664,Vikas Rao,7024.4,789.84,1,1.0
CUST24885,Vivek Singh,7024.0,1600.35,1,5.0
CUST25425,Deepak Das,6980.0,1301.29,1,5.0
CUST11174,Nisha Mishra,6972.7,943.03,1,1.0
CUST12445,Swati Mehta,6952.0,533.83,1,1.0
CUST12959,Neha Mohanty,6951.3,443.43,1,2.0
CUST23855,Suresh Sahu,6936.75,1250.04,1,1.0
CUST20731,Anjali Kumar,6934.3,1318.61,1,1.0
CUST19525,Akash Sahu,6900.75,402.14,1,1.0
CUST11154,Pooja Patel,6899.400000000001,1037.69,1,2.0
CUST27257,Kavita Rao,6892.0,845.05,1,5.0
CUST20699,Sanjay Sharma,6888.0,1064.99,1,1.0
CUST13402,Sneha Dutta,6883.5,1100.0,1,1.0
CUST15448,Rohit Mehta,6882.400000000001,607.0,1,1.0
CUST13748,Vikas Sahu,6873.099999999999,753.49,1,1.0
CUST17817,Suresh Dutta,6849.75,1583.79,1,1.0
CUST20871,Anjali Patel,6844.2,1679.71,1,4.0
CUST27923,Akash Sahu,6844.2,1647.87,1,4.0
CUST26566,Swati Sharma,6834.299999999999,427.73,1,3.0
CUST11703,Anjali Das,6828.0,1167.92,1,2.0
CUST18795,Sneha Das,6813.799999999999,1094.92,1,1.0
CUST14772,Priya Singh,6810.0,1695.43,1,2.0
CUST27333,Riya Reddy,6807.0,1427.89,1,2.0
CUST13245,Arjun Das,6798.4,1083.98,1,1.0
CUST12465,Pooja Rao,6795.900000000001,1139.05,1,1.0
CUST10301,Sneha Singh,6791.400000000001,704.97,1,2.0
CUST14438,Riya Panda,6784.0,752.93,1,2.0
CUST14666,Vikas Das,6745.5,1108.68,1,1.0
CUST10499,Shreya Kumar,6699.7,368.95,1,1.0
CUST17629,Manish Gupta,6688.8,541.21,1,3.0
CUST17933,Rahul Sahu,6687.8,1276.92,1,1.0
CUST20171,Amit Behera,6687.049999999999,689.54,1,1.0
CUST27282,Vikas Mishra,6683.200000000001,886.96,1,2.0
CUST17399,Anjali Mohanty,6642.0,1039.4853666666645,1,3.0
CUST12448,Rohit Patel,6629.6,1114.19,1,1.0
CUST23556,Shreya Yadav,6625.5,773.36,1,3.0
CUST12788,Arjun Rao,6618.5,1305.11,1,5.0
CUST19586,Manish Verma,6605.2,1025.19,1,1.0
CUST13135,Akash Panda,6584.400000000001,1108.18,1,4.0
CUST12284,Deepak Dutta,6582.4,1555.53,1,2.0
CUST18747,Sanjay Sharma,6579.0,858.68,1,5.0
CUST22090,Akash Dutta,6578.75,634.98,1,1.0
CUST21579,Anjali Pradhan,6554.799999999999,999.44,1,4.0
CUST13996,Riya Kumar,6552.0,1306.61,1,4.0
CUST23880,Neha Rao,6514.2,1559.05,1,3.0
CUST10794,Deepak Yadav,6505.599999999999,1524.16,1,4.0
CUST18248,Swati Das,6490.8,1185.97,1,2.0
CUST19964,Arjun Rao,6489.0,1421.59,1,3.0
CUST28850,Ankit Mohanty,6483.75,1038.08,1,3.0
CUST10509,Vivek Sahu,6476.400000000001,1539.72,1,4.0
CUST11406,Deepak Behera,6444.0,1604.23,1,4.0
CUST27056,Nisha Sahu,6443.849999999999,962.68,1,1.0
CUST20090,Rahul Dutta,6442.799999999999,1022.12,1,2.0
CUST25267,Vikas Singh,6441.3,1136.75,1,3.0
CUST28694,Akash Mohanty,6435.0,1205.89,1,3.0
CUST20677,Amit Yadav,6410.25,1204.79,1,3.0
CUST28734,Neha Kumar,6394.5,1522.21,1,1.0
CUST10784,Vivek Pradhan,6393.6,1352.81,1,3.0
CUST19294,Ankit Verma,6383.200000000001,1551.19,1,1.0
CUST27959,Rahul Pradhan,6375.599999999999,1033.57,1,3.0
CUST18138,Raj Yadav,6356.7,859.82,1,3.0
CUST27024,Rahul Mehta,6332.5,646.82,1,2.0
CUST23921,Priya Mehta,6326.599999999999,670.93,1,1.0
CUST26544,Shreya Pradhan,6315.599999999999,665.18,1,2.0
CUST17961,Pooja Jain,6309.799999999999,430.13,1,1.0
CUST26080,Ankit Pradhan,6306.3,1460.0,1,1.0
CUST23012,Amit Pradhan,6278.400000000001,726.41,1,2.0
CUST14854,Neha Sahu,6273.0,663.39,1,3.0
CUST22058,Anjali Yadav,6266.400000000001,1079.37,1,1.0
CUST22148,Anjali Nayak,6260.8,655.27,1,2.0
CUST28014,Swati Kumar,6255.900000000001,375.6,1,3.0
CUST26385,Nisha Dutta,6247.5,897.54,1,5.0
CUST19611,Abhishek Verma,6244.95,894.72,1,1.0
CUST23309,Deepak Reddy,6233.5,1440.9,1,5.0
CUST12538,Akash Verma,6230.5,589.65,1,2.0
CUST25157,Unknown,6223.5,645.88,1,2.0
CUST19366,Raj Yadav,6221.549999999999,646.05,1,3.0
CUST25854,Neha Mehta,6210.0,508.45,1,2.0
CUST12290,Priya Pradhan,6207.599999999999,837.11,1,3.0
CUST17782,Sneha Mohanty,6207.599999999999,943.53,1,2.0
CUST20637,Neha Kumar,6189.4,806.54,1,2.0
CUST12547,Vivek Verma,6177.8,1048.8,1,1.0
CUST14453,Abhishek Panda,6166.0,897.64,1,2.0
CUST19903,Ankit Panda,6156.8,780.89,1,4.0
CUST20490,Amit Mishra,6150.6,849.42,1,1.0
CUST12650,Akash Singh,6144.0,1502.01,1,2.0
CUST10235,Vivek Sharma,6133.599999999999,1047.71,1,1.0
CUST16027,Sanjay Sharma,6112.0,1232.67,1,1.0
CUST10725,Deepak Sahu,6094.2,749.64,1,3.0
CUST28821,Shreya Jain,6078.6,1466.29,1,2.0
CUST12771,Abhishek Nayak,6074.400000000001,1041.47,1,1.0
CUST12499,Akash Panda,6053.599999999999,1451.18,1,4.0
CUST13622,Swati Rao,6043.200000000001,608.23,1,1.0
CUST10418,Sanjay Pradhan,6043.0,864.56,1,1.0
CUST27594,Sneha Pradhan,6042.4,339.39,1,4.0
CUST10463,Karan Dutta,6021.900000000001,406.83,1,1.0
CUST14626,Ankit Das,6016.0,1443.34,1,4.0
CUST17247,Shreya Sahu,5990.7,1303.47,1,1.0
CUST22353,Sneha Das,5969.55,957.88,1,1.0
CUST10753,Kavita Yadav,5948.8,497.84,1,4.0
CUST22276,Karan Mehta,5934.0,880.05,1,3.0
CUST17214,Shreya Reddy,5924.799999999999,877.78,1,2.0
CUST22948,Neha Das,5908.049999999999,434.97,1,1.0
CUST27243,Vivek Sahu,5895.599999999999,851.26,1,2.0
CUST24440,Neha Gupta,5895.0,485.8,1,3.0
CUST17091,Neha Kumar,5885.4,1259.64,1,1.0
CUST13708,Akash Dutta,5871.0,833.1,1,1.0
CUST28079,Deepak Patel,5847.0,717.25,1,2.0
CUST28431,Raj Gupta,5822.5,705.68,1,5.0
CUST25737,Akash Mehta,5814.900000000001,821.03,1,1.0
CUST19241,Swati Sahu,5814.0,522.68,1,1.0
CUST11863,Vivek Dutta,5811.200000000001,867.38,1,4.0
CUST18839,Suresh Patel,5809.5,488.17,1,2.0
CUST20809,Rahul Nayak,5803.8,388.85,1,3.0
CUST20258,Rahul Das,5801.0,853.63,1,1.0
CUST11853,Arjun Singh,5786.45,704.65,1,1.0
CUST16024,Deepak Yadav,5782.65,304.47,1,3.0
CUST12407,Vivek Rao,5777.6,1179.67,1,2.0
CUST24758,Nisha Gupta,5776.0,1426.91,1,5.0
CUST18515,Swati Pradhan,5772.2,682.6,1,4.0
CUST12226,Pooja Sahu,5763.0,779.39,1,4.0
CUST15700,Abhishek Pradhan,5748.8,612.84,1,2.0
CUST28978,Swati Jain,5725.5,834.56,1,2.0
CUST24322,Nisha Gupta,5685.0,791.200233333332,1,2.0
CUST26725,Vikas Das,5681.95,601.71,1,1.0
CUST11494,Anjali Behera,5648.400000000001,922.57,1,4.0
CUST28485,Vikas Mehta,5634.900000000001,954.68,1,3.0
CUST11058,Rahul Jain,5621.0,348.08,1,2.0
CUST27297,Abhishek Sharma,5616.75,805.51,1,1.0
CUST18699,Arjun Sharma,5590.400000000001,860.32,1,2.0
CUST20900,Arjun Mehta,5562.75,865.74,1,1.0
CUST26946,Amit Sharma,5557.3,1347.01,1,2.0
CUST10867,Anjali Nayak,5537.0,1293.45,1,1.0
CUST23802,Sneha Behera,5533.5,668.09,1,2.0
CUST23001,Nisha Rao,5514.599999999999,346.93,1,1.0
CUST25173,Deepak Mehta,5514.0,1062.34,1,1.0
CUST28166,Manish Rao,5502.0,652.58,1,4.0
CUST17623,Riya Mehta,5497.6,835.27,1,2.0
CUST19441,Arjun Behera,5477.7,334.11,1,2.0
CUST13294,Manish Sahu,5472.0,1161.7,1,1.0
CUST23728,Vikas Dutta,5472.0,531.21,1,5.0
CUST11348,Sneha Dutta,5464.5,302.92,1,2.0
CUST24414,Sneha Panda,5457.0,1348.47,1,2.0
CUST15901,Vikas Mishra,5443.5,1069.51,1,1.0
CUST24482,Nisha Yadav,5438.75,848.22,1,5.0
CUST28490,Akash Kumar,5437.5,733.48,1,5.0
CUST25331,Kavita Patel,5432.7,701.22,1,3.0
CUST28226,Deepak Singh,5412.6,1139.18,1,1.0
CUST12883,Rohit Reddy,5409.6,709.81,1,3.0
CUST21882,Akash Verma,5408.0,745.86,1,5.0
CUST19133,Priya Mehta,5407.5,918.8,1,2.0
CUST22208,Anjali Panda,5407.4,796.32,1,1.0
CUST24281,Vikas Dutta,5404.0,795.64,1,1.0
CUST11254,Rahul Panda,5384.4,770.64,1,3.0
CUST17095,Priya Rao,5370.3,547.16,1,3.0
CUST16379,Raj Sahu,5366.9,692.28,1,1.0
CUST20374,Karan Panda,5339.25,625.74,1,3.0
CUST17187,Rohit Mehta,5326.400000000001,1114.09,1,1.0
CUST17645,Pooja Sahu,5301.0,409.57,1,1.0
CUST12285,Rahul Mishra,5296.5,1205.81,1,1.0
CUST27207,Rahul Patel,5262.0,587.38,1,1.0
CUST22975,Manish Yadav,5255.25,988.49,1,1.0
CUST27412,Rahul Patel,5245.76,681.83,1,1.0
CUST19275,Priya Jain,5243.400000000001,728.63,1,2.0
CUST20944,Kavita Verma,5233.45,865.3,1,1.0
CUST15723,Vivek Pradhan,5225.8,276.6,1,1.0
CUST17060,Priya Sharma,5213.599999999999,495.48,1,1.0
CUST21777,Swati Gupta,5204.0,659.03,1,5.0
CUST25686,Abhishek Mehta,5188.5,1086.33,1,1.0
CUST21177,Anjali Sharma,5176.8,733.25,1,1.0
CUST11460,Sneha Gupta,5169.6,828.06,1,1.0
CUST26151,Suresh Gupta,5169.0,303.25,1,2.0
CUST19100,Vikas Verma,5168.0,368.06,1,4.0
CUST10072,Priya Patel,5166.099999999999,591.37,1,2.0
CUST12749,Anjali Pradhan,5125.4,1106.92,1,1.0
CUST19289,Ankit Pradhan,5100.75,1193.6,1,1.0
CUST28615,Arjun Sharma,5088.0,455.45,1,4.0
CUST12611,Shreya Sharma,5087.599999999999,872.79,1,1.0
CUST19387,Amit Reddy,5078.75,1017.54,1,5.0
CUST28419,Akash Panda,5077.05,459.52,1,1.0
CUST15808,Suresh Sahu,5076.0,543.66,1,1.0
CUST24764,Neha Singh,5049.0,1166.25,1,2.0
CUST20614,Kavita Mishra,5046.299999999999,831.13,1,3.0
CUST12851,Vikas Mishra,5037.2,1080.83,1,4.0
CUST19204,Anjali Jain,5013.4,505.73,1,2.0
CUST10942,Deepak Yadav,5008.5,721.02,1,1.0
CUST19594,Sanjay Nayak,5004.0,1175.92,1,4.0
CUST13613,Raj Sahu,4986.400000000001,759.52,1,1.0
CUST16570,Abhishek Reddy,4975.9,738.18,1,2.0
CUST18274,Rahul Panda,4970.4,844.05,1,4.0
CUST21017,Swati Das,4958.799999999999,1070.87,1,2.0
CUST13774,Manish Sharma,4933.349999999999,315.12,1,1.0
CUST26982,Amit Pradhan,4920.299999999999,812.06,1,3.0
CUST20868,Raj Rao,4919.8,462.58,1,2.0
CUST24760,Priya Mehta,4917.0,376.08,1,2.0
CUST24866,Vikas Behera,4900.0,988.85,1,5.0
CUST17733,Amit Gupta,4850.099999999999,815.74,1,1.0
CUST20973,Arjun Yadav,4845.0,691.97,1,3.0
CUST17839,Arjun Verma,4835.599999999999,1134.32,1,2.0
CUST24348,Manish Verma,4830.75,309.33,1,1.0
CUST22782,Neha Nayak,4823.0,462.24,1,2.0
CUST14436,Shreya Dutta,4803.2,454.87,1,1.0
CUST13335,Suresh Mehta,4788.0,1061.87,1,1.0
CUST17082,Abhishek Behera,4777.5,708.37,1,1.0
CUST22553,Amit Singh,4776.15,921.85,1,3.0
CUST27721,Kavita Gupta,4770.900000000001,414.13,1,3.0
CUST24572,Rohit Gupta,4756.599999999999,757.81,1,2.0
CUST26440,Neha Sahu,4750.400000000001,253.84,1,1.0
CUST10800,Abhishek Mehta,4748.799999999999,346.95,1,2.0
CUST23862,Abhishek Sahu,4744.3,586.31,1,2.0
CUST18757,Rohit Patel,4730.400000000001,499.83,1,1.0
CUST21931,Swati Singh,4728.0,1152.0,1,5.0
CUST10457,Vivek Sharma,4702.5,776.47,1,5.0
CUST18203,Swati Rao,4698.4,253.95,1,1.0
CUST15192,Raj Patel,4696.0,954.72,1,2.0
CUST11601,Karan Yadav,4666.0,604.95,1,2.0
CUST28778,Pooja Patel,4649.5,321.41,1,2.0
CUST28466,Deepak Patel,4646.400000000001,873.19,1,2.0
CUST27104,Suresh Sharma,4632.0,734.02,1,1.0
CUST15856,Vivek Rao,4631.25,395.22,1,5.0
CUST12513,Raj Panda,4573.8,572.38,1,2.0
CUST10931,Rohit Sharma,4573.55,731.71,1,5.0
CUST20602,Anjali Das,4568.0,737.44,1,2.0
CUST17487,Ankit Pradhan,4564.5,930.41,1,3.0
CUST28522,Sneha Sharma,4561.9,264.34,1,1.0
CUST14965,Shreya Sharma,4554.3,440.61,1,1.0
CUST21561,Ankit Sharma,4541.95,327.53,1,1.0
CUST18415,Shreya Behera,4541.599999999999,712.06,1,2.0
CUST17007,Rohit Jain,4536.7,354.21,1,1.0
CUST23027,Riya Singh,4524.75,584.04,1,3.0
CUST21432,Ankit Patel,4520.3,838.54,1,1.0
CUST12964,Abhishek Reddy,4510.8,1020.42,1,4.0
CUST10815,Sneha Behera,4508.0,356.23,1,1.0
CUST20858,Akash Nayak,4504.9,470.31,1,2.0
CUST10598,Riya Verma,4499.9,240.0,1,2.0
CUST26071,Anjali Gupta,4497.0,539.33,1,2.0
CUST14658,Pooja Nayak,4485.0,456.35,1,3.0
CUST13236,Akash Mishra,4480.0,1027.83,1,4.0
CUST15236,Riya Sharma,4473.0,452.75,1,1.0
CUST12363,Vivek Mohanty,4451.7,464.72,1,2.0
CUST27300,Sanjay Kumar,4433.6,1002.25,1,1.0
CUST17955,Karan Reddy,4431.2,502.26,1,1.0
CUST18789,Sanjay Pradhan,4419.0,641.09,1,2.0
CUST11438,Ankit Mishra,4409.9,943.22,1,2.0
CUST20227,Rahul Reddy,4405.0,790.17,1,1.0
CUST11186,Riya Reddy,4400.4,517.18,1,1.0
CUST25312,Raj Mohanty,4392.8,604.07,1,2.0
CUST17097,Shreya Panda,4377.0,437.39,1,1.0
CUST15476,Raj Mishra,4374.0,766.73,1,1.0
CUST19537,Anjali Panda,4374.0,634.17,1,2.0
CUST19400,Priya Reddy,4371.5,853.29,1,1.0
CUST10756,Pooja Yadav,4368.0,724.88,1,2.0
CUST15638,Raj Pradhan,4362.4,736.82,1,4.0
CUST16876,Amit Jain,4353.75,267.55,1,3.0
CUST16611,Vivek Yadav,4342.5,841.16,1,5.0
CUST18270,Kavita Dutta,4335.0,712.2349666666673,1,3.0
CUST14133,Vivek Sahu,4324.5,290.68,1,1.0
CUST28894,Arjun Panda,4306.349999999999,701.38,1,1.0
CUST25877,Manish Patel,4303.5,1005.54,1,1.0
CUST28422,Rahul Jain,4299.3,939.5,1,1.0
CUST19296,Swati Patel,4296.0,269.54,1,2.0
CUST24832,Riya Patel,4276.8,590.29,1,1.0
CUST23169,Sanjay Reddy,4265.8,989.27,1,1.0
CUST24599,Amit Mishra,4252.5,312.1,1,1.0
CUST10587,Akash Singh,4240.0,967.55,1,2.0
CUST18154,Suresh Nayak,4239.8,417.88,1,1.0
CUST21712,Shreya Mishra,4237.2,1028.8,1,1.0
CUST20738,Karan Behera,4235.0,922.2,1,2.0
CUST11815,Anjali Panda,4225.5,1033.82,1,3.0
CUST13244,Priya Patel,4217.7,581.22,1,2.0
CUST28382,Sanjay Sahu,4212.0,426.66,1,3.0
CUST21394,Shreya Panda,4193.7,828.24,1,1.0
CUST11986,Akash Mishra,4185.4,964.41,1,1.0
CUST27813,Anjali Behera,4184.55,636.87,1,1.0
CUST19044,Priya Mehta,4168.0,221.27,1,2.0
CUST20574,Karan Singh,4159.5,478.77,1,2.0
CUST17620,Ankit Pradhan,4144.0,790.11,1,1.0
CUST28156,Sneha Mohanty,4140.8,588.17,1,1.0
CUST13309,Riya Mohanty,4113.15,714.74,1,3.0
CUST21340,Karan Kumar,4105.5,998.54,1,1.0
CUST13874,Raj Dutta,4102.5,224.43,1,5.0
CUST23811,Sneha Mohanty,4100.4,504.64,1,3.0
CUST11024,Deepak Pradhan,4071.8999999999996,442.53,1,3.0
CUST15693,Deepak Sharma,4065.0,413.36,1,4.0
CUST19199,Shreya Singh,4056.0,695.56,1,5.0
CUST28830,Sneha Pradhan,4044.2999999999997,477.46,1,1.0
CUST20337,Kavita Pradhan,4043.0,671.01,1,1.0
CUST19138,Sneha Behera,4040.0,276.97,1,2.0
CUST14083,Rahul Nayak,4034.0,372.91,1,1.0
CUST12609,Nisha Patel,4022.2,750.1,1,4.0
CUST15838,Arjun Sahu,4021.5,971.03,1,2.0
CUST24901,Vikas Yadav,4017.75,648.81,1,1.0
CUST22198,Shreya Gupta,4006.4,499.63,1,1.0
CUST28555,Arjun Singh,4005.3999999999996,653.55,1,2.0
CUST27449,Amit Das,3974.4,894.91,1,3.0
CUST22434,Priya Jain,3961.0,954.96,1,5.0
CUST14449,Nisha Nayak,3956.8,279.5,1,2.0
CUST18065,Manish Das,3947.2000000000003,527.74,1,1.0
CUST16138,Vikas Panda,3940.5,585.08,1,1.0
CUST18111,Arjun Jain,3934.0,917.69,1,1.0
CUST16208,Sanjay Behera,3931.2000000000003,412.72,1,3.0
CUST26470,Pooja Panda,3920.0,586.26,1,1.0
CUST23603,Vikas Sharma,3906.6,460.62,1,1.0
CUST23882,Akash Panda,3906.4,195.41,1,1.0
CUST28514,Amit Kumar,3897.25,602.91,1,5.0
CUST22593,Swati Panda,3893.0,200.06,1,4.0
CUST26904,Vikas Sharma,3888.75,443.03,1,3.0
CUST23508,Swati Behera,3885.75,211.7,1,3.0
CUST20077,Vikas Reddy,3859.85,839.05,1,1.0
CUST14407,Raj Das,3854.4,740.52,1,3.0
CUST18062,Anjali Mehta,3837.75,216.41,1,1.0
CUST13388,Pooja Pradhan,3835.8,434.77,1,1.0
CUST11421,Swati Patel,3825.6000000000004,726.09,1,3.0
CUST26252,Raj Gupta,3817.7999999999997,552.52,1,1.0
CUST24454,Arjun Nayak,3810.7999999999997,374.65,1,1.0
CUST23745,Neha Gupta,3796.7999999999997,496.44,1,2.0
CUST27796,Ankit Singh,3795.2000000000003,615.19,1,2.0
CUST22591,Vikas Behera,3776.4,649.97,1,2.0
CUST21421,Abhishek Reddy,3774.4,219.33,1,1.0
CUST24108,Rahul Reddy,3767.2,642.86,1,1.0
CUST25560,Rohit Mishra,3765.0,585.39,1,1.0
CUST21005,Deepak Yadav,3748.5,933.65,1,2.0
CUST12493,Karan Pradhan,3720.0,753.34,1,2.0
CUST10951,Kavita Singh,3704.8,637.93,1,1.0
CUST13512,Pooja Yadav,3704.3999999999996,329.67,1,2.0
CUST24248,Vivek Das,3702.6,392.21,1,3.0
CUST20105,Anjali Yadav,3691.2000000000003,474.84,1,1.0
CUST14026,Anjali Yadav,3688.9999999999995,873.18,1,5.0
CUST13931,Abhishek Panda,3688.0,874.95,1,1.0
CUST17018,Arjun Pradhan,3639.6,727.67,1,3.0
CUST10535,Sneha Jain,3618.0,679.55,1,4.0
CUST13079,Manish Reddy,3598.0,493.69,1,1.0
CUST15166,Suresh Verma,3596.8,779.76,1,2.0
CUST13005,Rahul Patel,3588.8999999999996,579.36,1,1.0
CUST24967,Amit Mishra,3582.0,658.37,1,4.0
CUST26519,Kavita Sahu,3572.0,475.73,1,1.0
CUST10286,Anjali Verma,3571.2000000000003,660.21,1,4.0
CUST23422,Abhishek Yadav,3570.0,304.18,1,2.0
CUST20372,Vikas Behera,3567.0,877.38,1,1.0
CUST17380,Abhishek Kumar,3546.2,234.7,1,1.0
CUST19176,Arjun Rao,3542.4,694.75,1,2.0
CUST17796,Manish Reddy,3532.0,254.38,1,5.0
CUST20758,Arjun Panda,3500.0,334.36,1,1.0
CUST17079,Kavita Rao,3483.8999999999996,233.74,1,1.0
CUST28976,Shreya Nayak,3478.5,232.9,1,3.0
CUST28361,Priya Pradhan,3468.6,689.61,1,2.0
CUST26456,Rohit Mohanty,3455.2,528.72,1,4.0
CUST23575,Priya Patel,3443.75,625.88,1,5.0
CUST28091,Amit Pradhan,3438.3999999999996,633.88,1,2.0
CUST17382,Abhishek Nayak,3425.7,551.41,1,3.0
CUST27055,Arjun Kumar,3418.5,807.72,1,2.0
CUST27082,Arjun Jain,3408.0,498.08,1,1.0
CUST18367,Nisha Verma,3396.75,671.04,1,1.0
CUST27756,Vivek Sharma,3379.6,619.06,1,2.0
CUST28929,Sneha Mishra,3373.5,276.79,1,2.0
CUST25055,Ankit Dutta,3372.6,702.22,1,3.0
CUST24898,Amit Verma,3363.0,641.1,1,3.0
CUST15251,Rohit Singh,3354.4,653.86,1,1.0
CUST11643,Pooja Mehta,3353.0,751.17,1,1.0
CUST23238,Ankit Das,3352.5,654.2,1,1.0
CUST18507,Abhishek Nayak,3342.0,588.25,1,2.0
CUST27586,Priya Mehta,3330.0,560.84,1,1.0
CUST24944,Vivek Panda,3329.1,292.93,1,3.0
CUST11796,Sneha Panda,3314.15,404.34,1,1.0
CUST13196,Manish Sharma,3309.7999999999997,727.72,1,4.0
CUST25732,Riya Sahu,3298.3999999999996,213.87,1,1.0
CUST14362,Anjali Jain,3297.45,828.78,1,3.0
CUST24356,Nisha Rao,3295.0,529.58,1,1.0
CUST17348,Abhishek Gupta,3294.4,482.88,1,1.0
CUST22116,Neha Jain,3288.0,551.58,1,1.0
CUST21616,Ankit Nayak,3258.0,710.16,1,2.0
CUST11515,Kavita Das,3255.75,765.9,1,3.0
CUST22861,Suresh Kumar,3253.5,477.22,1,1.0
CUST27172,Deepak Behera,3249.6000000000004,336.79,1,3.0
CUST19251,Anjali Yadav,3246.4,414.87,1,2.0
CUST11006,Vikas Dutta,3246.1499999999996,732.2,1,3.0
CUST12880,Manish Singh,3239.5,218.66,1,1.0
CUST11535,Vikas Panda,3235.1,659.14,1,2.0
CUST28540,Sneha Patel,3222.4,626.39,1,2.0
CUST26319,Rahul Sharma,3221.3999999999996,463.34,1,3.0
CUST20741,Swati Sahu,3215.7999999999997,789.95,1,2.0
CUST22666,Amit Das,3202.2000000000003,630.35,1,3.0
CUST25550,Kavita Jain,3183.75,305.33,1,3.0
CUST10981,Manish Verma,3180.0,373.47,1,2.0
CUST10202,Kavita Sahu,3176.8,276.05,1,1.0
CUST12266,Rahul Gupta,3142.0,745.01,1,2.0
CUST14221,Raj Nayak,3139.2000000000003,483.98,1,2.0
CUST23857,Manish Mohanty,3129.0,310.65,1,3.0
CUST24217,Sneha Yadav,3120.6,674.05,1,3.0
CUST13471,Kavita Jain,3119.7999999999997,736.72,1,2.0
CUST12746,Unknown,3089.6000000000004,733.93,1,1.0
CUST25292,Anjali Behera,3081.6000000000004,467.87,1,1.0
CUST10095,Raj Nayak,3073.0,486.54,1,1.0
CUST19671,Nisha Yadav,3062.4,387.02,1,3.0
CUST19895,Shreya Mishra,3053.7000000000003,246.92,1,3.0
CUST27878,Arjun Yadav,3035.35,612.33,1,1.0
CUST15407,Riya Mishra,3031.95,402.42,1,1.0
CUST14002,Akash Yadav,3007.2999999999997,337.89,1,1.0
CUST22149,Shreya Sahu,3006.0,634.35,1,3.0
CUST21567,Priya Pradhan,3002.4,164.91,1,1.0
CUST19163,Rahul Pradhan,2992.85,650.58,1,1.0
CUST26133,Amit Kumar,2983.5,402.53,1,3.0
CUST26588,Deepak Nayak,2972.25,242.85,1,1.0
CUST13842,Akash Verma,2945.6,348.87,1,4.0
CUST15536,Amit Sharma,2943.75,586.32,1,1.0
CUST28770,Rahul Mishra,2930.8999999999996,544.88,1,1.0
CUST20084,Karan Jain,2926.0,449.34,1,1.0
CUST16279,Sanjay Mishra,2901.2999999999997,515.25,1,3.0
CUST12061,Rohit Mishra,2886.6,675.4,1,2.0
CUST11756,Raj Jain,2880.0,195.63,1,5.0
CUST22691,Priya Das,2853.2,248.43,1,4.0
CUST23700,Sanjay Nayak,2851.2000000000003,505.7,1,3.0
CUST17902,Anjali Rao,2839.5,672.76,1,1.0
CUST17012,Anjali Dutta,2820.2999999999997,137.93,1,2.0
CUST11046,Priya Patel,2817.9,504.16,1,1.0
CUST15393,Nisha Dutta,2810.5,650.82,1,1.0
CUST12559,Manish Nayak,2801.6000000000004,587.22,1,2.0
CUST13022,Swati Gupta,2791.1,543.46,1,2.0
CUST22653,Rahul Mehta,2780.8,293.49,1,4.0
CUST23274,Sneha Panda,2778.2999999999997,370.24,1,3.0
CUST22792,Kavita Jain,2775.0,606.15,1,5.0
CUST21847,Deepak Verma,2764.0,285.16,1,5.0
CUST22701,Nisha Dutta,2757.85,468.62,1,1.0
CUST23934,Swati Dutta,2754.0,202.58,1,5.0
CUST26764,Sanjay Mehta,2744.0,425.77,1,4.0
CUST24908,Abhishek Sahu,2741.25,640.48,1,5.0
CUST14989,Vikas Singh,2732.8,673.94,1,1.0
CUST14529,Vivek Jain,2731.2000000000003,415.35,1,1.0
CUST16668,Akash Jain,2707.2000000000003,485.78,1,2.0
CUST28709,Rahul Mohanty,2680.0,605.11,1,4.0
CUST25324,Neha Singh,2676.7999999999997,514.98,1,2.0
CUST22322,Swati Verma,2667.0,565.25,1,1.0
CUST15594,Deepak Sahu,2664.9,183.32,1,1.0
CUST11997,Sneha Sahu,2657.6000000000004,510.31,1,1.0
CUST27009,Pooja Das,2648.8,194.91,1,1.0
CUST15087,Rohit Dutta,2630.4,574.47,1,4.0
CUST13649,Manish Patel,2630.0,234.47,1,2.0
CUST19359,Kavita Nayak,2629.0499999999997,531.42,1,3.0
CUST13197,Priya Kumar,2625.75,593.03,1,3.0
CUST26335,Rohit Patel,2623.5,569.01,1,1.0
CUST24795,Sanjay Patel,2619.0,236.17,1,3.0
CUST21247,Swati Panda,2612.0,270.4,1,1.0
CUST22213,Kavita Panda,2609.1,221.3,1,1.0
CUST23747,Anjali Singh,2603.5499999999997,330.55,1,3.0
CUST14366,Kavita Jain,2601.8999999999996,215.58,1,1.0
CUST16906,Rahul Panda,2586.0,275.5,1,2.0
CUST19840,Nisha Rao,2581.5,461.93,1,2.0
CUST16940,Kavita Das,2575.0,442.5,1,1.0
CUST11371,Riya Behera,2568.0,459.28,1,3.0
CUST22862,Karan Reddy,2560.25,396.97,1,1.0
CUST24857,Shreya Kumar,2524.5,134.26,1,3.0
CUST11711,Unknown,2519.4,579.88,1,2.0
CUST22827,Suresh Kumar,2511.75,135.42,1,3.0
CUST25729,Deepak Behera,2493.3999999999996,218.29,1,1.0
CUST20420,Nisha Panda,2484.9,299.77,1,1.0
CUST26493,Amit Verma,2474.5,368.06,1,1.0
CUST27353,Abhishek Jain,2472.0,414.18,1,1.0
CUST12065,Rohit Dutta,2464.2999999999997,609.63,1,2.0
CUST10475,Karan Singh,2455.65,146.54,1,3.0
CUST16749,Ankit Mohanty,2448.15,157.56,1,1.0
CUST22680,Amit Reddy,2444.0,603.47,1,4.0
CUST26474,Deepak Mohanty,2424.0,424.85,1,4.0
CUST20624,Kavita Yadav,2401.6,149.22,1,2.0
CUST15817,Ankit Yadav,2396.85,640.71,1,3.0
CUST16635,Manish Patel,2388.8,585.94,1,2.0
CUST13615,Vivek Panda,2383.5,422.82,1,3.0
CUST15678,Rohit Rao,2374.4,123.79,1,4.0
CUST27415,Akash Singh,2372.4,312.93,1,2.0
CUST15078,Sanjay Gupta,2337.0,416.5,1,4.0
CUST10780,Kavita Behera,2322.75,230.08,1,1.0
CUST13580,Swati Das,2317.5,305.05,1,5.0
CUST25680,Amit Panda,2312.0,279.46,1,1.0
CUST20365,Rahul Reddy,2304.35,337.73,1,1.0
CUST16888,Shreya Sharma,2298.7999999999997,427.57,1,2.0
CUST25851,Rahul Yadav,2293.2000000000003,278.42,1,4.0
CUST26421,Vivek Mishra,2289.5,305.19,1,1.0
CUST10950,Anjali Dutta,2277.15,407.46,1,1.0
CUST14246,Akash Singh,2275.2000000000003,541.73,1,3.0
CUST10842,Raj Das,2274.2999999999997,482.53,1,1.0
CUST22180,Raj Dutta,2271.75,376.99,1,1.0
CUST24286,Akash Mishra,2269.5,298.17,1,2.0
CUST24134,Sanjay Sharma,2248.3999999999996,311.91,1,4.0
CUST17001,Nisha Das,2239.2000000000003,377.1,1,4.0
CUST10217,Nisha Panda,2228.7,186.7,1,3.0
CUST22947,Pooja Gupta,2225.25,434.38,1,3.0
CUST11659,Anjali Patel,2211.0,486.28,1,2.0
CUST18532,Raj Mishra,2196.0,438.7,1,3.0
CUST19650,Kavita Gupta,2187.0,139.12,1,1.0
CUST27935,Anjali Jain,2179.7999999999997,310.4,1,2.0
CUST21294,Manish Sharma,2169.0,225.05,1,2.0
CUST11353,Rohit Yadav,2162.2,510.0,1,1.0
CUST18768,Vivek Nayak,2152.7,442.24,1,2.0
CUST15115,Vivek Gupta,2150.5,270.37,1,1.0
CUST25429,Pooja Panda,2132.0,202.22,1,1.0
CUST23979,Abhishek Das,2131.5,398.65,1,5.0
CUST22224,Sneha Mehta,2114.7999999999997,349.44,1,2.0
CUST16255,Raj Mishra,2094.4,221.22,1,2.0
CUST14166,Rahul Behera,2085.2999999999997,294.65,1,1.0
CUST28651,Kavita Mishra,2083.5,193.25,1,1.0
CUST28606,Priya Rao,2074.0,186.76,1,2.0
CUST27445,Anjali Dutta,2047.25,297.97,1,1.0
CUST15206,Swati Behera,2046.75,191.57,1,1.0
CUST23196,Deepak Rao,2042.6,468.29,1,2.0
CUST20340,Karan Pradhan,2035.75,415.09,1,1.0
CUST12327,Anjali Reddy,2022.4,370.94,1,4.0
CUST10745,Anjali Sahu,2012.1,452.73,1,2.0
CUST25931,Priya Gupta,2012.1,190.65,1,3.0
CUST26659,Neha Mohanty,2001.6000000000001,374.52,1,1.0
CUST22804,Karan Patel,1998.0,139.6,1,4.0
CUST20565,Sneha Panda,1975.3999999999999,320.53,1,2.0
CUST24308,Riya Rao,1938.0,459.58,1,3.0
CUST16676,Pooja Behera,1930.35,236.8,1,1.0
CUST21460,Shreya Das,1929.4499999999998,321.33,1,1.0
CUST27339,Ankit Reddy,1915.1999999999998,457.13,1,1.0
CUST24890,Rohit Patel,1907.3999999999999,431.94,1,2.0
CUST21509,Vikas Mohanty,1905.0,195.16,1,5.0
CUST15672,Anjali Sharma,1898.8999999999999,256.84,1,2.0
CUST26729,Sneha Verma,1892.8000000000002,197.75,1,1.0
CUST23565,Ankit Patel,1892.3999999999999,174.33,1,1.0
CUST13700,Suresh Behera,1892.1,426.92,1,2.0
CUST16008,Sanjay Patel,1890.0,134.82,1,4.0
CUST16576,Rahul Sharma,1889.9999999999998,102.03,1,5.0
CUST22356,Sanjay Panda,1872.4499999999998,226.98,1,1.0
CUST20393,Priya Behera,1861.5,307.5,1,2.0
CUST26233,Arjun Dutta,1854.9999999999998,290.05,1,2.0
CUST17290,Nisha Panda,1843.2,169.46,1,2.0
CUST25351,Anjali Patel,1841.1,243.22,1,3.0
CUST18786,Abhishek Yadav,1839.0,339.94,1,1.0
CUST13719,Arjun Reddy,1828.3999999999999,440.5,1,4.0
CUST13799,Vivek Pradhan,1823.25,412.86,1,3.0
CUST10786,Kavita Das,1807.95,299.35,1,3.0
CUST13290,Nisha Reddy,1807.2,324.28,1,4.0
CUST28636,Sanjay Gupta,1769.6,183.82,1,2.0
CUST13665,Pooja Mohanty,1764.8000000000002,292.08,1,2.0
CUST24874,Nisha Mishra,1764.0,342.14,1,3.0
CUST25641,Riya Mohanty,1732.5,102.06,1,1.0
CUST14348,Neha Dutta,1730.25,133.26,1,3.0
CUST17016,Sneha Patel,1706.1999999999998,305.61,1,2.0
CUST12293,Karan Reddy,1704.3,284.73,1,2.0
CUST24850,Suresh Reddy,1702.3999999999999,113.52,1,2.0
CUST28362,Shreya Pradhan,1698.3,256.56,1,1.0
CUST27575,Priya Gupta,1698.0,272.17,1,3.0
CUST22124,Pooja Rao,1690.5,260.89,1,1.0
CUST18549,Karan Rao,1680.0,206.59,1,1.0
CUST22009,Nisha Panda,1676.8000000000002,135.64,1,1.0
CUST22179,Amit Verma,1675.5,287.54,1,2.0
CUST21811,Ankit Jain,1670.1,118.64,1,3.0
CUST18528,Priya Gupta,1666.0,176.88,1,1.0
CUST14771,Vivek Mehta,1653.0,239.75,1,1.0
CUST19118,Vikas Mohanty,1622.4,115.03,1,3.0
CUST15621,Kavita Sharma,1609.6000000000001,145.84,1,2.0
CUST26423,Kavita Gupta,1571.4,357.86,1,3.0
CUST20223,Kavita Sahu,1571.4,97.25,1,3.0
CUST21077,Ankit Reddy,1548.75,134.51,1,1.0
CUST13836,Abhishek Panda,1536.8,357.48,1,1.0
CUST28891,Suresh Yadav,1535.4,332.4,1,2.0
CUST20591,Ankit Panda,1512.0,323.76,1,2.0
CUST16547,Sneha Rao,1506.2,346.72,1,1.0
CUST23587,Suresh Singh,1500.75,211.78,1,1.0
CUST19759,Sanjay Pradhan,1456.0,105.28,1,1.0
CUST25366,Unknown,1452.6000000000001,304.73,1,3.0
CUST27436,Suresh Das,1449.9,467.14,1,3.0
CUST19438,Akash Rao,1436.5,131.14,1,2.0
CUST28013,Vikas Kumar,1431.0,119.48,1,2.0
CUST19034,Unknown,1418.0,254.95,1,1.0
CUST10470,Sneha Behera,1410.5,286.39,1,1.0
CUST18120,Vivek Sharma,1390.5,278.11,1,1.0
CUST21737,Neha Dutta,1377.6000000000001,197.68,1,1.0
CUST14820,Kavita Sahu,1346.0,257.51,1,2.0
CUST25602,Arjun Reddy,1343.25,297.01,1,3.0
CUST24509,Kavita Mohanty,1341.0,193.52,1,1.0
CUST17031,Priya Dutta,1299.2,112.79,1,2.0
CUST16062,Kavita Rao,1267.6999999999998,88.83,1,1.0
CUST26298,Anjali Pradhan,1266.3,202.18,1,3.0
CUST16438,Priya Jain,1253.6999999999998,273.69,1,1.0
CUST18469,Rahul Mishra,1239.0,214.85,1,3.0
CUST13552,Vivek Singh,1230.75,115.5,1,3.0
CUST12028,Pooja Sahu,1200.0,79.37,1,2.0
CUST25103,Arjun Rao,1189.0,253.26,1,1.0
CUST23711,Swati Sharma,1183.5,73.26,1,1.0
CUST26988,Vikas Behera,1180.8,290.91,1,2.0
CUST27730,Arjun Dutta,1171.8,212.64,1,2.0
CUST26334,Swati Das,1159.0,86.58,1,1.0
CUST24577,Rahul Mohanty,1155.0,263.09,1,2.0
CUST19945,Anjali Mehta,1136.0,128.29,1,1.0
CUST13827,Swati Singh,1135.8,85.27,1,2.0
CUST24115,Priya Yadav,1111.5,174.73,1,2.0
CUST23761,Abhishek Panda,1075.8999999999999,256.11,1,1.0
CUST19631,Nisha Behera,1070.4,261.65,1,2.0
CUST21046,Manish Panda,1049.75,161.3,1,1.0
CUST12646,Nisha Reddy,1045.1,230.19,1,1.0
CUST27362,Manish Singh,1043.2,138.5,1,1.0
CUST21598,Shreya Mohanty,1027.5,87.46,1,1.0
CUST12842,Pooja Kumar,1020.5999999999999,188.23,1,2.0
CUST12819,Pooja Kumar,989.8,181.22,1,2.0
CUST13610,Vivek Panda,964.8000000000001,66.39,1,1.0
CUST11488,Rahul Nayak,932.4,180.08,1,2.0
CUST11473,Deepak Sharma,928.1999999999999,203.33,1,2.0
CUST12870,Kavita Verma,865.1999999999999,73.79,1,2.0
CUST14840,Pooja Singh,852.0,73.4,1,1.0
CUST27086,Rahul Sahu,816.0,87.83,1,1.0
CUST28785,Riya Jain,808.4499999999999,70.13,1,1.0
CUST28023,Swati Mishra,775.8000000000001,57.66,1,1.0
CUST17957,Riya Dutta,753.1999999999999,167.54,1,1.0
CUST11249,Pooja Behera,751.8,169.82,1,2.0
CUST16719,Nisha Mohanty,712.8000000000001,109.25,1,1.0
CUST10883,Sneha Verma,704.65,87.33,1,1.0
CUST22480,Raj Mohanty,667.8,107.92,1,1.0
CUST13483,Rahul Nayak,663.2,122.98,1,1.0
CUST26238,Rohit Verma,636.3,96.52,1,1.0
CUST26244,Vikas Mishra,624.0,66.24,1,1.0
CUST16339,Shreya Das,594.4,118.69,1,1.0
CUST23989,Priya Mehta,498.6,99.19,1,1.0
CUST19468,Unknown,483.65,55.44,1,1.0
CUST19664,Arjun Mohanty,452.0,68.9,1,1.0
CUST21490,Sneha Sharma,426.75,35.27,1,1.0
CUST11519,Priya Singh,426.0,73.86,1,1.0
CUST22700,Suresh Mishra,400.8,86.77,1,1.0
